objectid,park,park_no,bldg_id,bldg_name,category,bldg_type,field_house_class,status,year_built,stories,building_sqft,owner,address,ward,community,lat,lon,provenance,source
1,GRANT (ULYSSES),24,0024-19,Buckingham North Comfort Station,other,COMFORT STATION,,ACTIVE,,1,,CPD,300 S Columbus,42,LOOP,41.876782,-87.619283,sourced,"socrata_vcti-mbcd@2026-09-14, socrata_igwz-8jzy@2026-09-09"
2,GRANT (ULYSSES),24,0024-20,Fountain Cafe,other,CONCESSION,,ACTIVE,,1,,CPD,301 S Columbus Dr,42,LOOP,41.876792,-87.618668,sourced,"socrata_vcti-mbcd@2026-09-14, socrata_igwz-8jzy@2026-09-09"
3,GRANT (ULYSSES),24,0024-21,Buckingham South Comfort Station,other,COMFORT STATION,,ACTIVE,,1,,CPD,300 S Columbus,42,LOOP,41.874828,-87.619241,sourced,"socrata_vcti-mbcd@2026-09-14, socrata_igwz-8jzy@2026-09-09"
4,GRANT (ULYSSES),24,0024-22,Buckingham South Concession,other,CONCESSION,,ACTIVE,,1,,CPD,300 S Columbus,42,LOOP,41.874817,-87.618617,sourced,"socrata_vcti-mbcd@2026-09-14, socrata_igwz-8jzy@2026-09-09"
5,GRANT (ULYSSES),24,0024-23,Queen's Landing Concession,other,CONCESSION,,ACTIVE,,1,,CPD,300 S Lake Shore Dr,42,LOOP,41.875432,-87.616403,sourced,"socrata_vcti-mbcd@2026-09-14, socrata_igwz-8jzy@2026-09-09"
6,WASHINGTON (HAROLD),494,0494-01,Comfort Station,other,COMFORT STATION,,ACTIVE,,1,,CPD,,5,HYDE PARK,41.801005,-87.583448,sourced,"socrata_vcti-mbcd@2026-09-14, socrata_igwz-8jzy@2026-09-09"
7,LINCOLN (ABRAHAM),100,0100-82,Fullerton Comfort Station,other,COMFORT STATION,,ACTIVE,,1,,CPD,,43,LINCOLN PARK,41.927473,-87.631213,sourced,"socrata_vcti-mbcd@2026-09-14, socrata_igwz-8jzy@2026-09-09"
8,GRANT (ULYSSES),24,0024-16,Museum Campus Concession & Comfort Station,other,CONCESSION,,ACTIVE,,1,,CPD,Between Field Museum & Shedd Aquarium,4,NEAR SOUTH SIDE,41.866484,-87.614657,sourced,"socrata_vcti-mbcd@2026-09-14, socrata_igwz-8jzy@2026-09-09"
9,BURNHAM (DANIEL),27,0027-03,43rd Street Pedestrian Bridge,other,OTHER,,ACTIVE,,,,OTHER,,4,OAKLAND,41.817158,-87.595716,sourced,"socrata_vcti-mbcd@2026-09-14, socrata_igwz-8jzy@2026-09-09"
10,BURNHAM (DANIEL),27,0027-11,49th Street Comfort Station,other,COMFORT STATION,,ACTIVE,,1,,CPD,,5,KENWOOD,41.806643,-87.585011,sourced,"socrata_vcti-mbcd@2026-09-14, socrata_igwz-8jzy@2026-09-09"
11,EDISON (THOMAS ALVA),62,0062-01,Edison Park Fieldhouse,field_house,FIELDHOUSE C,C,ACTIVE,1907,2,8955,CPD,6755 N NORTHWEST HWY,41,EDISON PARK,42.004063,-87.817614,sourced,"socrata_vcti-mbcd@2026-09-14, socrata_igwz-8jzy@2026-09-09"
12,GLADSTONE (WILLIAM),93,0093-01,Gladstone Park Fieldhouse,field_house,FIELDHOUSE C,C,ACTIVE,1930,1,3220,CPD,5421 N MENARD AVE,45,JEFFERSON PARK,41.979295,-87.772933,sourced,"socrata_vcti-mbcd@2026-09-14, socrata_igwz-8jzy@2026-09-09"
13,LA FOLLETTE (ROBERT),201,0201-02,La Follette Park Fieldhouse,field_house,FIELDHOUSE A1,A1,ACTIVE,1929,2,64955,CPD,1333 N LARAMIE AVE,37,AUSTIN,41.905009,-87.755058,sourced,"socrata_vcti-mbcd@2026-09-14, socrata_igwz-8jzy@2026-09-09"
14,COLUMBUS (CHRISTOPHER),209,0209-01,Columbus Park Refectory,other,HISTORIC,,ACTIVE,1922,2,21325,CPD,5701 W JACKSON BLVD,29,AUSTIN,41.876506,-87.768526,sourced,"socrata_vcti-mbcd@2026-09-14, socrata_igwz-8jzy@2026-09-09"
15,HORNER (HENRY),228,0228-02,Horner Park Fieldhouse,field_house,FIELDHOUSE A1,A1,ACTIVE,1956,2,41426,CPD,2741 W MONTROSE AVE,33,IRVING PARK,41.960588,-87.697682,sourced,"socrata_vcti-mbcd@2026-09-14, socrata_igwz-8jzy@2026-09-09"
16,PASTEUR (LOUIS),247,0247-01,Pasteur Park Fieldhouse,field_house,FIELDHOUSE D,D,ACTIVE,1956,1,,CPD,5825 S KOSTNER AVE,13,WEST ELSDON,41.787853,-87.731692,sourced,"socrata_vcti-mbcd@2026-09-14, socrata_igwz-8jzy@2026-09-09"
17,BEVERLY,254,0254-01,Beverly Park Fieldhouse,field_house,FIELDHOUSE D,D,ACTIVE,,1,870,CPD,2460 W 102ND,19,BEVERLY,41.708222,-87.683669,sourced,"socrata_vcti-mbcd@2026-09-14, socrata_igwz-8jzy@2026-09-09"
18,COLE (NAT KING),270,0270-01,Cole Park Fieldhouse,field_house,FIELDHOUSE D,D,ACTIVE,1963,1,,CPD,8500 S DR MARTIN LUTHER KING JR DR,6,CHATHAM,41.739835,-87.615426,sourced,"socrata_vcti-mbcd@2026-09-14, socrata_igwz-8jzy@2026-09-09"
19,"KING (MARTIN LUTHER, JR.)",334,0334-01,King Family Entertainment Center,field_house,FIELDHOUSE AA,AA,ACTIVE,2005,1,35600,CPD,1219 W 76TH ST,17,AUBURN GRESHAM,41.755684,-87.654553,sourced,"socrata_vcti-mbcd@2026-09-14, socrata_igwz-8jzy@2026-09-09"
20,BRADLEY (JOSEPHINE),1004,1004-01,Bradley Park Fieldhouse,field_house,FIELDHOUSE D,D,ACTIVE,1958,1,,CPD,9727 S YATES AVE,10,SOUTH DEERING,41.718062,-87.564348,sourced,"socrata_vcti-mbcd@2026-09-14, socrata_igwz-8jzy@2026-09-09"
21,KENWOOD COMM.,1010,1010-01,Kenwood Park Fieldhouse,field_house,FIELDHOUSE D,D,ACTIVE,1950,1,,CPD,1330 E 50TH ST,4,KENWOOD,41.805632,-87.593321,sourced,"socrata_vcti-mbcd@2026-09-14, socrata_igwz-8jzy@2026-09-09"
22,BARRETT (JOHN),1022,1022-01,Barrett Park Fieldhouse,field_house,FIELDHOUSE D,D,ACTIVE,1907,1,,CPD,2008 W CERMAK RD,25,LOWER WEST SIDE,41.852436,-87.676314,sourced,"socrata_vcti-mbcd@2026-09-14, socrata_igwz-8jzy@2026-09-09"
23,GROSS (THEODORE),1031,1031-01,Gross Park Fieldhouse,field_house,FIELDHOUSE D,D,ACTIVE,1947,1,1805,CPD,2708 W LAWRENCE AVE,40,LINCOLN SQUARE,41.968693,-87.696668,sourced,"socrata_vcti-mbcd@2026-09-14, socrata_igwz-8jzy@2026-09-09"
24,KEDVALE,1039,1039-01,Kedvale Park Fieldhouse,field_house,FIELDHOUSE D,D,ACTIVE,1931,1,,CPD,4134 W HIRSCH ST,26,HUMBOLDT PARK,41.906383,-87.730433,sourced,"socrata_vcti-mbcd@2026-09-14, socrata_igwz-8jzy@2026-09-09"
25,MOORE (MAURICE),1050,1050-01,Moore Park Fieldhouse,field_house,FIELDHOUSE B,B,ACTIVE,1947,1,,CPD,5085 W ADAMS ST,28,AUSTIN,41.878067,-87.752741,sourced,"socrata_vcti-mbcd@2026-09-14, socrata_igwz-8jzy@2026-09-09"
26,MCKIERNAN (DAVID),1060,1060-01,McKiernan Park Fieldhouse,field_house,FIELDHOUSE D,D,ACTIVE,1953,1,1455,CPD,10714 S SAWYER AVE,19,MOUNT GREENWOOD,41.698361,-87.702477,sourced,"socrata_vcti-mbcd@2026-09-14, socrata_igwz-8jzy@2026-09-09"
28,WENTWORTH (JOHN),238,0238-03,Warming Hut,other,SHELTER,,ACTIVE,2013,1,,CPD,5626 S Mobile Ave,13,GARFIELD RIDGE,41.789696,-87.779941,sourced,"socrata_vcti-mbcd@2026-09-14, socrata_igwz-8jzy@2026-09-09"
29,HIAWATHA,229,0229-02,Comfort Station,other,COMFORT STATION,,ACTIVE,,1,,CPD,8000 W CORNELIA AVE,38,DUNNING,41.943297,-87.827023,sourced,"socrata_vcti-mbcd@2026-09-14, socrata_igwz-8jzy@2026-09-09"
30,METCALFE (RALPH),448,0448-01,Comfort Station,other,COMFORT STATION,,ACTIVE,,1,,CPD,4210 S STATE ST,3,GRAND BOULEVARD,41.817954,-87.626762,sourced,"socrata_vcti-mbcd@2026-09-14, socrata_igwz-8jzy@2026-09-09"
31,COTTON TAIL,480,0480-01,Shelter,other,SHELTER,,ACTIVE,,1,,CPD,,3,NEAR SOUTH SIDE,41.862095,-87.628976,sourced,"socrata_vcti-mbcd@2026-09-14, socrata_igwz-8jzy@2026-09-09"
32,FOSTER (J. FRANK),26,0026-04,Southwest Shelter,other,SHELTER,,ACTIVE,,1,,CPD,,21,AUBURN GRESHAM,41.741713,-87.661047,sourced,"socrata_vcti-mbcd@2026-09-14, socrata_igwz-8jzy@2026-09-09"
33,LOYOLA,115,0115-06,Farwell Avenue Breakwater Light,other,HARBOR BUILDING,,ACTIVE,,,,CITY,,49,,42.006876,-87.655225,sourced,"socrata_vcti-mbcd@2026-09-14, socrata_igwz-8jzy@2026-09-09"
34,LINCOLN (ABRAHAM),100,0100-88,Wilson Avenue Breakwater Light,other,HARBOR BUILDING,,ACTIVE,,,,CITY,,46,UPTOWN,41.96867,-87.630993,sourced,"socrata_vcti-mbcd@2026-09-14, socrata_igwz-8jzy@2026-09-09"
35,LINCOLN (ABRAHAM),100,0100-89,Montrose Beach Light,other,HARBOR BUILDING,,ACTIVE,,,,CITY,,46,UPTOWN,41.965439,-87.6375,sourced,"socrata_vcti-mbcd@2026-09-14, socrata_igwz-8jzy@2026-09-09"
36,LINCOLN (ABRAHAM),100,0100-90,Belmont Harbor Inner Light,other,HARBOR BUILDING,,ACTIVE,,,,CITY,,44,LAKE VIEW,41.943049,-87.635764,sourced,"socrata_vcti-mbcd@2026-09-14, socrata_igwz-8jzy@2026-09-09"
37,LINCOLN (ABRAHAM),100,0100-91,North Avenue Jetty Light,other,HARBOR BUILDING,,ACTIVE,,,,CITY,,43,LINCOLN PARK,41.914588,-87.620215,sourced,"socrata_vcti-mbcd@2026-09-14, socrata_igwz-8jzy@2026-09-09"
38,JACKSON (ANDREW),19,0019-15,South Shore Yacht Club,other,YACHT CLUB,,ACTIVE,,,,OTHER,,5,WOODLAWN,41.7794,-87.579021,sourced,"socrata_vcti-mbcd@2026-09-14, socrata_igwz-8jzy@2026-09-09"
39,JACKSON (ANDREW),19,0019-24,Service Yard,other,MAINTENANCE,,ACTIVE,,,,CPD,1625 E HAYES DR,5,WOODLAWN,41.780183,-87.585344,sourced,"socrata_vcti-mbcd@2026-09-14, socrata_igwz-8jzy@2026-09-09"
40,JACKSON (ANDREW),19,0019-27,MSI - Henry Crown Space Center & Omnimax Theater,museum,MUSEUM,,ACTIVE,,,,OTHER,,5,HYDE PARK,41.790365,-87.581165,sourced,"socrata_vcti-mbcd@2026-09-14, socrata_igwz-8jzy@2026-09-09"
41,GRANT (ULYSSES),24,0024-25,Monroe Concession,other,CONCESSION,,ACTIVE,,1,,CPD,LSD & Monroe,42,LOOP,41.880768,-87.616937,sourced,"socrata_vcti-mbcd@2026-09-14, socrata_igwz-8jzy@2026-09-09"
42,BURNHAM (DANIEL),27,0027-14,,other,UNIDENTIFIED,,ACTIVE,,1,,CPD,South End of Burnham Harbor Parking Lot,4,NEAR SOUTH SIDE,41.858855,-87.612461,sourced,"socrata_vcti-mbcd@2026-09-14, socrata_igwz-8jzy@2026-09-09"
43,ADDAMS (JANE) MEML.,1224,1224-01,Shelter,other,SHELTER,,ACTIVE,,1,,CPD,,42,NEAR NORTH SIDE,41.892306,-87.612914,sourced,"socrata_vcti-mbcd@2026-09-14, socrata_igwz-8jzy@2026-09-09"
44,LINCOLN (ABRAHAM),100,0100-92,,other,UNIDENTIFIED,,ACTIVE,,1,,CPD,SE of Castaways,43,LINCOLN PARK,41.913163,-87.623108,sourced,"socrata_vcti-mbcd@2026-09-14, socrata_igwz-8jzy@2026-09-09"
45,LINCOLN (ABRAHAM),100,0100-93,,other,CONCESSION,,ACTIVE,,1,,CPD,,43,LINCOLN PARK,41.915732,-87.627084,sourced,"socrata_vcti-mbcd@2026-09-14, socrata_igwz-8jzy@2026-09-09"
46,LINCOLN (ABRAHAM),100,0100-94,Diversey Harbor Building,other,HARBOR BUILDING,,ACTIVE,,1,,CPD,2500 N CANNON DR,43,LINCOLN PARK,41.928256,-87.634179,sourced,"socrata_vcti-mbcd@2026-09-14, socrata_igwz-8jzy@2026-09-09"
47,LINCOLN (ABRAHAM),100,0100-95,Diversey Harbor Comfort Station,other,COMFORT STATION,,ACTIVE,,1,,CPD,,43,LINCOLN PARK,41.929943,-87.635062,sourced,"socrata_vcti-mbcd@2026-09-14, socrata_igwz-8jzy@2026-09-09"
48,JACKSON (ANDREW),19,0019-11,Museum Court Comfort Station,other,COMFORT STATION,,ACTIVE,,1,,CPD,"Science Dr., W of LSD",5,HYDE PARK,41.789558,-87.580237,sourced,"socrata_vcti-mbcd@2026-09-14, socrata_igwz-8jzy@2026-09-09"
49,SEWARD (WILLIAM),108,0108-02,Clock Tower,other,OTHER,,ACTIVE,2000,,,CHA,,27,NEAR NORTH SIDE,41.903534,-87.639141,sourced,"socrata_vcti-mbcd@2026-09-14, socrata_igwz-8jzy@2026-09-09"
50,WASHINGTON (GEORGE),21,0021-15,Comfort Station,other,COMFORT STATION,,ACTIVE,,1,,CPD,NW of Ballfield #5,4,WASHINGTON PARK,41.799521,-87.612228,sourced,"socrata_vcti-mbcd@2026-09-14, socrata_igwz-8jzy@2026-09-09"
51,MANDRAKE (HENRY BROWN),504,0504-01,Comfort Station,other,COMFORT STATION,,ACTIVE,,1,,CPD,,4,GRAND BOULEVARD,41.823299,-87.60752,sourced,"socrata_vcti-mbcd@2026-09-14, socrata_igwz-8jzy@2026-09-09"
52,UNITY,293,0293-02,Shelter,other,SHELTER,,ACTIVE,,1,,CPD,,35,LOGAN SQUARE,41.930484,-87.712748,sourced,"socrata_vcti-mbcd@2026-09-14, socrata_igwz-8jzy@2026-09-09"
53,PARK NO. 538,538,0538-01,Baseball Stadium at Devon & Kedzie,stadium,STADIUM,,ACTIVE,,1,,OTHER,6404 N KEDZIE,50,,41.998148,-87.709597,sourced,"socrata_vcti-mbcd@2026-09-14, socrata_igwz-8jzy@2026-09-09"
54,LINCOLN (ABRAHAM),100,0100-83,Caffe Oliva,other,CONCESSION,,ACTIVE,,1,,CPD,Ohio Street Beach,42,NEAR NORTH SIDE,41.893132,-87.613602,sourced,"socrata_vcti-mbcd@2026-09-14, socrata_igwz-8jzy@2026-09-09"
55,LINCOLN (ABRAHAM),100,0100-84,Oak Street Beachstro,other,CONCESSION,,ACTIVE,,1,,CPD,1001 N Lake Shore Dr,2,NEAR NORTH SIDE,41.901761,-87.621911,sourced,"socrata_vcti-mbcd@2026-09-14, socrata_igwz-8jzy@2026-09-09"
56,WHITE (JESSE),560,560-01,Jesse White Community Center & Fieldhouse,field_house,FIELDHOUSE A2,A2,ACTIVE,2014,2,,CPD,410 W CHICAGO AVE,27,NEAR NORTH SIDE,41.897108,-87.639428,sourced,"socrata_vcti-mbcd@2026-09-14, socrata_igwz-8jzy@2026-09-09"
57,LINCOLN (ABRAHAM),100,0100-80,North Pond,other,CONCESSION,,ACTIVE,,1,,CPD,2610 N CANNON DR,43,LINCOLN PARK,41.929875,-87.63744,sourced,"socrata_vcti-mbcd@2026-09-14, socrata_igwz-8jzy@2026-09-09"
58,LINCOLN (ABRAHAM),100,0100-74,Osterman Beach House,field_house,FIELDHOUSE BH2,BH2,ACTIVE,2010,1,,CPD,5800 N LAKE SHORE DR,48,EDGEWATER,41.986153,-87.652857,sourced,"socrata_vcti-mbcd@2026-09-14, socrata_igwz-8jzy@2026-09-09"
59,LINCOLN (ABRAHAM),100,0100-35,"LP Zoo - Chimpanzees, Gorillas",other,ZOO BUILDING,,ACTIVE,2005,,,OTHER,2101 N LINCOLN PARK,43,LINCOLN PARK,41.92021,-87.631998,sourced,"socrata_vcti-mbcd@2026-09-14, socrata_igwz-8jzy@2026-09-09"
60,LINCOLN (ABRAHAM),100,0100-77,Webster Comfort Station,other,COMFORT STATION,,ACTIVE,,1,,CPD,,43,LINCOLN PARK,41.921426,-87.629457,sourced,"socrata_vcti-mbcd@2026-09-14, socrata_igwz-8jzy@2026-09-09"
61,LINCOLN (ABRAHAM),100,0100-78,Montrose Stone Comfort Station,other,COMFORT STATION,,ACTIVE,,1,,CPD,,46,UPTOWN,41.964598,-87.635295,sourced,"socrata_vcti-mbcd@2026-09-14, socrata_igwz-8jzy@2026-09-09"
62,LINCOLN (ABRAHAM),100,0100-79,Oak Street Comfort Station,other,COMFORT STATION,,ACTIVE,,1,,CPD,,2,NEAR NORTH SIDE,41.901917,-87.622032,sourced,"socrata_vcti-mbcd@2026-09-14, socrata_igwz-8jzy@2026-09-09"
63,JONES (MARY RICHARDSON),479,0479-01,Shelter,other,SHELTER,,ACTIVE,2000,,,CPD,,3,NEAR SOUTH SIDE,41.866359,-87.62904,sourced,"socrata_vcti-mbcd@2026-09-14, socrata_igwz-8jzy@2026-09-09"
64,LINCOLN (ABRAHAM),100,0100-41,LP Zoo - Main Barn,other,ZOO BUILDING,,ACTIVE,,,,OTHER,,43,LINCOLN PARK,41.917,-87.633685,sourced,"socrata_vcti-mbcd@2026-09-14, socrata_igwz-8jzy@2026-09-09"
65,LINCOLN (ABRAHAM),100,0100-50,LP Zoo - Zoo Gateway Pavilion,other,ZOO BUILDING,,ACTIVE,,,,OTHER,,43,LINCOLN PARK,41.922101,-87.632861,sourced,"socrata_vcti-mbcd@2026-09-14, socrata_igwz-8jzy@2026-09-09"
66,LINCOLN (ABRAHAM),100,0100-64,Montrose Beach House Concession,other,CONCESSION,,ACTIVE,,1,,CPD,,46,UPTOWN,41.964741,-87.635646,sourced,"socrata_vcti-mbcd@2026-09-14, socrata_igwz-8jzy@2026-09-09"
67,LINCOLN (ABRAHAM),100,0100-71,LP Zoo - Dairy Barn,other,ZOO BUILDING,,ACTIVE,,,,OTHER,,43,LINCOLN PARK,41.917736,-87.633631,sourced,"socrata_vcti-mbcd@2026-09-14, socrata_igwz-8jzy@2026-09-09"
68,KOSCIUSZKO (THADEUZ),120,0120-02,Kosciuszko Park Fieldhouse,field_house,FIELDHOUSE A3,A3,ACTIVE,1936,2,26947,CPD,2732 N AVERS AVE,31,LOGAN SQUARE,41.930952,-87.723839,sourced,"socrata_vcti-mbcd@2026-09-14, socrata_igwz-8jzy@2026-09-09"
69,BLACKHAWK,122,0122-01,Blackhawk Park Fieldhouse,field_house,FIELDHOUSE A2,A2,ACTIVE,1926,1,31475,CPD,2318 N LAVERGNE AVE,36,BELMONT CRAGIN,41.922899,-87.751873,sourced,"socrata_vcti-mbcd@2026-09-14, socrata_igwz-8jzy@2026-09-09"
70,LINCOLN (ABRAHAM),100,0100-85,Nature Boardwalk Peoples Gas Education Pavilion,other,SPECIAL,,ACTIVE,2010,1,,OTHER,,43,LINCOLN PARK,41.917843,-87.632367,sourced,"socrata_vcti-mbcd@2026-09-14, socrata_igwz-8jzy@2026-09-09"
71,LINCOLN (ABRAHAM),100,0100-86,Rustic Shelter,other,SHELTER,,ACTIVE,1883,1,,CPD,2622 N STOCKTON DR,43,LINCOLN PARK,41.929047,-87.638517,sourced,"socrata_vcti-mbcd@2026-09-14, socrata_igwz-8jzy@2026-09-09"
72,PARK NO. 517,517,0517-01,Pergola,other,SHELTER,,ACTIVE,,1,,CPD,,48,EDGEWATER,41.989776,-87.655749,sourced,"socrata_vcti-mbcd@2026-09-14, socrata_igwz-8jzy@2026-09-09"
73,COLUMBUS (CHRISTOPHER),209,0209-04,Club House,other,GOLF BUILDING,,ACTIVE,1963,1,,CPD,,29,AUSTIN,41.876306,-87.76933,sourced,"socrata_vcti-mbcd@2026-09-14, socrata_igwz-8jzy@2026-09-09"
74,COLUMBUS (CHRISTOPHER),209,0209-11,Athletic Building,other,HISTORIC,,ACTIVE,,1,,CPD,(west of fieldhouse),29,AUSTIN,41.873893,-87.766203,sourced,"socrata_vcti-mbcd@2026-09-14, socrata_igwz-8jzy@2026-09-09"
75,CONNORS (WILLIAM),1200,1200-01,Argo Tea Cafe,other,CONCESSION,,ACTIVE,2013,1,,CPD,871 N WABASH AVE,42,NEAR NORTH SIDE,41.898547,-87.62671,sourced,"socrata_vcti-mbcd@2026-09-14, socrata_igwz-8jzy@2026-09-09"
76,LINCOLN (ABRAHAM),100,0100-96,Gazebo,other,SHELTER,,ACTIVE,,,,CPD,Michigan & LSD,2,NEAR NORTH SIDE,41.901189,-87.623372,sourced,"socrata_vcti-mbcd@2026-09-14, socrata_igwz-8jzy@2026-09-09"
77,AUBURN,1203,1203-01,Comfort Station,other,COMFORT STATION,,,,1,,CPD,406 W WINNECONNA,17,GREATER GRAND CROSSING,41.752925,-87.634641,sourced,"socrata_vcti-mbcd@2026-09-14, socrata_igwz-8jzy@2026-09-09"
78,DOUGLASS (ANNA & FREDERICK),218,0218-08,West Pergola,other,SHELTER,,ACTIVE,,,,CPD,,24,NORTH LAWNDALE,41.855796,-87.699597,sourced,"socrata_vcti-mbcd@2026-09-14, socrata_igwz-8jzy@2026-09-09"
79,DOUGLASS (ANNA & FREDERICK),218,0218-09,East Pergola,other,SHELTER,,ACTIVE,,,,CPD,,12,NORTH LAWNDALE,41.855802,-87.698886,sourced,"socrata_vcti-mbcd@2026-09-14, socrata_igwz-8jzy@2026-09-09"
80,LINCOLN (ABRAHAM),100,0100-99,Concession,other,CONCESSION,,ACTIVE,,,,OTHER,600 W MONTROSE,46,UPTOWN,41.963833,-87.638162,sourced,"socrata_vcti-mbcd@2026-09-14, socrata_igwz-8jzy@2026-09-09"
81,PARK NO. 576,576,0576-01,,other,UTILITY STRUCTURE,,ACTIVE,,,,OTHER,,10,HEGEWISCH,41.648197,-87.567332,sourced,"socrata_vcti-mbcd@2026-09-14, socrata_igwz-8jzy@2026-09-09"
82,LINCOLN (ABRAHAM),100,0100-97,North Parking Lot Building,other,OTHER,,ACTIVE,,1,,OTHER,,43,LINCOLN PARK,41.914697,-87.632657,sourced,"socrata_vcti-mbcd@2026-09-14, socrata_igwz-8jzy@2026-09-09"
83,LINCOLN (ABRAHAM),100,0100-98,South Parking Lot Building,other,OTHER,,ACTIVE,,1,,OTHER,,43,LINCOLN PARK,41.913602,-87.632665,sourced,"socrata_vcti-mbcd@2026-09-14, socrata_igwz-8jzy@2026-09-09"
84,JACKSON (ANDREW),19,0019-32,CTA Turnaround Building,other,UTILITY STRUCTURE,,ACTIVE,,1,,CTA,67th & LSD,5,WOODLAWN,41.773695,-87.568037,sourced,"socrata_vcti-mbcd@2026-09-14, socrata_igwz-8jzy@2026-09-09"
85,LA VILLITA,553,0553-01,Comfort Station,other,COMFORT STATION,,ACTIVE,2014,1,,CPD,,12,SOUTH LAWNDALE,41.84077,-87.701796,sourced,"socrata_vcti-mbcd@2026-09-14, socrata_igwz-8jzy@2026-09-09"
86,LA VILLITA,553,0553-02,Concession,other,CONCESSION,,ACTIVE,2014,1,,CPD,,12,SOUTH LAWNDALE,41.840767,-87.701969,sourced,"socrata_vcti-mbcd@2026-09-14, socrata_igwz-8jzy@2026-09-09"
87,SOUTH LAKEVIEW,290,0290-01,Gazebo,other,SHELTER,,ACTIVE,2007,1,,CPD,,32,LAKE VIEW,41.933598,-87.661385,sourced,"socrata_vcti-mbcd@2026-09-14, socrata_igwz-8jzy@2026-09-09"
88,BURNHAM (DANIEL),27,0027-15,31st St Harbor Building,other,HARBOR BUILDING,,ACTIVE,2012,1,,CPD,3155 S LAKE SHORE DR,4,DOUGLAS,41.836808,-87.60617,sourced,"socrata_vcti-mbcd@2026-09-14, socrata_igwz-8jzy@2026-09-09"
89,ADDAMS (JANE) MEML.,1224,1224-02,Frutalia Italian Ice,other,CONCESSION,,ACTIVE,,1,,OTHER,,42,NEAR NORTH SIDE,41.89216,-87.611846,sourced,"socrata_vcti-mbcd@2026-09-14, socrata_igwz-8jzy@2026-09-09"
90,ABBOTT (ROBERT),259,0259-01,Bath House,pool,POOL BUILDING,,ACTIVE,1951,1,4400,CPD,49 E 95TH ST,9,ROSELAND,41.721164,-87.622114,sourced,"socrata_vcti-mbcd@2026-09-14, socrata_igwz-8jzy@2026-09-09"
91,ABBOTT (ROBERT),259,0259-02,Abbott Park Satellite Senior Center,field_house,FIELDHOUSE C,C,ACTIVE,2004,1,,CPD,,9,ROSELAND,41.721073,-87.621779,sourced,"socrata_vcti-mbcd@2026-09-14, socrata_igwz-8jzy@2026-09-09"
92,ABBOTT (ROBERT),259,0259-03,Abbott Park Fieldhouse,field_house,FIELDHOUSE C,C,ACTIVE,1950,1,,CPD,31 E 95TH ST,9,ROSELAND,41.721505,-87.62219,sourced,"socrata_vcti-mbcd@2026-09-14, socrata_igwz-8jzy@2026-09-09"
93,ADA (SAWYER GARRETT),45,0045-01,Ada Park Fieldhouse,field_house,FIELDHOUSE A2,A2,ACTIVE,1940,2,39548,CPD,11250 S ADA ST,34,MORGAN PARK,41.688196,-87.656046,sourced,"socrata_vcti-mbcd@2026-09-14, socrata_igwz-8jzy@2026-09-09"
94,ADAMS (GEORGE & ADELE),1019,1019-01,Pump Station,other,UTILITY STRUCTURE,,ACTIVE,,,,CPD,,43,LINCOLN PARK,41.917133,-87.654992,sourced,"socrata_vcti-mbcd@2026-09-14, socrata_igwz-8jzy@2026-09-09"
95,ADAMS (GEORGE & ADELE),1019,1019-02,Adams Park Fieldhouse,field_house,FIELDHOUSE C,C,ACTIVE,,1,1991,CPD,1910 N KENMORE AVE,43,LINCOLN PARK,41.916489,-87.655024,sourced,"socrata_vcti-mbcd@2026-09-14, socrata_igwz-8jzy@2026-09-09"
96,ALTGELD (JOHN),206,0206-01,Bath House,pool,POOL BUILDING,,ACTIVE,1919,1,1085,CPD,531 N WASHTENAW AVE,28,EAST GARFIELD PARK,41.87403,-87.693079,sourced,"socrata_vcti-mbcd@2026-09-14, socrata_igwz-8jzy@2026-09-09"
97,ALTGELD (JOHN),206,0206-02,,other,UTILITY STRUCTURE,,ACTIVE,,,,CPD,,28,EAST GARFIELD PARK,41.874733,-87.693115,sourced,"socrata_vcti-mbcd@2026-09-14, socrata_igwz-8jzy@2026-09-09"
98,ALTGELD (JOHN),206,0206-03,Filter Building,pool,POOL BUILDING,,ACTIVE,1995,,432,CPD,,28,EAST GARFIELD PARK,41.874129,-87.693534,sourced,"socrata_vcti-mbcd@2026-09-14, socrata_igwz-8jzy@2026-09-09"
99,ALTGELD (JOHN),206,0206-04,Altgeld Park Fieldhouse,field_house,FIELDHOUSE A3,A3,ACTIVE,1929,1,23660,CPD,515 S WASHTENAW AVE,28,EAST GARFIELD PARK,41.874385,-87.693297,sourced,"socrata_vcti-mbcd@2026-09-14, socrata_igwz-8jzy@2026-09-09"
100,AMUNDSEN (ROALD),129,0129-01,Storage Shed,other,UTILITY STRUCTURE,,ACTIVE,,,,CPD,,29,AUSTIN,41.913821,-87.779705,sourced,"socrata_vcti-mbcd@2026-09-14, socrata_igwz-8jzy@2026-09-09"
101,AMUNDSEN (ROALD),129,0129-02,Amundsen Park Fieldhouse,field_house,FIELDHOUSE A2,A2,ACTIVE,1969,1,30100,CPD,6200 W BLOOMINGDALE AVE,29,AUSTIN,41.913301,-87.780236,sourced,"socrata_vcti-mbcd@2026-09-14, socrata_igwz-8jzy@2026-09-09"
102,ANDERSON (LOUIS),1020,1020-01,Recreation Building,field_house,FIELDHOUSE B,B,ACTIVE,1982,1,4335,CPD,3734 S PRAIRIE AVE,3,DOUGLAS,41.826292,-87.620865,sourced,"socrata_vcti-mbcd@2026-09-14, socrata_igwz-8jzy@2026-09-09"
103,ARCHER (WILLIAM BEATTY),250,0250-01,Archer Park Fieldhouse,field_house,FIELDHOUSE A3,A3,ACTIVE,1971,1,23210,CPD,4901 S KILBOURN AVE,14,ARCHER HEIGHTS,41.803503,-87.735133,sourced,"socrata_vcti-mbcd@2026-09-14, socrata_igwz-8jzy@2026-09-09"
104,ARMOUR (PHILIP) SQUARE,3,0003-01,Armour Square Fieldhouse,field_house,FIELDHOUSE A2,A2,ACTIVE,1905,2,31622,CPD,3309 S SHIELDS AVE,11,ARMOUR SQUARE,41.834248,-87.63477,sourced,"socrata_vcti-mbcd@2026-09-14, socrata_igwz-8jzy@2026-09-09"
105,ARMSTRONG (LILLIAN HARDIN),492,0492-01,North Shelter,other,SHELTER,,ACTIVE,,1,,CPD,4401 S ST LAWRENCE AVE,3,GRAND BOULEVARD,41.814115,-87.609643,sourced,"socrata_vcti-mbcd@2026-09-14, socrata_igwz-8jzy@2026-09-09"
106,ARMSTRONG (LILLIAN HARDIN),492,0492-02,South Shelter,other,SHELTER,,ACTIVE,,1,,CPD,4419 S ST LAWRENCE AVE,3,GRAND BOULEVARD,41.813973,-87.609637,sourced,"socrata_vcti-mbcd@2026-09-14, socrata_igwz-8jzy@2026-09-09"
107,ATHLETIC FIELD,80,0080-01,Athletic Field Park Fieldhouse,field_house,FIELDHOUSE C,C,ACTIVE,1926,2,4276,CPD,3623 N CENTRAL PARK AVE,35,IRVING PARK,41.947253,-87.717253,sourced,"socrata_vcti-mbcd@2026-09-14, socrata_igwz-8jzy@2026-09-09"
108,ATHLETIC FIELD,80,0080-02,Ceramics Building,field_house,FIELDHOUSE C,C,ACTIVE,1926,1,3450,CPD,3546 W ADDISON ST,35,IRVING PARK,41.946727,-87.717007,sourced,"socrata_vcti-mbcd@2026-09-14, socrata_igwz-8jzy@2026-09-09"
109,ATHLETIC FIELD,80,0080-03,Shelter,other,SHELTER,,ACTIVE,,1,,CPD,,35,IRVING PARK,41.947008,-87.717017,sourced,"socrata_vcti-mbcd@2026-09-14, socrata_igwz-8jzy@2026-09-09"
110,AUGUSTA (CARPENTER),1021,1021-01,Augusta Park Fieldhouse,field_house,FIELDHOUSE D,D,ACTIVE,1947,1,890,CPD,4431 W AUGUSTA BLVD,37,HUMBOLDT PARK,41.898556,-87.737342,sourced,"socrata_vcti-mbcd@2026-09-14, socrata_igwz-8jzy@2026-09-09"
111,AUSTIN (HENRY),1204,1204-01,Bath House,pool,POOL BUILDING,,ACTIVE,,1,,CPD,5951 W LAKE ST,29,AUSTIN,41.887726,-87.774116,sourced,"socrata_vcti-mbcd@2026-09-14, socrata_igwz-8jzy@2026-09-09"
112,AUSTIN TOWN HALL,207,0207-01,Austin Library,other,LIBRARY,,ACTIVE,1929,1,,CITY,5609 W RACE AVE,29,AUSTIN,41.88904,-87.765815,sourced,"socrata_vcti-mbcd@2026-09-14, socrata_igwz-8jzy@2026-09-09"
113,AUSTIN TOWN HALL,207,0207-02,Austin Town Hall,field_house,FIELDHOUSE A1,A1,ACTIVE,1929,2,42455,CPD,5610 W LAKE ST,29,AUSTIN,41.888314,-87.7658,sourced,"socrata_vcti-mbcd@2026-09-14, socrata_igwz-8jzy@2026-09-09"
114,AVALON,29,0029-01,Bath House,pool,POOL BUILDING,,ACTIVE,1937,1,1105,CPD,,8,AVALON PARK,41.742824,-87.593878,sourced,"socrata_vcti-mbcd@2026-09-14, socrata_igwz-8jzy@2026-09-09"
115,AVALON,29,0029-02,Avalon Park Fieldhouse,field_house,FIELDHOUSE A3,A3,ACTIVE,1958,1,29200,CPD,1215 E 83RD ST,8,AVALON PARK,41.743645,-87.594158,sourced,"socrata_vcti-mbcd@2026-09-14, socrata_igwz-8jzy@2026-09-09"
116,AVALON,29,0029-03,Shelter,other,SHELTER,,ACTIVE,1936,1,,CPD,,8,AVALON PARK,41.742748,-87.594801,sourced,"socrata_vcti-mbcd@2026-09-14, socrata_igwz-8jzy@2026-09-09"
117,AVALON,29,0029-04,Filter Building,pool,POOL BUILDING,,ACTIVE,1997,1,,CPD,,8,AVALON PARK,41.742644,-87.594311,sourced,"socrata_vcti-mbcd@2026-09-14, socrata_igwz-8jzy@2026-09-09"
118,AVONDALE,81,0081-01,Avondale Park Fieldhouse,field_house,FIELDHOUSE A3,A3,ACTIVE,1930,2,29799,CPD,3516 W SCHOOL ST,35,AVONDALE,41.941255,-87.715262,sourced,"socrata_vcti-mbcd@2026-09-14, socrata_igwz-8jzy@2026-09-09"
119,BEEHIVE,328,0328-01,Shelter,other,SHELTER,,ACTIVE,,1,,CPD,6158 S DORCHESTER AVE,20,WOODLAWN,41.782503,-87.591573,sourced,"socrata_vcti-mbcd@2026-09-14, socrata_igwz-8jzy@2026-09-09"
120,"BELL (GEORGE,JR.)",121,0121-01,Bell Park Fieldhouse,field_house,FIELDHOUSE C,C,ACTIVE,1956,1,2460,CPD,3005 N NEWCASTLE AVE,36,MONTCLARE,41.935423,-87.796275,sourced,"socrata_vcti-mbcd@2026-09-14, socrata_igwz-8jzy@2026-09-09"
121,BERGER (ALBERT),1255,1255-01,North Lakeside Cultural Center,field_house,FIELDHOUSE C,C,ACTIVE,,2,13340,CPD,6205 N SHERIDAN RD,48,EDGEWATER,41.994871,-87.655142,sourced,"socrata_vcti-mbcd@2026-09-14, socrata_igwz-8jzy@2026-09-09"
122,BERGER (ALBERT),1255,1255-02,North Coach House,other,CONCESSION,,ACTIVE,,1,820,CPD,,48,EDGEWATER,41.995292,-87.654818,sourced,"socrata_vcti-mbcd@2026-09-14, socrata_igwz-8jzy@2026-09-09"
123,BERGER (ALBERT),1255,1255-03,South Coach House,other,HISTORIC,,ACTIVE,,1,1380,CPD,6205 N SHERIDAN RD,48,EDGEWATER,41.995049,-87.654821,sourced,"socrata_vcti-mbcd@2026-09-14, socrata_igwz-8jzy@2026-09-09"
124,BERGER (ALBERT),1255,1255-04,Cultural Center Annex,field_house,FIELDHOUSE C,C,ACTIVE,,3,9970,CPD,6219 N SHERIDAN RD,48,EDGEWATER,41.995244,-87.655134,sourced,"socrata_vcti-mbcd@2026-09-14, socrata_igwz-8jzy@2026-09-09"
125,BESSEMER (HENRY),12,0012-01,Bessemer Park Fieldhouse,field_house,FIELDHOUSE A3,A3,ACTIVE,1905,2,26272,CPD,8930 S MUSKEGON AVE,7,SOUTH CHICAGO,41.732911,-87.556476,sourced,"socrata_vcti-mbcd@2026-09-14, socrata_igwz-8jzy@2026-09-09"
126,BESSEMER (HENRY),12,0012-02,Boiler Building,other,MAINTENANCE,,ACTIVE,,,585,CPD,,7,SOUTH CHICAGO,41.733475,-87.556516,sourced,"socrata_vcti-mbcd@2026-09-14, socrata_igwz-8jzy@2026-09-09"
127,BOGAN (WILLIAM),264,0264-01,Bogan Park Fieldhouse,field_house,FIELDHOUSE D,D,ACTIVE,1961,1,,CPD,8101 S PULASKI RD,18,ASHBURN,41.745727,-87.72047,sourced,"socrata_vcti-mbcd@2026-09-14, socrata_igwz-8jzy@2026-09-09"
128,BOSLEY (WILLIAM),1024,1024-01,Bosley Park Fieldhouse,field_house,FIELDHOUSE D,D,ACTIVE,1908,1,,CPD,3044 S BONFIELD ST,11,BRIDGEPORT,41.839256,-87.653771,sourced,"socrata_vcti-mbcd@2026-09-14, socrata_igwz-8jzy@2026-09-09"
129,BRAINERD,177,0177-01,Brainerd Park Fieldhouse,field_house,FIELDHOUSE B,B,ACTIVE,1976,1,14657,CPD,1246 W 92ND ST,21,WASHINGTON HEIGHTS,41.72718,-87.654899,sourced,"socrata_vcti-mbcd@2026-09-14, socrata_igwz-8jzy@2026-09-09"
130,BRANDS,187,0187-01,Brands Park Fieldhouse,field_house,FIELDHOUSE A4,A4,ACTIVE,1974,1,18735,CPD,3285 N ELSTON AVE,33,AVONDALE,41.941368,-87.700409,sourced,"socrata_vcti-mbcd@2026-09-14, socrata_igwz-8jzy@2026-09-09"
131,BROADWAY ARMORY,462,0462-01,Broadway Armory,field_house,FIELDHOUSE A1,A1,ACTIVE,1916,2,157000,CPD,5917 N BROADWAY,48,EDGEWATER,41.98923,-87.659637,sourced,"socrata_vcti-mbcd@2026-09-14, socrata_igwz-8jzy@2026-09-09"
132,BROOKS (OSCAR),61,0061-01,Brooks Park Fieldhouse,field_house,FIELDHOUSE A4,A4,ACTIVE,1979,2,15110,CPD,7100 N HARLEM AVE,41,EDISON PARK,42.009893,-87.807283,sourced,"socrata_vcti-mbcd@2026-09-14, socrata_igwz-8jzy@2026-09-09"
133,BURNHAM (DANIEL),27,0027-01,43rd Street Comfort Station,other,COMFORT STATION,,ACTIVE,,1,,CPD,,4,OAKLAND,41.817072,-87.594028,sourced,"socrata_vcti-mbcd@2026-09-14, socrata_igwz-8jzy@2026-09-09"
134,BURNHAM (DANIEL),27,0027-02,Promontory Point Refectory,other,HISTORIC,,ACTIVE,1933,2,8940,CPD,5491 S LAKE SHORE DR,5,HYDE PARK,41.796454,-87.576112,sourced,"socrata_vcti-mbcd@2026-09-14, socrata_igwz-8jzy@2026-09-09"
135,BURNHAM (DANIEL),27,0027-04,31st Street Beach House,field_house,FIELDHOUSE BH2,BH2,ACTIVE,2012,,,CPD,,4,DOUGLAS,41.838578,-87.606808,sourced,"socrata_vcti-mbcd@2026-09-14, socrata_igwz-8jzy@2026-09-09"
136,BURNHAM (DANIEL),27,0027-05,McCormick Place Lakeside Center,other,SPECIAL,,ACTIVE,1960,2,1675100,OTHER,2301 S LAKE SHORE DR,4,NEAR SOUTH SIDE,41.85334,-87.612361,sourced,"socrata_vcti-mbcd@2026-09-14, socrata_igwz-8jzy@2026-09-09"
137,BURNHAM (DANIEL),27,0027-06,Soldier Field,stadium,STADIUM,,ACTIVE,2005,,,CPD,425 E MCFETRIDGE DR,4,NEAR SOUTH SIDE,41.862242,-87.616695,sourced,"socrata_vcti-mbcd@2026-09-14, socrata_igwz-8jzy@2026-09-09"
138,BURNHAM (DANIEL),27,0027-07,SOUTH PARK BOARD,other,MAINTENANCE,,ACTIVE,,,,CPD,1000 E OAKWOOD BLVD,4,OAKLAND,41.825269,-87.601718,sourced,"socrata_vcti-mbcd@2026-09-14, socrata_igwz-8jzy@2026-09-09"
139,BURNHAM (DANIEL),27,0027-08,CPD Central Shop,other,MAINTENANCE,,ACTIVE,,,35700,CPD,1000 E OAKWOOD BLVD,4,OAKLAND,41.825827,-87.601819,sourced,"socrata_vcti-mbcd@2026-09-14, socrata_igwz-8jzy@2026-09-09"
140,BURNHAM (DANIEL),27,0027-13,Burnham Harbor Building,other,HARBOR BUILDING,,ACTIVE,,1,,CPD,,4,NEAR SOUTH SIDE,41.860562,-87.612504,sourced,"socrata_vcti-mbcd@2026-09-14, socrata_igwz-8jzy@2026-09-09"
141,BURNHAM (DANIEL),27,0027-09,31st Street Concession,other,CONCESSION,,ACTIVE,,1,,CPD,,4,DOUGLAS,41.83842,-87.606749,sourced,"socrata_vcti-mbcd@2026-09-14, socrata_igwz-8jzy@2026-09-09"
142,BURNHAM (DANIEL),27,0027-10,Soldier Field South Parking Lot,other,OTHER,,ACTIVE,2006,,,,,4,NEAR SOUTH SIDE,41.859349,-87.615635,sourced,"socrata_vcti-mbcd@2026-09-14, socrata_igwz-8jzy@2026-09-09"
143,BURNHAM (DANIEL),27,0027-12,41st Street Beach House,field_house,FIELDHOUSE BH2,BH2,ACTIVE,2010,1,,CPD,,4,OAKLAND,41.820713,-87.59616,sourced,"socrata_vcti-mbcd@2026-09-14, socrata_igwz-8jzy@2026-09-09"
144,CALIFORNIA,189,0189-01,Pool Building,pool,POOL BUILDING,,ACTIVE,1976,,,CPD,,33,IRVING PARK,41.952502,-87.696621,sourced,"socrata_vcti-mbcd@2026-09-14, socrata_igwz-8jzy@2026-09-09"
145,CALUMET,11,0011-01,,other,HARBOR BUILDING,,ACTIVE,,,,,,10,EAST SIDE,41.709562,-87.526603,sourced,"socrata_vcti-mbcd@2026-09-14, socrata_igwz-8jzy@2026-09-09"
146,CALUMET,11,0011-02,,other,HARBOR BUILDING,,ACTIVE,,,,,,10,EAST SIDE,41.709454,-87.526737,sourced,"socrata_vcti-mbcd@2026-09-14, socrata_igwz-8jzy@2026-09-09"
147,CALUMET,11,0011-03,,other,MAINTENANCE,,ACTIVE,,,,CPD,3730 E FOREMAN DR,10,EAST SIDE,41.722961,-87.53253,sourced,"socrata_vcti-mbcd@2026-09-14, socrata_igwz-8jzy@2026-09-09"
148,CALUMET,11,0011-04,Service Yard,other,MAINTENANCE,,ACTIVE,,,,CPD,3730 E FOREMAN DR,10,EAST SIDE,41.72296,-87.533312,sourced,"socrata_vcti-mbcd@2026-09-14, socrata_igwz-8jzy@2026-09-09"
149,CALUMET,11,0011-05,Calumet Beach House,field_house,FIELDHOUSE BH2,BH2,ACTIVE,1962,1,3110,CPD,9801 S AVENUE G,10,EAST SIDE,41.71341,-87.527923,sourced,"socrata_vcti-mbcd@2026-09-14, socrata_igwz-8jzy@2026-09-09"
150,CALUMET,11,0011-06,Power House,other,UTILITY STRUCTURE,,ACTIVE,1924,1,,CPD,,10,EAST SIDE,41.71834,-87.531448,sourced,"socrata_vcti-mbcd@2026-09-14, socrata_igwz-8jzy@2026-09-09"
151,CALUMET,11,0011-07,Calumet Patk Fieldhouse,field_house,FIELDHOUSE A1,A1,ACTIVE,,2,57888,CPD,9801 S AVENUE G,10,EAST SIDE,41.717844,-87.530578,sourced,"socrata_vcti-mbcd@2026-09-14, socrata_igwz-8jzy@2026-09-09"
152,CALUMET,11,0011-08,Calumet Park Comfort Station,other,COMFORT STATION,,ACTIVE,,1,,CPD,9801 S AVENUE G,10,EAST SIDE,41.720759,-87.526491,sourced,"socrata_vcti-mbcd@2026-09-14, socrata_igwz-8jzy@2026-09-09"
153,CARVER (GEORGE WASHINGTON),255,0255-01,Comfort Station,other,COMFORT STATION,,ACTIVE,,1,,CPD,,9,RIVERDALE,41.653526,-87.597642,sourced,"socrata_vcti-mbcd@2026-09-14, socrata_igwz-8jzy@2026-09-09"
154,CHASE (SALMON),103,0103-01,Filter Building,pool,POOL BUILDING,,ACTIVE,1997,,,CPD,,47,UPTOWN,41.968326,-87.66888,sourced,"socrata_vcti-mbcd@2026-09-14, socrata_igwz-8jzy@2026-09-09"
155,CHASE (SALMON),103,0103-02,Chase Park Fieldhouse,field_house,FIELDHOUSE A3,A3,ACTIVE,1977,1,21576,CPD,4725 N ASHLAND AVE,47,UPTOWN,41.967812,-87.668943,sourced,"socrata_vcti-mbcd@2026-09-14, socrata_igwz-8jzy@2026-09-09"
156,CHIPPEWA,167,0167-01,Chippewa Park Fieldhouse,field_house,FIELDHOUSE C,C,ACTIVE,1931,1,4300,CPD,6758 N SACRAMENTO AVE,50,WEST RIDGE,42.004458,-87.704937,sourced,"socrata_vcti-mbcd@2026-09-14, socrata_igwz-8jzy@2026-09-09"
157,CHOPIN (FREDERIC),146,0146-01,Chopin Park Fieldhouse,field_house,FIELDHOUSE C,C,ACTIVE,1928,2,11140,CPD,3420 N LONG AVE,38,PORTAGE PARK,41.943205,-87.762406,sourced,"socrata_vcti-mbcd@2026-09-14, socrata_igwz-8jzy@2026-09-09"
158,CLARENDON COMM. CTR.,1002,1002-01,Clarendon Community Center,field_house,FIELDHOUSE A2,A2,ACTIVE,1972,1,36532,CPD,4501 N CLARENDON AVE,46,UPTOWN,41.963707,-87.649315,sourced,"socrata_vcti-mbcd@2026-09-14, socrata_igwz-8jzy@2026-09-09"
159,CLARK (JOHN),1026,1026-01,Filter Building,pool,POOL BUILDING,,ACTIVE,,,,CITY WF,,28,AUSTIN,41.876127,-87.741481,sourced,"socrata_vcti-mbcd@2026-09-14, socrata_igwz-8jzy@2026-09-09"
160,CLARK (JOHN),1026,1026-02,Toilet Building,other,COMFORT STATION,,ACTIVE,,1,,CITY WF,,28,AUSTIN,41.876248,-87.742071,sourced,"socrata_vcti-mbcd@2026-09-14, socrata_igwz-8jzy@2026-09-09"
161,CLARK (JOHN),1026,1026-03,Clark Park Fieldhouse,field_house,FIELDHOUSE D,D,ACTIVE,1947,1,1805,CITY WF,4615 W JACKSON BLVD,28,AUSTIN,41.876733,-87.740967,sourced,"socrata_vcti-mbcd@2026-09-14, socrata_igwz-8jzy@2026-09-09"
162,COLUMBUS (CHRISTOPHER),209,0209-02,Austin Comfort Station,other,COMFORT STATION,,ACTIVE,,1,,CPD,,29,AUSTIN,41.872439,-87.774192,sourced,"socrata_vcti-mbcd@2026-09-14, socrata_igwz-8jzy@2026-09-09"
163,COLUMBUS (CHRISTOPHER),209,0209-03,,other,GOLF BUILDING,,ACTIVE,,1,,CPD,,29,AUSTIN,41.874085,-87.768408,sourced,"socrata_vcti-mbcd@2026-09-14, socrata_igwz-8jzy@2026-09-09"
164,COLUMBUS (CHRISTOPHER),209,0209-05,Jackson Comfort Station,other,COMFORT STATION,,ACTIVE,,1,,CTA,,29,AUSTIN,41.876192,-87.77385,sourced,"socrata_vcti-mbcd@2026-09-14, socrata_igwz-8jzy@2026-09-09"
165,COLUMBUS (CHRISTOPHER),209,0209-06,Starter Building,other,GOLF BUILDING,,ACTIVE,1962,1,,CPD,,29,AUSTIN,41.876417,-87.769578,sourced,"socrata_vcti-mbcd@2026-09-14, socrata_igwz-8jzy@2026-09-09"
166,COLUMBUS (CHRISTOPHER),209,0209-07,Shelter House,other,SHELTER,,ACTIVE,,1,,CPD,,29,AUSTIN,41.875623,-87.765025,sourced,"socrata_vcti-mbcd@2026-09-14, socrata_igwz-8jzy@2026-09-09"
167,COLUMBUS (CHRISTOPHER),209,0209-08,Arcade,other,OTHER,,ACTIVE,,1,,CPD,500 S CENTRAL AVE,29,AUSTIN,41.874038,-87.765759,sourced,"socrata_vcti-mbcd@2026-09-14, socrata_igwz-8jzy@2026-09-09"
168,COLUMBUS (CHRISTOPHER),209,0209-09,,other,COMFORT STATION,,ACTIVE,,,,CPD,,29,AUSTIN,41.874822,-87.769536,sourced,"socrata_vcti-mbcd@2026-09-14, socrata_igwz-8jzy@2026-09-09"
169,COLUMBUS (CHRISTOPHER),209,0209-10,Columbus Park Fieldhouse,field_house,FIELDHOUSE A3,A3,ACTIVE,1918,3,29898,CPD,500 S CENTRAL AVE,29,AUSTIN,41.874077,-87.76524,sourced,"socrata_vcti-mbcd@2026-09-14, socrata_igwz-8jzy@2026-09-09"
170,COMMERCIAL CLUB PGD. OF CHICAGO,1006,1006-01,Commercial Club Fieldhouse,field_house,FIELDHOUSE B,B,ACTIVE,1938,1,7810,CPD,1845 W RICE ST,1,WEST TOWN,41.896649,-87.674169,sourced,"socrata_vcti-mbcd@2026-09-14, socrata_igwz-8jzy@2026-09-09"
171,COOPER (JACK),287,0287-01,Cooper Park Fieldhouse,field_house,FIELDHOUSE D,D,ACTIVE,2006,1,,CPD,1332 W 117TH ST,34,WEST PULLMAN,41.681064,-87.655397,sourced,"socrata_vcti-mbcd@2026-09-14, socrata_igwz-8jzy@2026-09-09"
172,CORNELL (PAUL) SQUARE,5,0005-01,Cornell Square Fieldhouse,field_house,FIELDHOUSE A1,A1,ACTIVE,1905,1,42135,CPD,5000 S WOOD ST,20,NEW CITY,41.802582,-87.670117,sourced,"socrata_vcti-mbcd@2026-09-14, socrata_igwz-8jzy@2026-09-09"
173,CRAGIN,131,0131-01,Cragin Park Fieldhouse,field_house,FIELDHOUSE D,D,ACTIVE,1961,1,1395,CPD,2611 N LOCKWOOD AVE,31,BELMONT CRAGIN,41.928122,-87.758498,sourced,"socrata_vcti-mbcd@2026-09-14, socrata_igwz-8jzy@2026-09-09"
174,DAVIS (NATHAN) SQUARE,14,0014-01,Locker Building,pool,POOL BUILDING,,ACTIVE,1905,1,6270,CPD,4430 S MARSHFIELD AVE,15,NEW CITY,41.813157,-87.666503,sourced,"socrata_vcti-mbcd@2026-09-14, socrata_igwz-8jzy@2026-09-09"
175,DAVIS (NATHAN) SQUARE,14,0014-02,Filter House,pool,POOL BUILDING,,ACTIVE,1952,1,600,CPD,,15,NEW CITY,41.812931,-87.666885,sourced,"socrata_vcti-mbcd@2026-09-14, socrata_igwz-8jzy@2026-09-09"
176,DAVIS (NATHAN) SQUARE,14,0014-03,Davis Square Fieldhouse,field_house,FIELDHOUSE A3,A3,ACTIVE,1905,2,23500,CPD,1653 W 44TH ST,15,NEW CITY,41.813163,-87.667216,sourced,"socrata_vcti-mbcd@2026-09-14, socrata_igwz-8jzy@2026-09-09"
177,DAWES (CHARLES),239,0239-01,Dawes Park Fieldhouse,field_house,FIELDHOUSE D,D,ACTIVE,1961,1,1395,CPD,8040 S DAMEN AVE,18,AUBURN GRESHAM,41.746911,-87.674016,sourced,"socrata_vcti-mbcd@2026-09-14, socrata_igwz-8jzy@2026-09-09"
178,DONOVAN (GEORGE),1029,1029-01,Donovan Park Fieldhouse,field_house,FIELDHOUSE D,D,ACTIVE,1956,1,,CPD,3620 S LITUANICA AVE,11,BRIDGEPORT,41.828138,-87.647899,sourced,"socrata_vcti-mbcd@2026-09-14, socrata_igwz-8jzy@2026-09-09"
179,DOUGLASS (ANNA & FREDERICK),218,0218-01,Farrar & 18th Comfort Station,other,COMFORT STATION,,ACTIVE,,1,,CPD,1401 S SACRAMENTO AVE,12,NORTH LAWNDALE,41.857995,-87.696543,sourced,"socrata_vcti-mbcd@2026-09-14, socrata_igwz-8jzy@2026-09-09"
180,DOUGLASS (ANNA & FREDERICK),218,0218-02,Pergola,other,HISTORIC,,ACTIVE,,1,,CPD,1613 S SACRAMENTO DR,12,NORTH LAWNDALE,41.858889,-87.70071,sourced,"socrata_vcti-mbcd@2026-09-14, socrata_igwz-8jzy@2026-09-09"
181,DOUGLASS (ANNA & FREDERICK),218,0218-04,Landscape Service Building,other,MAINTENANCE,,ACTIVE,,,,CPD,,12,NORTH LAWNDALE,41.858627,-87.700126,sourced,"socrata_vcti-mbcd@2026-09-14, socrata_igwz-8jzy@2026-09-09"
182,DOUGLASS (ANNA & FREDERICK),218,0218-05,Douglass Park Fieldhouse,field_house,FIELDHOUSE A1,A1,ACTIVE,1927,2,,CPD,1401 S SACRAMENTO DR,24,NORTH LAWNDALE,41.862396,-87.699689,sourced,"socrata_vcti-mbcd@2026-09-14, socrata_igwz-8jzy@2026-09-09"
183,DOUGLASS (ANNA & FREDERICK),218,0218-06,,other,MAINTENANCE,,ACTIVE,,,,CPD,1401 S SACRAMENTO AVE,12,NORTH LAWNDALE,41.856273,-87.696591,sourced,"socrata_vcti-mbcd@2026-09-14, socrata_igwz-8jzy@2026-09-09"
184,DUNHAM (ROBERT),258,0258-01,Dunham Park Fieldhouse,field_house,FIELDHOUSE B,B,ACTIVE,1976,1,14338,CPD,4630 N MELVINA AVE,38,PORTAGE PARK,41.965909,-87.782522,sourced,"socrata_vcti-mbcd@2026-09-14, socrata_igwz-8jzy@2026-09-09"
185,DUNHAM (ROBERT),258,0258-02,Comfort Station,other,COMFORT STATION,,ACTIVE,,,,CPD,,38,PORTAGE PARK,41.96545,-87.783314,sourced,"socrata_vcti-mbcd@2026-09-14, socrata_igwz-8jzy@2026-09-09"
186,DVORAK (ANTON),216,0216-01,Dressing Facility,pool,POOL BUILDING,,ACTIVE,1941,1,1260,CPD,2039 S MAY ST,25,LOWER WEST SIDE,41.854093,-87.654353,sourced,"socrata_vcti-mbcd@2026-09-14, socrata_igwz-8jzy@2026-09-09"
187,DVORAK (ANTON),216,0216-02,Filter Building,pool,POOL BUILDING,,ACTIVE,1950,1,823,CPD,,25,LOWER WEST SIDE,41.853967,-87.653699,sourced,"socrata_vcti-mbcd@2026-09-14, socrata_igwz-8jzy@2026-09-09"
188,DVORAK (ANTON),216,0216-03,Dvorak Park Fieldhouse,field_house,FIELDHOUSE A3,A3,ACTIVE,1908,2,26815,CPD,1119 W CULLERTON ST,25,LOWER WEST SIDE,41.855026,-87.653937,sourced,"socrata_vcti-mbcd@2026-09-14, socrata_igwz-8jzy@2026-09-09"
189,ECKHART (BERNARD),208,0208-01,Ida Crown Natatorium,pool,POOL BUILDING,,ACTIVE,,1,,CPD,1360 W CHICAGO AVE,27,WEST TOWN,41.89657,-87.661974,sourced,"socrata_vcti-mbcd@2026-09-14, socrata_igwz-8jzy@2026-09-09"
190,ECKHART (BERNARD),208,0208-02,Eckhart Park Fieldhouse,field_house,FIELDHOUSE A1,A1,ACTIVE,1908,2,47557,CPD,1330 W CHICAGO AVE,27,WEST TOWN,41.896603,-87.661418,sourced,"socrata_vcti-mbcd@2026-09-14, socrata_igwz-8jzy@2026-09-09"
191,WHITE (WILLYE B.),1043,1043-01,Willye White Park Fieldhouse,field_house,FIELDHOUSE A4,A4,ACTIVE,2008,2,,CPD,7631 N ASHLAND AVE,49,ROGERS PARK,42.019623,-87.671505,sourced,"socrata_vcti-mbcd@2026-09-14, socrata_igwz-8jzy@2026-09-09"
192,CHICAGO WOMEN'S PARK AND GARDENS,550,0550-01,Clarke House Museum,museum,MUSEUM,,ACTIVE,1836,2,,CITY,1827 S INDIANA AVE,3,NEAR SOUTH SIDE,41.857067,-87.62188,sourced,"socrata_vcti-mbcd@2026-09-14, socrata_igwz-8jzy@2026-09-09"
193,EMMERSON (LOUIS),104,0104-01,Emmerson Park Fieldhouse,field_house,FIELDHOUSE D,D,ACTIVE,1931,1,1716,CPD,1820 W GRANVILLE,40,WEST RIDGE,41.994741,-87.67636,sourced,"socrata_vcti-mbcd@2026-09-14, socrata_igwz-8jzy@2026-09-09"
194,EUCLID,66,0066-01,Euclid Park Fieldhouse,field_house,FIELDHOUSE D,D,ACTIVE,1979,1,1515,CPD,9800 S PARNELL AVE,34,WASHINGTON HEIGHTS,41.716076,-87.637406,sourced,"socrata_vcti-mbcd@2026-09-14, socrata_igwz-8jzy@2026-09-09"
195,FERNWOOD,65,0065-01,Fernwood Park Fieldhouse,field_house,FIELDHOUSE A4,A4,ACTIVE,1987,1,17136,CPD,10436 S WALLACE ST,34,ROSELAND,41.704148,-87.638537,sourced,"socrata_vcti-mbcd@2026-09-14, socrata_igwz-8jzy@2026-09-09"
196,FERNWOOD,65,0065-02,Comfort Station,other,COMFORT STATION,,ACTIVE,,1,,CPD,,34,ROSELAND,41.704216,-87.640159,sourced,"socrata_vcti-mbcd@2026-09-14, socrata_igwz-8jzy@2026-09-09"
197,FIELD (EUGENE),41,0041-01,Field Park Fieldhouse,field_house,FIELDHOUSE A3,A3,ACTIVE,1928,2,25076,CPD,5100 N RIDGEWAY,39,ALBANY PARK,41.974021,-87.722429,sourced,"socrata_vcti-mbcd@2026-09-14, socrata_igwz-8jzy@2026-09-09"
198,FIELD (EUGENE),41,0041-02,Shelter,other,SHELTER,,ACTIVE,,1,,CPD,,39,ALBANY PARK,41.974809,-87.723885,sourced,"socrata_vcti-mbcd@2026-09-14, socrata_igwz-8jzy@2026-09-09"
199,FOSCO (PETER),1030,1030-01,Fosco Park Fieldhouse,field_house,FIELDHOUSE A1,A1,ACTIVE,2004,1,60500,CPD,1312 S RACINE AVE,25,NEAR WEST SIDE,41.86477,-87.657388,sourced,"socrata_vcti-mbcd@2026-09-14, socrata_igwz-8jzy@2026-09-09"
200,FOSTER (J. FRANK),26,0026-01,Foster Park Fieldhouse,field_house,FIELDHOUSE A1,A1,ACTIVE,1930,1,41454,CPD,1440 W 84TH ST,21,AUBURN GRESHAM,41.741753,-87.660123,sourced,"socrata_vcti-mbcd@2026-09-14, socrata_igwz-8jzy@2026-09-09"
201,FOSTER (J. FRANK),26,0026-02,Southeast Shelter,other,SHELTER,,ACTIVE,,1,,CPD,,21,AUBURN GRESHAM,41.741718,-87.66068,sourced,"socrata_vcti-mbcd@2026-09-14, socrata_igwz-8jzy@2026-09-09"
202,FOSTER (J. FRANK),26,0026-03,South Shelter,other,SHELTER,,ACTIVE,,1,,CPD,,21,AUBURN GRESHAM,41.741629,-87.660861,sourced,"socrata_vcti-mbcd@2026-09-14, socrata_igwz-8jzy@2026-09-09"
203,FOSTER (J. FRANK),26,0026-05,,other,UNIDENTIFIED,,ACTIVE,,,,,,21,AUBURN GRESHAM,41.742344,-87.660198,sourced,"socrata_vcti-mbcd@2026-09-14, socrata_igwz-8jzy@2026-09-09"
204,FOSTER (J. FRANK),26,0026-06,Northeast Shelter,other,SHELTER,,ACTIVE,,1,,CPD,,21,AUBURN GRESHAM,41.741951,-87.660637,sourced,"socrata_vcti-mbcd@2026-09-14, socrata_igwz-8jzy@2026-09-09"
205,CHICAGO WOMEN'S PARK AND GARDENS,550,0550-0,Chicago Women's Fieldhouse,field_house,FIELDHOUSE C,C,ACTIVE,,3,,CPD,1801 S INDIANA AVE,3,NEAR SOUTH SIDE,41.857705,-87.621971,sourced,"socrata_vcti-mbcd@2026-09-14, socrata_igwz-8jzy@2026-09-09"
206,FRANKLIN (BENJAMIN),202,0202-01,Pool Equipment Room,pool,POOL BUILDING,,ACTIVE,,1,,CPD,1409 S KOLIN AVE,24,NORTH LAWNDALE,41.861596,-87.733284,sourced,"socrata_vcti-mbcd@2026-09-14, socrata_igwz-8jzy@2026-09-09"
207,FRANKLIN (BENJAMIN),202,0202-02,Franklin Park Fieldhouse,field_house,FIELDHOUSE A4,A4,ACTIVE,1973,1,17430,CPD,1449 S KOLIN AVE,24,NORTH LAWNDALE,41.861205,-87.733048,sourced,"socrata_vcti-mbcd@2026-09-14, socrata_igwz-8jzy@2026-09-09"
208,FULLER (MELVILLE),4,0004-01,Fuller Park Fieldhouse,field_house,FIELDHOUSE A2,A2,ACTIVE,1910,2,38498,CPD,331 W 45TH ST,3,FULLER PARK,41.812212,-87.6346,sourced,"socrata_vcti-mbcd@2026-09-14, socrata_igwz-8jzy@2026-09-09"
209,FULLER (MELVILLE),4,0004-02,Fuller Park Bath House,pool,POOL BUILDING,,ACTIVE,1910,1,7520,CPD,4500 S PRINCETON AVE,3,FULLER PARK,41.811147,-87.635406,sourced,"socrata_vcti-mbcd@2026-09-14, socrata_igwz-8jzy@2026-09-09"
210,FULLER (MELVILLE),4,0004-03,Fuller Park Power House,other,UTILITY STRUCTURE,,ACTIVE,1910,1,4160,CPD,4500 S PRINCETON AVE,3,FULLER PARK,41.812461,-87.635598,sourced,"socrata_vcti-mbcd@2026-09-14, socrata_igwz-8jzy@2026-09-09"
211,GAGE (GEORGE),22,0022-01,Boiler House,other,UTILITY STRUCTURE,,ACTIVE,1928,,3500,CPD,,15,GAGE PARK,41.792423,-87.684944,sourced,"socrata_vcti-mbcd@2026-09-14, socrata_igwz-8jzy@2026-09-09"
212,GAGE (GEORGE),22,0022-02,Gage Park Fieldhouse,field_house,FIELDHOUSE A1,A1,ACTIVE,1928,1,58960,CPD,2411 W 55TH ST,15,GAGE PARK,41.793536,-87.684976,sourced,"socrata_vcti-mbcd@2026-09-14, socrata_igwz-8jzy@2026-09-09"
213,GAGE (GEORGE),22,0022-03,Locker Building,pool,POOL BUILDING,,ACTIVE,1921,,4500,CPD,,15,GAGE PARK,41.793157,-87.68497,sourced,"socrata_vcti-mbcd@2026-09-14, socrata_igwz-8jzy@2026-09-09"
214,GALEWOOD,130,0130-01,Lakewood Park Recreation Building,field_house,FIELDHOUSE D,D,ACTIVE,1956,1,1260,CPD,5737 W BLOOMINGDALE AVE,29,AUSTIN,41.912435,-87.768984,sourced,"socrata_vcti-mbcd@2026-09-14, socrata_igwz-8jzy@2026-09-09"
215,GALEWOOD,130,0130-02,South Shelter,other,SHELTER,,ACTIVE,,1,,CPD,,29,AUSTIN,41.912354,-87.768733,sourced,"socrata_vcti-mbcd@2026-09-14, socrata_igwz-8jzy@2026-09-09"
216,GALEWOOD,130,0130-03,North Shelter,other,SHELTER,,ACTIVE,,1,,CPD,5729 W BLOOMINGDALE AVE,29,AUSTIN,41.912505,-87.768737,sourced,"socrata_vcti-mbcd@2026-09-14, socrata_igwz-8jzy@2026-09-09"
217,GARFIELD (JAMES),204,0204-02,Garfield Market,other,OTHER,,ACTIVE,,1,,CPD,350 N CENTRAL PARK DR,28,EAST GARFIELD PARK,41.887926,-87.718348,sourced,"socrata_vcti-mbcd@2026-09-14, socrata_igwz-8jzy@2026-09-09"
218,GARFIELD (JAMES),204,0204-03,Garfield Trades Yard,other,MAINTENANCE,,ACTIVE,,,,CPD,3727 W KINZIE,28,EAST GARFIELD PARK,41.887686,-87.719407,sourced,"socrata_vcti-mbcd@2026-09-14, socrata_igwz-8jzy@2026-09-09"
219,GARFIELD (JAMES),204,0204-04,Garfield Park Bandstand,other,HISTORIC,,ACTIVE,1897,1,,CPD,3700 W MUSIC CT,28,EAST GARFIELD PARK,41.879547,-87.718675,sourced,"socrata_vcti-mbcd@2026-09-14, socrata_igwz-8jzy@2026-09-09"
220,GARFIELD (JAMES),204,0204-05,Golden Dome Fieldhouse,field_house,FIELDHOUSE A1,A1,ACTIVE,1928,2,,CPD,100 N CENTRAL PARK DR,28,EAST GARFIELD PARK,41.882739,-87.716097,sourced,"socrata_vcti-mbcd@2026-09-14, socrata_igwz-8jzy@2026-09-09"
221,GARFIELD (JAMES),204,0204-06,Hamlin Comfort Station,other,COMFORT STATION,,ACTIVE,,1,,CPD,100 N CENTRAL PARK DR,28,EAST GARFIELD PARK,41.878769,-87.720084,sourced,"socrata_vcti-mbcd@2026-09-14, socrata_igwz-8jzy@2026-09-09"
222,GARFIELD (JAMES),204,0204-08,Garfield Park Conservatory,other,CONSERVATORY,,ACTIVE,1908,1,106775,CPD,300 N CENTRAL PARK DR,28,EAST GARFIELD PARK,41.886497,-87.717763,sourced,"socrata_vcti-mbcd@2026-09-14, socrata_igwz-8jzy@2026-09-09"
223,GARFIELD (JAMES),204,0204-07,Schraeder Comfort Station,other,COMFORT STATION,,ACTIVE,,1,,CPD,100 N CENTRAL PARK DR,28,EAST GARFIELD PARK,41.88383,-87.714069,sourced,"socrata_vcti-mbcd@2026-09-14, socrata_igwz-8jzy@2026-09-09"
224,GARFIELD (JAMES),204,0204-09,Garfield Park Power House,other,MAINTENANCE,,ACTIVE,,1,,CPD,3727 W KINZIE,28,EAST GARFIELD PARK,41.8877,-87.720213,sourced,"socrata_vcti-mbcd@2026-09-14, socrata_igwz-8jzy@2026-09-09"
225,GATELY (JAMES),244,0244-02,West Bleachers,stadium,STADIUM,,ACTIVE,,,,CPD,810 E 103RD ST,8,PULLMAN,41.708571,-87.603171,sourced,"socrata_vcti-mbcd@2026-09-14, socrata_igwz-8jzy@2026-09-09"
226,GATELY (JAMES),244,0244-03,South Locker Building,stadium,STADIUM,,ACTIVE,,,,CPD,810 E 103RD ST,8,PULLMAN,41.708069,-87.603179,sourced,"socrata_vcti-mbcd@2026-09-14, socrata_igwz-8jzy@2026-09-09"
227,GATELY (JAMES),244,0244-04,East Bleachers,stadium,STADIUM,,ACTIVE,,,,CPD,810 E 103RD ST,8,PULLMAN,41.708544,-87.602111,sourced,"socrata_vcti-mbcd@2026-09-14, socrata_igwz-8jzy@2026-09-09"
228,GATELY (JAMES),244,0244-05,North Locker Building,stadium,STADIUM,,ACTIVE,,,,CPD,810 E 103RD ST,8,PULLMAN,41.708993,-87.603206,sourced,"socrata_vcti-mbcd@2026-09-14, socrata_igwz-8jzy@2026-09-09"
229,GILL (JOSEPH),364,0364-01,Gill Park Fieldhouse,field_house,FIELDHOUSE A1,A1,ACTIVE,1974,3,46120,CPD,825 W SHERIDAN RD,46,LAKE VIEW,41.952373,-87.650598,sourced,"socrata_vcti-mbcd@2026-09-14, socrata_igwz-8jzy@2026-09-09"
230,GOMPERS (SAMUEL),40,0040-01,Maintenance Building,other,MAINTENANCE,,ACTIVE,,,,CPD,,39,NORTH PARK,41.976024,-87.734486,sourced,"socrata_vcti-mbcd@2026-09-14, socrata_igwz-8jzy@2026-09-09"
231,GOMPERS (SAMUEL),40,0040-02,Gompers Park Fieldhouse,field_house,FIELDHOUSE A4,A4,ACTIVE,1932,2,15563,CPD,4222 W FOSTER AVE,39,NORTH PARK,41.975734,-87.734379,sourced,"socrata_vcti-mbcd@2026-09-14, socrata_igwz-8jzy@2026-09-09"
232,GOMPERS (SAMUEL),40,0040-03,Comfort Station,other,COMFORT STATION,,ACTIVE,,1,,CPD,,39,NORTH PARK,41.973749,-87.728637,sourced,"socrata_vcti-mbcd@2026-09-14, socrata_igwz-8jzy@2026-09-09"
233,GRAND CROSSING,15,0015-01,Grand Crossing Fieldhouse,field_house,FIELDHOUSE A1,A1,ACTIVE,1916,2,40283,CPD,7655 S INGLESIDE AVE,8,GREATER GRAND CROSSING,41.755661,-87.600465,sourced,"socrata_vcti-mbcd@2026-09-14, socrata_igwz-8jzy@2026-09-09"
234,GRAND CROSSING,15,0015-03,Service Yard,other,MAINTENANCE,,ACTIVE,,,,CPD,,8,GREATER GRAND CROSSING,41.756625,-87.600361,sourced,"socrata_vcti-mbcd@2026-09-14, socrata_igwz-8jzy@2026-09-09"
235,GRAND CROSSING,15,0015-04,Filter Room,pool,POOL BUILDING,,ACTIVE,,1,,CPD,,8,GREATER GRAND CROSSING,41.756155,-87.60048,sourced,"socrata_vcti-mbcd@2026-09-14, socrata_igwz-8jzy@2026-09-09"
236,GRANT (ULYSSES),24,0024-01,Chicago Yacht Club,other,YACHT CLUB,,ACTIVE,,,,OTHER,400 E MONROE,42,LOOP,41.881122,-87.616079,sourced,"socrata_vcti-mbcd@2026-09-14, socrata_igwz-8jzy@2026-09-09"
237,GRANT (ULYSSES),24,0024-02,John G. Shedd Aquarium,museum,MUSEUM,,ACTIVE,1930,1,149200,OTHER,1200 S LAKE SHORE DR,4,NEAR SOUTH SIDE,41.867692,-87.613649,sourced,"socrata_vcti-mbcd@2026-09-14, socrata_igwz-8jzy@2026-09-09"
238,GRANT (ULYSSES),24,0024-03,Field Museum of Natural History,museum,MUSEUM,,ACTIVE,1921,1,,OTHER,1400 S LAKE SHORE DR,4,NEAR SOUTH SIDE,41.86624,-87.617031,sourced,"socrata_vcti-mbcd@2026-09-14, socrata_igwz-8jzy@2026-09-09"
239,GRANT (ULYSSES),24,0024-04,Art Institute of Chicago,museum,MUSEUM,,ACTIVE,1893,2,562000,OTHER,201 S MICHIGAN AVE,42,LOOP,41.879591,-87.623843,sourced,"socrata_vcti-mbcd@2026-09-14, socrata_igwz-8jzy@2026-09-09"
240,GRANT (ULYSSES),24,0024-05,Petrillo Band Shell,other,BAND SHELL,,ACTIVE,,,,CPD,251 S COLUMBUS DR,42,LOOP,41.878874,-87.620074,sourced,"socrata_vcti-mbcd@2026-09-14, socrata_igwz-8jzy@2026-09-09"
241,GRANT (ULYSSES),24,0024-06,9th Street Landscape Yard (Office),other,MAINTENANCE,,ACTIVE,,,,CPD,900 S COLUMBUS DR,4,LOOP,41.870243,-87.620903,sourced,"socrata_vcti-mbcd@2026-09-14, socrata_igwz-8jzy@2026-09-09"
242,GRANT (ULYSSES),24,0024-07,11th Street Comfort Station,other,COMFORT STATION,,ACTIVE,,1,,CPD,"1100 South, East of Columbus",4,LOOP,41.869034,-87.620066,sourced,"socrata_vcti-mbcd@2026-09-14, socrata_igwz-8jzy@2026-09-09"
243,GRANT (ULYSSES),24,0024-08,9th Strret Landscape Yard (Garage),other,MAINTENANCE,,ACTIVE,,,,CPD,900 S COLUMBUS DR,4,LOOP,41.870324,-87.62138,sourced,"socrata_vcti-mbcd@2026-09-14, socrata_igwz-8jzy@2026-09-09"
244,GRANT (ULYSSES),24,0024-09,Petrillo Band Shell Utility Building,other,UTILITY STRUCTURE,,ACTIVE,,,,CPD,,42,LOOP,41.879239,-87.619556,sourced,"socrata_vcti-mbcd@2026-09-14, socrata_igwz-8jzy@2026-09-09"
245,GRANT (ULYSSES),24,0024-10,Monroe Harbor Building,other,HARBOR BUILDING,,ACTIVE,,,2900,CPD,,42,LOOP,41.880691,-87.616282,sourced,"socrata_vcti-mbcd@2026-09-14, socrata_igwz-8jzy@2026-09-09"
246,GRANT (ULYSSES),24,0024-11,Randolph Street Comfort Station,other,COMFORT STATION,,ACTIVE,,1,,CPD,Randolph east of LSD,42,LOOP,41.884227,-87.613275,sourced,"socrata_vcti-mbcd@2026-09-14, socrata_igwz-8jzy@2026-09-09"
247,GRANT (ULYSSES),24,0024-12,Balbo Comfort Station,other,COMFORT STATION,,ACTIVE,,1,,CPD,SW Corner of Balbo & LSD,4,LOOP,41.872983,-87.62141,sourced,"socrata_vcti-mbcd@2026-09-14, socrata_igwz-8jzy@2026-09-09"
248,GRANT (ULYSSES),24,0024-13,Art Institute Modern Wing,museum,MUSEUM,,ACTIVE,2009,3,264000,OTHER,159 E Monroe St,42,LOOP,41.880442,-87.621629,sourced,"socrata_vcti-mbcd@2026-09-14, socrata_igwz-8jzy@2026-09-09"
249,GRANT (ULYSSES),24,0024-14,DuSable Harbor Concession,other,CONCESSION,,ACTIVE,,1,,CPD,"(on Harbor Service Dr., East of Lake Shore Dr.)",42,LOOP,41.886292,-87.61296,sourced,"socrata_vcti-mbcd@2026-09-14, socrata_igwz-8jzy@2026-09-09"
250,GRANT (ULYSSES),24,0024-15,Randolph Street Concession,other,CONCESSION,,ACTIVE,,1,,CPD,(on Randolph East of Lake Shore Dr),42,LOOP,41.884305,-87.613127,sourced,"socrata_vcti-mbcd@2026-09-14, socrata_igwz-8jzy@2026-09-09"
251,GRANT (ULYSSES),24,0024-17,Monroe Comfort Station,other,COMFORT STATION,,ACTIVE,,1,,CPD,(on Monroe East of Lake Shore Dr),42,LOOP,41.880602,-87.61635,sourced,"socrata_vcti-mbcd@2026-09-14, socrata_igwz-8jzy@2026-09-09"
252,GRAVER (PHILIP),179,0179-01,Graver Park Fieldhouse,field_house,FIELDHOUSE C,C,ACTIVE,1929,1,11173,CPD,1500 W 102ND PL,19,BEVERLY,41.707431,-87.660907,sourced,"socrata_vcti-mbcd@2026-09-14, socrata_igwz-8jzy@2026-09-09"
253,GREEN BRIAR,188,0188-01,Green Briar Park Fieldhouse,field_house,FIELDHOUSE A3,A3,ACTIVE,1928,2,20928,CPD,2650 W PETERSON AVE,40,WEST RIDGE,41.990815,-87.696366,sourced,"socrata_vcti-mbcd@2026-09-14, socrata_igwz-8jzy@2026-09-09"
254,HAAS (JOSEPH),1032,1032-01,Haas Park Fieldhouse,field_house,FIELDHOUSE B,B,ACTIVE,2011,1,10250,CPD,2402 N WASHTENAW AVE,1,LOGAN SQUARE,41.925177,-87.69517,sourced,"socrata_vcti-mbcd@2026-09-14, socrata_igwz-8jzy@2026-09-09"
255,HALE (NATHAN),234,0234-01,Hale Park Fieldhouse,field_house,FIELDHOUSE A4,A4,ACTIVE,,1,16000,CPD,6140 S MELVINA AVE,13,CLEARING,41.779926,-87.778506,sourced,"socrata_vcti-mbcd@2026-09-14, socrata_igwz-8jzy@2026-09-09"
256,HALE (NATHAN),234,0234-02,Dressing Room,pool,POOL BUILDING,,ACTIVE,,1,,CPD,,13,CLEARING,41.780968,-87.77806,sourced,"socrata_vcti-mbcd@2026-09-14, socrata_igwz-8jzy@2026-09-09"
257,HALE (NATHAN),234,0234-03,North Filter Building,pool,POOL BUILDING,,ACTIVE,,1,,CPD,,13,CLEARING,41.780856,-87.77827,sourced,"socrata_vcti-mbcd@2026-09-14, socrata_igwz-8jzy@2026-09-09"
258,HALE (NATHAN),234,0234-04,South Filter Building,pool,POOL BUILDING,,ACTIVE,,1,,CPD,,13,CLEARING,41.78063,-87.778272,sourced,"socrata_vcti-mbcd@2026-09-14, socrata_igwz-8jzy@2026-09-09"
259,HAMILTON (ALEXANDER),9,0009-01,Hamilton Park Bath House,pool,POOL BUILDING,,ACTIVE,1951,1,,CPD,,6,ENGLEWOOD,41.762152,-87.635861,sourced,"socrata_vcti-mbcd@2026-09-14, socrata_igwz-8jzy@2026-09-09"
260,HAMILTON (ALEXANDER),9,0009-02,Hamilton Park Fieldhouse,field_house,FIELDHOUSE A1,A1,ACTIVE,1904,2,54758,CPD,513 W 72ND ST,6,ENGLEWOOD,41.762763,-87.637662,sourced,"socrata_vcti-mbcd@2026-09-14, socrata_igwz-8jzy@2026-09-09"
261,HAMILTON (ALEXANDER),9,0009-03,,other,UTILITY STRUCTURE,,ACTIVE,,,,CPD,513 W 72ND ST,6,ENGLEWOOD,41.763044,-87.639014,sourced,"socrata_vcti-mbcd@2026-09-14, socrata_igwz-8jzy@2026-09-09"
262,HAMILTON (ALEXANDER),9,0009-04,Filter Building,pool,POOL BUILDING,,ACTIVE,1996,1,210,CPD,,6,ENGLEWOOD,41.761903,-87.636115,sourced,"socrata_vcti-mbcd@2026-09-14, socrata_igwz-8jzy@2026-09-09"
263,HAMILTON (ALEXANDER),9,0009-05,Service Yard,other,MAINTENANCE,,ACTIVE,,,,CPD,,6,ENGLEWOOD,41.760141,-87.638951,sourced,"socrata_vcti-mbcd@2026-09-14, socrata_igwz-8jzy@2026-09-09"
264,HAMLIN (HANNIBAL),106,0106-01,Hamlin Park Fieldhouse,field_house,FIELDHOUSE A1,A1,ACTIVE,1910,2,49024,CPD,3035 N HOYNE AVE,32,NORTH CENTER,41.937189,-87.680063,sourced,"socrata_vcti-mbcd@2026-09-14, socrata_igwz-8jzy@2026-09-09"
265,HAMLIN (HANNIBAL),106,0106-02,Locker Building,pool,POOL BUILDING,,ACTIVE,1911,1,,CPD,,32,NORTH CENTER,41.937239,-87.680553,sourced,"socrata_vcti-mbcd@2026-09-14, socrata_igwz-8jzy@2026-09-09"
266,HARRIS (HARRIET),524,0524-01,Harris Park Fieldhouse,field_house,FIELDHOUSE A1,A1,ACTIVE,1969,2,75000,CPD,6200 S DREXEL AVE,20,WOODLAWN,41.781721,-87.604873,sourced,"socrata_vcti-mbcd@2026-09-14, socrata_igwz-8jzy@2026-09-09"
267,HARRISON (CARTER),213,0213-01,Harrison Park Fieldhouse,field_house,FIELDHOUSE A3,A3,ACTIVE,1928,2,,CPD,1824 S WOOD ST,25,LOWER WEST SIDE,41.856811,-87.671733,sourced,"socrata_vcti-mbcd@2026-09-14, socrata_igwz-8jzy@2026-09-09"
268,HARRISON (CARTER),213,0213-02,National Museum of Mexican Art,museum,MUSEUM,,ACTIVE,2005,1,,OTHER,1801 W 18TH ST,25,LOWER WEST SIDE,41.856174,-87.672992,sourced,"socrata_vcti-mbcd@2026-09-14, socrata_igwz-8jzy@2026-09-09"
269,HARRISON (CARTER),213,0213-04,Harrison Park Natatorium,pool,POOL BUILDING,,ACTIVE,,1,,CPD,,25,LOWER WEST SIDE,41.85682,-87.672229,sourced,"socrata_vcti-mbcd@2026-09-14, socrata_igwz-8jzy@2026-09-09"
270,HARSH (VIVIAN G.),324,0324-01,Shelter,other,SHELTER,,ACTIVE,,1,,CPD,,4,KENWOOD,41.814057,-87.595536,sourced,"socrata_vcti-mbcd@2026-09-14, socrata_igwz-8jzy@2026-09-09"
271,HAYES (FRANCIS),242,0242-01,Hayes Park Fieldhouse,field_house,FIELDHOUSE B,B,ACTIVE,1976,1,14756,CPD,2936 W 85TH ST,18,ASHBURN,41.738913,-87.696804,sourced,"socrata_vcti-mbcd@2026-09-14, socrata_igwz-8jzy@2026-09-09"
272,HAYES (FRANCIS),242,0242-02,Hayes Park Natatorium,pool,POOL BUILDING,,ACTIVE,2004,1,18800,CPD,3025 W 83RD ST,18,ASHBURN,41.739023,-87.697281,sourced,"socrata_vcti-mbcd@2026-09-14, socrata_igwz-8jzy@2026-09-09"
273,HERMITAGE,1008,1008-01,Hermitage Park Fieldhouse,field_house,FIELDHOUSE D,D,ACTIVE,1948,1,800,CPD,5839 S WOOD ST,15,WEST ENGLEWOOD,41.787215,-87.668468,sourced,"socrata_vcti-mbcd@2026-09-14, socrata_igwz-8jzy@2026-09-09"
274,HERMOSA,125,0125-01,Hermosa Park Fieldhouse,field_house,FIELDHOUSE C,C,ACTIVE,1926,1,7289,CPD,2240 N KILBOURN AVE,36,HERMOSA,41.922059,-87.739609,sourced,"socrata_vcti-mbcd@2026-09-14, socrata_igwz-8jzy@2026-09-09"
275,HIAWATHA,229,0229-01,Hiawatha Park Fieldhouse,field_house,FIELDHOUSE A3,A3,ACTIVE,1979,1,23618,CPD,8029 W FOREST PRESERVE AVE,38,DUNNING,41.943754,-87.827505,sourced,"socrata_vcti-mbcd@2026-09-14, socrata_igwz-8jzy@2026-09-09"
276,HOLLY,325,0325-01,Shelter,other,SHELTER,,ACTIVE,,1,,CPD,,4,OAKLAND,41.820459,-87.603495,sourced,"socrata_vcti-mbcd@2026-09-14, socrata_igwz-8jzy@2026-09-09"
277,HOLLYWOOD,75,0075-01,Hollywood Park Fieldhouse,field_house,FIELDHOUSE C,C,ACTIVE,1967,1,2640,CPD,3312 W THORNDALE AVE,39,NORTH PARK,41.989182,-87.711905,sourced,"socrata_vcti-mbcd@2026-09-14, socrata_igwz-8jzy@2026-09-09"
278,HOLSTEIN,203,0203-01,Holstein Park Fieldhouse,field_house,FIELDHOUSE A3,A3,ACTIVE,1912,2,25511,CPD,2200 N OAKLEY AVE,32,LOGAN SQUARE,41.921717,-87.685095,sourced,"socrata_vcti-mbcd@2026-09-14, socrata_igwz-8jzy@2026-09-09"
279,HORNER (HENRY),228,0228-01,Comfort Station,other,COMFORT STATION,,ACTIVE,,1,,CPD,4201 N CALIFORNIA AVE,33,IRVING PARK,41.957918,-87.697779,sourced,"socrata_vcti-mbcd@2026-09-14, socrata_igwz-8jzy@2026-09-09"
280,HOYNE (THOMAS),1036,1036-01,Hoyne Park Fieldhouse,field_house,FIELDHOUSE D,D,ACTIVE,1949,1,,CPD,3417 S HAMILTON AVE,12,MCKINLEY PARK,41.831635,-87.678803,sourced,"socrata_vcti-mbcd@2026-09-14, socrata_igwz-8jzy@2026-09-09"
281,HUMBOLDT (ALEXANDER VON),219,0219-01,Bath House,pool,POOL BUILDING,,ACTIVE,1914,1,5328,CPD,3041 W AUGUSTA BLVD,26,HUMBOLDT PARK,41.899002,-87.703682,sourced,"socrata_vcti-mbcd@2026-09-14, socrata_igwz-8jzy@2026-09-09"
282,HUMBOLDT (ALEXANDER VON),219,0219-02,LeMoyne Comfort Station,other,COMFORT STATION,,ACTIVE,,1,,CPD,,26,WEST TOWN,41.908627,-87.70018,sourced,"socrata_vcti-mbcd@2026-09-14, socrata_igwz-8jzy@2026-09-09"
283,HUMBOLDT (ALEXANDER VON),219,0219-03,State of Illinois Dept of Military Affairs,other,ARMORY,,ACTIVE,,3,,STATE,1551 N KEDZIE AVE,26,WEST TOWN,41.909688,-87.706236,sourced,"socrata_vcti-mbcd@2026-09-14, socrata_igwz-8jzy@2026-09-09"
284,HUMBOLDT (ALEXANDER VON),219,0219-04,Humboldt Park Field House,field_house,FIELDHOUSE A1,A1,ACTIVE,1927,3,57229,CPD,1400 N HUMBOLDT DR,26,WEST TOWN,41.907106,-87.702997,sourced,"socrata_vcti-mbcd@2026-09-14, socrata_igwz-8jzy@2026-09-09"
285,HUMBOLDT (ALEXANDER VON),219,0219-05,,other,CONCESSION,,ACTIVE,,1,,OTHER,,26,WEST TOWN,41.908258,-87.697187,sourced,"socrata_vcti-mbcd@2026-09-14, socrata_igwz-8jzy@2026-09-09"
286,HUMBOLDT (ALEXANDER VON),219,0219-06,Garden Hall,other,SHELTER,,ACTIVE,,1,,CPD,1400 N HUMBOLDT DR,26,WEST TOWN,41.903827,-87.703409,sourced,"socrata_vcti-mbcd@2026-09-14, socrata_igwz-8jzy@2026-09-09"
287,HUMBOLDT (ALEXANDER VON),219,0219-07,Humboldt Park Boathouse Pavilion,other,HISTORIC,,ACTIVE,1876,3,7000,CPD,1301 N HUMBOLDT DR,26,WEST TOWN,41.905643,-87.700777,sourced,"socrata_vcti-mbcd@2026-09-14, socrata_igwz-8jzy@2026-09-09"
288,HUMBOLDT (ALEXANDER VON),219,0219-09,National Museum of Puerto Rican Arts & Culture,museum,MUSEUM,,ACTIVE,1896,2,26000,CPD,3102 W DIVISION ST,26,WEST TOWN,41.902452,-87.703352,sourced,"socrata_vcti-mbcd@2026-09-14, socrata_igwz-8jzy@2026-09-09"
289,HUMBOLDT (ALEXANDER VON),219,0219-10,Little Cubs Field Comfort Station,other,COMFORT STATION,,ACTIVE,,1,,CPD,1400 N HUMBOLDT DR,26,WEST TOWN,41.906106,-87.70577,sourced,"socrata_vcti-mbcd@2026-09-14, socrata_igwz-8jzy@2026-09-09"
290,HUMBOLDT (ALEXANDER VON),219,0219-11,South Comfort Station,other,COMFORT STATION,,ACTIVE,,1,,CPD,,26,WEST TOWN,41.899874,-87.705118,sourced,"socrata_vcti-mbcd@2026-09-14, socrata_igwz-8jzy@2026-09-09"
291,HUMBOLDT (ALEXANDER VON),219,0219-12,La Esquina del Sabor,other,CONCESSION,,ACTIVE,,,,OTHER,,26,WEST TOWN,41.909128,-87.702075,sourced,"socrata_vcti-mbcd@2026-09-14, socrata_igwz-8jzy@2026-09-09"
292,HUMBOLDT (ALEXANDER VON),219,0219-13,El Secreto del Sabor,other,CONCESSION,,ACTIVE,,,,OTHER,,26,WEST TOWN,41.90306,-87.705636,sourced,"socrata_vcti-mbcd@2026-09-14, socrata_igwz-8jzy@2026-09-09"
293,INDEPENDENCE,83,0083-01,,other,UTILITY STRUCTURE,,ACTIVE,,,,CPD,,45,IRVING PARK,41.952299,-87.723011,sourced,"socrata_vcti-mbcd@2026-09-14, socrata_igwz-8jzy@2026-09-09"
294,INDEPENDENCE,83,0083-02,Independence Park Fieldhouse,field_house,FIELDHOUSE A3,A3,ACTIVE,1914,2,26790,CPD,3945 N SPRINGFIELD AVE,45,IRVING PARK,41.952991,-87.724769,sourced,"socrata_vcti-mbcd@2026-09-14, socrata_igwz-8jzy@2026-09-09"
295,INDEPENDENCE,83,0083-03,Independence Park Bungalow,other,HISTORIC,,ACTIVE,1920,2,6100,CPD,3900 N HAMLIN AVE,45,IRVING PARK,41.952144,-87.722929,sourced,"socrata_vcti-mbcd@2026-09-14, socrata_igwz-8jzy@2026-09-09"
296,INDIAN BOUNDARY,165,0165-01,Indian Boundary Nature Play Center,other,CULTURAL CENTER,,ACTIVE,,1,,CPD,,50,WEST RIDGE,42.010156,-87.694123,sourced,"socrata_vcti-mbcd@2026-09-14, socrata_igwz-8jzy@2026-09-09"
297,INDIAN BOUNDARY,165,0165-02,Maintenance Building,other,MAINTENANCE,,ACTIVE,1960,1,,CPD,2500 W LUNT AVE,50,WEST RIDGE,42.010234,-87.694611,sourced,"socrata_vcti-mbcd@2026-09-14, socrata_igwz-8jzy@2026-09-09"
298,INDIAN BOUNDARY,165,0165-04,Indian Boundary Fieldhouse,field_house,FIELDHOUSE C,C,ACTIVE,1929,1,2244,CPD,2500 W LUNT AVE,50,WEST RIDGE,42.008966,-87.692513,sourced,"socrata_vcti-mbcd@2026-09-14, socrata_igwz-8jzy@2026-09-09"
299,INDIAN ROAD,1038,1038-01,Indian Road Park Fieldhouse,field_house,FIELDHOUSE D,D,ACTIVE,1960,1,,CPD,6010 W MATSON AVE,39,NORWOOD PARK,41.992933,-87.778434,sourced,"socrata_vcti-mbcd@2026-09-14, socrata_igwz-8jzy@2026-09-09"
300,JACKSON (ANDREW),19,0019-01,57th Street Beach House,field_house,FIELDHOUSE BH2,BH2,ACTIVE,1998,1,,CPD,,5,HYDE PARK,41.79195,-87.579815,sourced,"socrata_vcti-mbcd@2026-09-14, socrata_igwz-8jzy@2026-09-09"
301,JACKSON (ANDREW),19,0019-02,Jackson Park Yacht Club,other,YACHT CLUB,,ACTIVE,,,,OTHER,,5,WOODLAWN,41.777579,-87.572604,sourced,"socrata_vcti-mbcd@2026-09-14, socrata_igwz-8jzy@2026-09-09"
302,JACKSON (ANDREW),19,0019-03,62nd Street Comfort Station,other,COMFORT STATION,,ACTIVE,,1,,CPD,,5,WOODLAWN,41.782991,-87.585192,sourced,"socrata_vcti-mbcd@2026-09-14, socrata_igwz-8jzy@2026-09-09"
303,JACKSON (ANDREW),19,0019-04,Comfort Station,other,INACTIVE: COMFORT STATION,,ACTIVE,1912,1,,CPD,2200 E MARQUETTE RD,5,WOODLAWN,41.775027,-87.569598,sourced,"socrata_vcti-mbcd@2026-09-14, socrata_igwz-8jzy@2026-09-09"
304,JACKSON (ANDREW),19,0019-05,63rd Street Bathing Pavilion,field_house,FIELDHOUSE BH2,BH2,ACTIVE,1919,2,35000,CPD,6245 S LAKE SHORE DR,5,WOODLAWN,41.781446,-87.573693,sourced,"socrata_vcti-mbcd@2026-09-14, socrata_igwz-8jzy@2026-09-09"
305,JACKSON (ANDREW),19,0019-07,,other,UTILITY STRUCTURE,,ACTIVE,,,,CPD,,5,HYDE PARK,41.792017,-87.581838,sourced,"socrata_vcti-mbcd@2026-09-14, socrata_igwz-8jzy@2026-09-09"
306,JACKSON (ANDREW),19,0019-08,Bowling Green Club House,other,CLUBHOUSE,,ACTIVE,1927,1,,CPD,5800 S LAKE SHORE DR,5,HYDE PARK,41.789123,-87.578936,sourced,"socrata_vcti-mbcd@2026-09-14, socrata_igwz-8jzy@2026-09-09"
307,JACKSON (ANDREW),19,0019-09,Jackson Park Fieldhouse,field_house,FIELDHOUSE A4,A4,ACTIVE,,1,16420,CPD,6401 S STONY ISLAND AVE,5,WOODLAWN,41.778879,-87.585462,sourced,"socrata_vcti-mbcd@2026-09-14, socrata_igwz-8jzy@2026-09-09"
308,JACKSON (ANDREW),19,0019-10,Museum Shores Yacht Club,other,YACHT CLUB,,ACTIVE,,,,OTHER,,5,HYDE PARK,41.788351,-87.57947,sourced,"socrata_vcti-mbcd@2026-09-14, socrata_igwz-8jzy@2026-09-09"
309,JACKSON (ANDREW),19,0019-12,Garden Shelter,other,SHELTER,,ACTIVE,,,,CPD,,5,HYDE PARK,41.786169,-87.5827,sourced,"socrata_vcti-mbcd@2026-09-14, socrata_igwz-8jzy@2026-09-09"
310,JACKSON (ANDREW),19,0019-13,Osaka Garden Torii Gate,other,SPECIAL,,ACTIVE,,,,CPD,,5,HYDE PARK,41.786804,-87.583074,sourced,"socrata_vcti-mbcd@2026-09-14, socrata_igwz-8jzy@2026-09-09"
311,JACKSON (ANDREW),19,0019-14,,other,HARBOR BUILDING,,ACTIVE,,,,CPD,,5,WOODLAWN,41.777483,-87.572396,sourced,"socrata_vcti-mbcd@2026-09-14, socrata_igwz-8jzy@2026-09-09"
312,JACKSON (ANDREW),19,0019-16,Museum of Science & Industry,museum,MUSEUM,,ACTIVE,1893,2,,OTHER,5700 S LAKE SHORE DR,5,HYDE PARK,41.790853,-87.582928,sourced,"socrata_vcti-mbcd@2026-09-14, socrata_igwz-8jzy@2026-09-09"
313,JACKSON (ANDREW),19,0019-17,La Rabida Children's Hopsital,other,HOSPITAL,,ACTIVE,,2,,OTHER,6501 S PROMONTORY DR,5,WOODLAWN,41.777373,-87.571379,sourced,"socrata_vcti-mbcd@2026-09-14, socrata_igwz-8jzy@2026-09-09"
314,JACKSON (ANDREW),19,0019-18,Cecil Partee Golf Clubhouse,other,GOLF BUILDING,,ACTIVE,,1,,CPD,,5,WOODLAWN,41.779286,-87.580522,sourced,"socrata_vcti-mbcd@2026-09-14, socrata_igwz-8jzy@2026-09-09"
315,JACKSON (ANDREW),19,0019-19,,other,UTILITY STRUCTURE,,ACTIVE,,,,,,5,WOODLAWN,41.773997,-87.57672,sourced,"socrata_vcti-mbcd@2026-09-14, socrata_igwz-8jzy@2026-09-09"
316,JACKSON (ANDREW),19,0019-20,,other,UTILITY STRUCTURE,,ACTIVE,,,,CPD,,5,HYDE PARK,41.791989,-87.584067,sourced,"socrata_vcti-mbcd@2026-09-14, socrata_igwz-8jzy@2026-09-09"
317,JACKSON (ANDREW),19,0019-21,,other,HARBOR BUILDING,,ACTIVE,,,,CPD,,5,WOODLAWN,41.778892,-87.575133,sourced,"socrata_vcti-mbcd@2026-09-14, socrata_igwz-8jzy@2026-09-09"
318,JACKSON (ANDREW),19,0019-22,,other,UTILITY STRUCTURE,,ACTIVE,,,,,,5,HYDE PARK,41.788947,-87.5794,sourced,"socrata_vcti-mbcd@2026-09-14, socrata_igwz-8jzy@2026-09-09"
319,JACKSON (ANDREW),19,0019-23,Harbor Master's Office,other,HARBOR BUILDING,,ACTIVE,,,11595,CPD,6401 S COAST GUARD DR,5,WOODLAWN,41.77865,-87.575182,sourced,"socrata_vcti-mbcd@2026-09-14, socrata_igwz-8jzy@2026-09-09"
320,JACKSON (ANDREW),19,0019-25,,other,UTILITY STRUCTURE,,ACTIVE,,,,CPD,,5,WOODLAWN,41.779189,-87.579088,sourced,"socrata_vcti-mbcd@2026-09-14, socrata_igwz-8jzy@2026-09-09"
321,JACKSON (ANDREW),19,0019-26,Starters Shed,other,GOLF BUILDING,,ACTIVE,,1,,CPD,,5,WOODLAWN,41.779152,-87.580991,sourced,"socrata_vcti-mbcd@2026-09-14, socrata_igwz-8jzy@2026-09-09"
322,JACKSON (ANDREW),19,0019-28,Iowa Building,other,SHELTER,,ACTIVE,1937,1,,CPD,57th & LSD,5,HYDE PARK,41.793136,-87.581097,sourced,"socrata_vcti-mbcd@2026-09-14, socrata_igwz-8jzy@2026-09-09"
323,JACKSON (ANDREW),19,0019-29,57th Street Beach House Concession,other,CONCESSION,,ACTIVE,1998,1,,CPD,,5,HYDE PARK,41.79179,-87.579772,sourced,"socrata_vcti-mbcd@2026-09-14, socrata_igwz-8jzy@2026-09-09"
324,JACKSON (ANDREW),19,0019-30,Jackson Driving Range Comfort Station,other,COMFORT STATION,,ACTIVE,,1,,CPD,,5,WOODLAWN,41.783491,-87.578711,sourced,"socrata_vcti-mbcd@2026-09-14, socrata_igwz-8jzy@2026-09-09"
325,JEFFERSON (THOMAS) MEML.,94,0094-01,Tool House & Garage,other,MAINTENANCE,,ACTIVE,,,2135,CPD,,45,JEFFERSON PARK,41.968747,-87.764435,sourced,"socrata_vcti-mbcd@2026-09-14, socrata_igwz-8jzy@2026-09-09"
326,JEFFERSON (THOMAS) MEML.,94,0094-02,Locker Building,pool,POOL BUILDING,,ACTIVE,1976,,2800,CPD,,45,JEFFERSON PARK,41.968848,-87.763729,sourced,"socrata_vcti-mbcd@2026-09-14, socrata_igwz-8jzy@2026-09-09"
327,JEFFERSON (THOMAS) MEML.,94,0094-03,Esdohr House,other,HISTORIC,,ACTIVE,1884,2,670,CPD,4820 N LONG AVE,45,JEFFERSON PARK,41.968329,-87.762759,sourced,"socrata_vcti-mbcd@2026-09-14, socrata_igwz-8jzy@2026-09-09"
328,JEFFERSON (THOMAS) MEML.,94,0094-04,Jefferson Park Fieldhouse,field_house,FIELDHOUSE A3,A3,ACTIVE,1930,1,22181,CPD,4822 N LONG AVE,45,JEFFERSON PARK,41.968611,-87.762831,sourced,"socrata_vcti-mbcd@2026-09-14, socrata_igwz-8jzy@2026-09-09"
329,KELVYN (WILLIAM),126,0126-01,Kelvyn Park Fieldhouse,field_house,FIELDHOUSE A4,A4,ACTIVE,1928,3,19711,CPD,4438 W WRIGHTWOOD AVE,31,HERMOSA,41.929041,-87.738151,sourced,"socrata_vcti-mbcd@2026-09-14, socrata_igwz-8jzy@2026-09-09"
330,KENNEDY (DENNIS),48,0048-01,Kennedy Memorial Park Restrooms,other,COMFORT STATION,,ACTIVE,,1,,CPD,11320 S WESTERN AVE,19,MORGAN PARK,41.686946,-87.682546,sourced,"socrata_vcti-mbcd@2026-09-14, socrata_igwz-8jzy@2026-09-09"
331,KENNEDY (DENNIS),48,0048-02,Kennedy Park Fieldhouse,field_house,FIELDHOUSE C,C,ACTIVE,,1,,CPD,11320 S WESTERN AVE,19,MORGAN PARK,41.687163,-87.681754,sourced,"socrata_vcti-mbcd@2026-09-14, socrata_igwz-8jzy@2026-09-09"
332,KENNEDY (DENNIS),48,0048-03,,other,UNIDENTIFIED,,ACTIVE,,,,,,19,MORGAN PARK,41.687409,-87.684236,sourced,"socrata_vcti-mbcd@2026-09-14, socrata_igwz-8jzy@2026-09-09"
333,KENNICOTT (JONATHAN),485,0485-01,Kennicott Park Fieldhouse,field_house,FIELDHOUSE A1,A1,ACTIVE,1956,2,40700,CPD,4434 S LAKE PARK AVE,4,KENWOOD,41.814429,-87.59764,sourced,"socrata_vcti-mbcd@2026-09-14, socrata_igwz-8jzy@2026-09-09"
334,KENSINGTON,1041,1041-01,Kensington Park Fieldhouse,field_house,INACTIVE: FIELDHOUSE D2,D2,INACTIVE,1948,1,,CPD,315 E 118TH ST,9,WEST PULLMAN,41.679695,-87.615985,sourced,"socrata_vcti-mbcd@2026-09-14, socrata_igwz-8jzy@2026-09-09"
335,KEN-WELL,1042,1042-01,Ken-Well Park Fieldhouse,field_house,FIELDHOUSE D,D,ACTIVE,1950,1,,CPD,2941 N KENOSHA AVE,31,HERMOSA,41.934901,-87.733687,sourced,"socrata_vcti-mbcd@2026-09-14, socrata_igwz-8jzy@2026-09-09"
336,KILBOURN,84,0084-01,Kilbourn Park Fieldhouse,field_house,FIELDHOUSE A3,A3,ACTIVE,1928,2,22440,CPD,3501 N KILBOURN AVE,30,IRVING PARK,41.944635,-87.738571,sourced,"socrata_vcti-mbcd@2026-09-14, socrata_igwz-8jzy@2026-09-09"
337,KILBOURN,84,0084-02,Kilbourn Park Greenhouse,other,SPECIAL,,ACTIVE,1937,,7576,CPD,3501 N KILBOURN AVE,30,IRVING PARK,41.94413,-87.738229,sourced,"socrata_vcti-mbcd@2026-09-14, socrata_igwz-8jzy@2026-09-09"
338,KOSCIUSZKO (THADEUZ),120,0120-01,Kosciuszko Park Natatorium,pool,POOL BUILDING,,ACTIVE,1974,1,14832,CPD,2742 N AVERS AVE,31,LOGAN SQUARE,41.931526,-87.723756,sourced,"socrata_vcti-mbcd@2026-09-14, socrata_igwz-8jzy@2026-09-09"
339,LA FOLLETTE (ROBERT),201,0201-01,Comfort Station,other,COMFORT STATION,,ACTIVE,,1,,CPD,,37,AUSTIN,41.90479,-87.751459,sourced,"socrata_vcti-mbcd@2026-09-14, socrata_igwz-8jzy@2026-09-09"
340,LA FOLLETTE (ROBERT),201,0201-03,Shelter,other,SHELTER,,ACTIVE,,1,,CPD,,37,AUSTIN,41.904489,-87.751881,sourced,"socrata_vcti-mbcd@2026-09-14, socrata_igwz-8jzy@2026-09-09"
341,LAKE MEADOWS,263,0263-01,Lake Meadows Park,other,UNIDENTIFIED,,ACTIVE,,,,,,4,DOUGLAS,41.837654,-87.611567,sourced,"socrata_vcti-mbcd@2026-09-14, socrata_igwz-8jzy@2026-09-09"
342,LAKE SHORE,107,0107-01,Lake Shore Park Fieldhouse,field_house,FIELDHOUSE B,B,ACTIVE,1965,1,9320,CPD,808 N LAKE SHORE DR,2,NEAR NORTH SIDE,41.897229,-87.617869,sourced,"socrata_vcti-mbcd@2026-09-14, socrata_igwz-8jzy@2026-09-09"
343,LAKE SHORE,107,0107-02,Museum of Contemporary Art,museum,MUSEUM,,ACTIVE,1995,5,149600,OTHER,220 E CHICAGO AVE,2,NEAR NORTH SIDE,41.897248,-87.620982,sourced,"socrata_vcti-mbcd@2026-09-14, socrata_igwz-8jzy@2026-09-09"
344,LAWLER (MICHAEL),1011,1011-01,Lawler Park Fieldhouse,field_house,FIELDHOUSE D,D,ACTIVE,1958,1,,CPD,5210 W 64TH ST,13,CLEARING,41.776728,-87.751799,sourced,"socrata_vcti-mbcd@2026-09-14, socrata_igwz-8jzy@2026-09-09"
345,LE CLAIRE COURTS - HEARST COMM. CTR.,305,0305-01,LeClaire-Hearst Fieldhouse,field_house,FIELDHOUSE B,B,ACTIVE,1974,1,14470,CPD,5120 W 44TH ST,22,GARFIELD RIDGE,41.813365,-87.751343,sourced,"socrata_vcti-mbcd@2026-09-14, socrata_igwz-8jzy@2026-09-09"
346,LEONE (SAM) BEACH,1013,1013-01,Leone Beach Fieldhouse,field_house,FIELDHOUSE B,B,ACTIVE,1900,1,9090,CITY WF,7205 N SHERIDAN RD,49,ROGERS PARK,42.01317,-87.662486,sourced,"socrata_vcti-mbcd@2026-09-14, socrata_igwz-8jzy@2026-09-09"
347,LERNER (LEO),273,0273-01,Shelter,other,SHELTER,,ACTIVE,,1,,CPD,,50,WEST RIDGE,42.007791,-87.70506,sourced,"socrata_vcti-mbcd@2026-09-14, socrata_igwz-8jzy@2026-09-09"
349,LINCOLN (ABRAHAM),100,0100-01,,other,CONCESSION,,ACTIVE,,1,,CPD,,48,EDGEWATER,41.98572,-87.652378,sourced,"socrata_vcti-mbcd@2026-09-14, socrata_igwz-8jzy@2026-09-09"
350,LINCOLN (ABRAHAM),100,0100-03,Waveland Clock Tower,other,HISTORIC,,ACTIVE,1931,3,,CPD,3100 N RECREATION DR,46,LAKE VIEW,41.951905,-87.641106,sourced,"socrata_vcti-mbcd@2026-09-14, socrata_igwz-8jzy@2026-09-09"
351,LINCOLN (ABRAHAM),100,0100-04,Belmont Comfort Station,other,COMFORT STATION,,ACTIVE,,1,,CPD,,44,LAKE VIEW,41.939552,-87.636542,sourced,"socrata_vcti-mbcd@2026-09-14, socrata_igwz-8jzy@2026-09-09"
352,LINCOLN (ABRAHAM),100,0100-05,Peggy Notebaert Nature Museum,museum,MUSEUM,,ACTIVE,1999,2,,OTHER,2430 N CANNON DR,43,LINCOLN PARK,41.926583,-87.635176,sourced,"socrata_vcti-mbcd@2026-09-14, socrata_igwz-8jzy@2026-09-09"
353,LINCOLN (ABRAHAM),100,0100-06,Margate Fieldhouse,field_house,FIELDHOUSE A3,A3,ACTIVE,,1,,CPD,4921 N MARINE DR,48,UPTOWN,41.972184,-87.649868,sourced,"socrata_vcti-mbcd@2026-09-14, socrata_igwz-8jzy@2026-09-09"
354,LINCOLN (ABRAHAM),100,0100-07,"LP Zoo - Polar Bears, Sun Bears",other,ZOO BUILDING,,ACTIVE,,,,OTHER,,43,LINCOLN PARK,41.923797,-87.633495,sourced,"socrata_vcti-mbcd@2026-09-14, socrata_igwz-8jzy@2026-09-09"
355,LINCOLN (ABRAHAM),100,0100-08,Armitage Comfort Station,other,COMFORT STATION,,ACTIVE,1888,1,,CPD,,43,LINCOLN PARK,41.918662,-87.634045,sourced,"socrata_vcti-mbcd@2026-09-14, socrata_igwz-8jzy@2026-09-09"
356,LINCOLN (ABRAHAM),100,0100-09,"LP Zoo - Penguins, Sea Birds",other,ZOO BUILDING,,ACTIVE,,,,OTHER,,43,LINCOLN PARK,41.922297,-87.634432,sourced,"socrata_vcti-mbcd@2026-09-14, socrata_igwz-8jzy@2026-09-09"
357,LINCOLN (ABRAHAM),100,0100-10,"LP Zoo - Giraffes, Rhinos, Ostriches",other,ZOO BUILDING,,ACTIVE,,,,OTHER,,43,LINCOLN PARK,41.923207,-87.634094,sourced,"socrata_vcti-mbcd@2026-09-14, socrata_igwz-8jzy@2026-09-09"
358,LINCOLN (ABRAHAM),100,0100-11,Montrose Service Yard,other,MAINTENANCE,,ACTIVE,,,,CPD,,46,UPTOWN,41.96358,-87.647238,sourced,"socrata_vcti-mbcd@2026-09-14, socrata_igwz-8jzy@2026-09-09"
359,LINCOLN (ABRAHAM),100,0100-12,Foster Avenue Breakwater Light,other,HARBOR BUILDING,,ACTIVE,,,,CITY,,48,UPTOWN,41.977812,-87.646148,sourced,"socrata_vcti-mbcd@2026-09-14, socrata_igwz-8jzy@2026-09-09"
360,LINCOLN (ABRAHAM),100,0100-13,LP Zoo - Pigs,other,ZOO BUILDING,,ACTIVE,,,,OTHER,,43,LINCOLN PARK,41.916992,-87.633235,sourced,"socrata_vcti-mbcd@2026-09-14, socrata_igwz-8jzy@2026-09-09"
361,LINCOLN (ABRAHAM),100,0100-14,LP Zoo - Judy Keller Education Center,other,ZOO BUILDING,,ACTIVE,,,,OTHER,,43,LINCOLN PARK,41.921493,-87.632403,sourced,"socrata_vcti-mbcd@2026-09-14, socrata_igwz-8jzy@2026-09-09"
362,LINCOLN (ABRAHAM),100,0100-15,LP Zoo - Zoo Concessionaire,other,ZOO BUILDING,,ACTIVE,,,,OTHER,,43,LINCOLN PARK,41.921936,-87.634264,sourced,"socrata_vcti-mbcd@2026-09-14, socrata_igwz-8jzy@2026-09-09"
363,LINCOLN (ABRAHAM),100,0100-16,Diversey Golf Building,other,GOLF BUILDING,,ACTIVE,,,,CPD,,44,LAKE VIEW,41.934147,-87.634716,sourced,"socrata_vcti-mbcd@2026-09-14, socrata_igwz-8jzy@2026-09-09"
364,LINCOLN (ABRAHAM),100,0100-17,LP Zoo - Tropical Birds,other,ZOO BUILDING,,ACTIVE,,,,OTHER,,43,LINCOLN PARK,41.923436,-87.632952,sourced,"socrata_vcti-mbcd@2026-09-14, socrata_igwz-8jzy@2026-09-09"
365,LINCOLN (ABRAHAM),100,0100-18,DNR Maintenance,other,MAINTENANCE,,ACTIVE,,,,CPD,,46,LAKE VIEW,41.949743,-87.639449,sourced,"socrata_vcti-mbcd@2026-09-14, socrata_igwz-8jzy@2026-09-09"
366,LINCOLN (ABRAHAM),100,0100-19,LP Zoo - Lions and Tigers,other,ZOO BUILDING,,ACTIVE,,,,OTHER,,43,LINCOLN PARK,41.921351,-87.633329,sourced,"socrata_vcti-mbcd@2026-09-14, socrata_igwz-8jzy@2026-09-09"
367,LINCOLN (ABRAHAM),100,0100-20,Clock Tower Cafe,other,CONCESSION,,ACTIVE,,1,,CPD,,46,LAKE VIEW,41.952204,-87.641724,sourced,"socrata_vcti-mbcd@2026-09-14, socrata_igwz-8jzy@2026-09-09"
368,LINCOLN (ABRAHAM),100,0100-21,"LP Zoo - Vultures, Eagles, Owls",other,ZOO BUILDING,,ACTIVE,,,,OTHER,,43,LINCOLN PARK,41.922418,-87.633446,sourced,"socrata_vcti-mbcd@2026-09-14, socrata_igwz-8jzy@2026-09-09"
369,LINCOLN (ABRAHAM),100,0100-22,Cricket Hill Comfort Station,other,COMFORT STATION,,ACTIVE,,1,,CPD,,46,UPTOWN,41.963874,-87.646066,sourced,"socrata_vcti-mbcd@2026-09-14, socrata_igwz-8jzy@2026-09-09"
370,LINCOLN (ABRAHAM),100,0100-23,LP Zoo - Farm-in-the Zoo Building,other,ZOO BUILDING,,ACTIVE,2005,,,OTHER,,43,LINCOLN PARK,41.917372,-87.634011,sourced,"socrata_vcti-mbcd@2026-09-14, socrata_igwz-8jzy@2026-09-09"
371,LINCOLN (ABRAHAM),100,0100-24,LP Zoo - Zoo Gateway Pavilion,other,ZOO BUILDING,,ACTIVE,,,,OTHER,,43,LINCOLN PARK,41.922004,-87.632809,sourced,"socrata_vcti-mbcd@2026-09-14, socrata_igwz-8jzy@2026-09-09"
372,LINCOLN (ABRAHAM),100,0100-25,LP Zoo - Monkeys,other,ZOO BUILDING,,ACTIVE,,,,OTHER,,43,LINCOLN PARK,41.920833,-87.632501,sourced,"socrata_vcti-mbcd@2026-09-14, socrata_igwz-8jzy@2026-09-09"
373,LINCOLN (ABRAHAM),100,0100-26,LP Zoo - Seals,other,ZOO BUILDING,,ACTIVE,2007,,,OTHER,,43,LINCOLN PARK,41.921496,-87.634547,sourced,"socrata_vcti-mbcd@2026-09-14, socrata_igwz-8jzy@2026-09-09"
374,LINCOLN (ABRAHAM),100,0100-27,Lincoln Park Conservatory,other,CONSERVATORY,,ACTIVE,,1,76000,CPD,2391 N STOCKTON DR,43,LINCOLN PARK,41.924472,-87.635314,sourced,"socrata_vcti-mbcd@2026-09-14, socrata_igwz-8jzy@2026-09-09"
375,LINCOLN (ABRAHAM),100,0100-28,Lincoln Park Cultural Center,field_house,FIELDHOUSE C,C,ACTIVE,,2,,CPD,2045 N LINCOLN PARK,43,LINCOLN PARK,41.91969,-87.63588,sourced,"socrata_vcti-mbcd@2026-09-14, socrata_igwz-8jzy@2026-09-09"
376,LINCOLN (ABRAHAM),100,0100-29,Chicago Corinthian Yacht Club,other,YACHT CLUB,,ACTIVE,,,,OTHER,601 W MONTROSE,46,UPTOWN,41.963076,-87.638184,sourced,"socrata_vcti-mbcd@2026-09-14, socrata_igwz-8jzy@2026-09-09"
377,LINCOLN (ABRAHAM),100,0100-30,Montrose Beach House Concession,other,CONCESSION,,ACTIVE,,1,,CPD,,46,UPTOWN,41.964484,-87.635334,sourced,"socrata_vcti-mbcd@2026-09-14, socrata_igwz-8jzy@2026-09-09"
378,LINCOLN (ABRAHAM),100,0100-31,Chicago History Museum,museum,MUSEUM,,ACTIVE,1932,3,,OTHER,1601 N CLARK ST,43,LINCOLN PARK,41.91204,-87.631533,sourced,"socrata_vcti-mbcd@2026-09-14, socrata_igwz-8jzy@2026-09-09"
379,LINCOLN (ABRAHAM),100,0100-32,Montrose Beach House,field_house,FIELDHOUSE BH2,BH2,ACTIVE,,1,,CPD,,46,UPTOWN,41.964585,-87.635473,sourced,"socrata_vcti-mbcd@2026-09-14, socrata_igwz-8jzy@2026-09-09"
380,LINCOLN (ABRAHAM),100,0100-33,Bacino's Italian Grill,other,CONCESSION,,ACTIVE,,1,,CPD,248 W DIVERSEY PKWY,44,LAKE VIEW,41.933566,-87.635464,sourced,"socrata_vcti-mbcd@2026-09-14, socrata_igwz-8jzy@2026-09-09"
381,LINCOLN (ABRAHAM),100,0100-34,"LP Zoo - Bears, Otters, Wolves",other,ZOO BUILDING,,ACTIVE,2006,,,OTHER,,43,LINCOLN PARK,41.921072,-87.634912,sourced,"socrata_vcti-mbcd@2026-09-14, socrata_igwz-8jzy@2026-09-09"
382,LINCOLN (ABRAHAM),100,0100-36,Lincoln Park Archery Club,other,CLUBHOUSE,,ACTIVE,,1,,CPD,3481 N Belmont Harbor Dr,44,LAKE VIEW,41.947001,-87.639262,sourced,"socrata_vcti-mbcd@2026-09-14, socrata_igwz-8jzy@2026-09-09"
383,LINCOLN (ABRAHAM),100,0100-37,,other,CONCESSION,,ACTIVE,2006,1,,CPD,200 W Montrose Dr,46,UPTOWN,41.961929,-87.63509,sourced,"socrata_vcti-mbcd@2026-09-14, socrata_igwz-8jzy@2026-09-09"
384,LINCOLN (ABRAHAM),100,0100-38,"LP Zoo - Antelope, Zebras, Kangaroos",other,ZOO BUILDING,,ACTIVE,,,,OTHER,,43,LINCOLN PARK,41.919266,-87.632363,sourced,"socrata_vcti-mbcd@2026-09-14, socrata_igwz-8jzy@2026-09-09"
385,LINCOLN (ABRAHAM),100,0100-39,LP Zoo - Conservation Center and Animal Hospital,other,ZOO BUILDING,,ACTIVE,,,,OTHER,,43,LINCOLN PARK,41.923814,-87.633102,sourced,"socrata_vcti-mbcd@2026-09-14, socrata_igwz-8jzy@2026-09-09"
386,LINCOLN (ABRAHAM),100,0100-40,Montrose Hook Comfort Station,other,COMFORT STATION,,ACTIVE,,1,,CPD,,46,UPTOWN,41.960637,-87.636377,sourced,"socrata_vcti-mbcd@2026-09-14, socrata_igwz-8jzy@2026-09-09"
387,LINCOLN (ABRAHAM),100,0100-42,LP Zoo - Zoo Concessionaire,other,ZOO BUILDING,,ACTIVE,,,,OTHER,,43,LINCOLN PARK,41.922062,-87.633476,sourced,"socrata_vcti-mbcd@2026-09-14, socrata_igwz-8jzy@2026-09-09"
388,LINCOLN (ABRAHAM),100,0100-43,LP Zoo - Foreman Pavilion,other,ZOO BUILDING,,ACTIVE,2006,,,OTHER,,43,LINCOLN PARK,41.920126,-87.634103,sourced,"socrata_vcti-mbcd@2026-09-14, socrata_igwz-8jzy@2026-09-09"
389,LINCOLN (ABRAHAM),100,0100-44,,other,CONCESSION,,ACTIVE,,,,CPD,,46,UPTOWN,41.966447,-87.64039,sourced,"socrata_vcti-mbcd@2026-09-14, socrata_igwz-8jzy@2026-09-09"
390,LINCOLN (ABRAHAM),100,0100-45,Diversey Shops,other,UTILITY STRUCTURE,,ACTIVE,,1,,CPD,,44,LAKE VIEW,41.934376,-87.633353,sourced,"socrata_vcti-mbcd@2026-09-14, socrata_igwz-8jzy@2026-09-09"
391,LINCOLN (ABRAHAM),100,0100-46,Lincoln Park Power House,other,UTILITY STRUCTURE,,ACTIVE,,,,CPD,,43,LINCOLN PARK,41.922769,-87.633039,sourced,"socrata_vcti-mbcd@2026-09-14, socrata_igwz-8jzy@2026-09-09"
392,LINCOLN (ABRAHAM),100,0100-47,Diversey Beaches & Pools Building,other,MAINTENANCE,,ACTIVE,,1,,CPD,,44,LAKE VIEW,41.933696,-87.634381,sourced,"socrata_vcti-mbcd@2026-09-14, socrata_igwz-8jzy@2026-09-09"
393,LINCOLN (ABRAHAM),100,0100-48,Belmont Harbor Building,other,HARBOR BUILDING,,ACTIVE,,,,CPD,,44,LAKE VIEW,41.946768,-87.640033,sourced,"socrata_vcti-mbcd@2026-09-14, socrata_igwz-8jzy@2026-09-09"
394,LINCOLN (ABRAHAM),100,0100-49,Diversey Golf Building B,other,GOLF BUILDING,,ACTIVE,,,,CPD,,44,LAKE VIEW,41.934581,-87.634106,sourced,"socrata_vcti-mbcd@2026-09-14, socrata_igwz-8jzy@2026-09-09"
395,LINCOLN (ABRAHAM),100,0100-51,LP Zoo - Ponies,other,ZOO BUILDING,,ACTIVE,,,,OTHER,,43,LINCOLN PARK,41.91661,-87.633506,sourced,"socrata_vcti-mbcd@2026-09-14, socrata_igwz-8jzy@2026-09-09"
396,LINCOLN (ABRAHAM),100,0100-52,,other,UTILITY STRUCTURE,,ACTIVE,,,,CPD,,46,LAKE VIEW,41.95213,-87.640539,sourced,"socrata_vcti-mbcd@2026-09-14, socrata_igwz-8jzy@2026-09-09"
397,LINCOLN (ABRAHAM),100,0100-53,"LP Zoo - Snakes, Bats, Wallaby",other,ZOO BUILDING,,ACTIVE,,,,OTHER,,43,LINCOLN PARK,41.920772,-87.634395,sourced,"socrata_vcti-mbcd@2026-09-14, socrata_igwz-8jzy@2026-09-09"
398,LINCOLN (ABRAHAM),100,0100-54,LP Zoo - Seals,other,ZOO BUILDING,,ACTIVE,2007,,,OTHER,,43,LINCOLN PARK,41.92148,-87.634205,sourced,"socrata_vcti-mbcd@2026-09-14, socrata_igwz-8jzy@2026-09-09"
399,LINCOLN (ABRAHAM),100,0100-55,LP Zoo - Zoo Lockers,other,ZOO BUILDING,,ACTIVE,,,,OTHER,,43,LINCOLN PARK,41.91917,-87.632106,sourced,"socrata_vcti-mbcd@2026-09-14, socrata_igwz-8jzy@2026-09-09"
400,LINCOLN (ABRAHAM),100,0100-56,Foster Beach House,field_house,FIELDHOUSE BH2,BH2,ACTIVE,,1,,CPD,,48,EDGEWATER,41.977665,-87.649042,sourced,"socrata_vcti-mbcd@2026-09-14, socrata_igwz-8jzy@2026-09-09"
401,LINCOLN (ABRAHAM),100,0100-57,South Athletic Fieldhouse,field_house,FIELDHOUSE C,C,ACTIVE,1922,1,,CPD,1721 N STOCKTON DR,43,LINCOLN PARK,41.914662,-87.630001,sourced,"socrata_vcti-mbcd@2026-09-14, socrata_igwz-8jzy@2026-09-09"
402,LINCOLN (ABRAHAM),100,0100-58,Theater on the Lake,field_house,FIELDHOUSE AA,AA,ACTIVE,,1,,CPD,2401 N Lake Shore Dr,43,LINCOLN PARK,41.927138,-87.630683,sourced,"socrata_vcti-mbcd@2026-09-14, socrata_igwz-8jzy@2026-09-09"
403,LINCOLN (ABRAHAM),100,0100-59,LP Zoo - Administration Building,other,HISTORIC,,ACTIVE,1927,3,,OTHER,2001 N Clark St,43,LINCOLN PARK,41.918802,-87.635433,sourced,"socrata_vcti-mbcd@2026-09-14, socrata_igwz-8jzy@2026-09-09"
404,LINCOLN (ABRAHAM),100,0100-60,,other,UNIDENTIFIED,,ACTIVE,,,,,,46,UPTOWN,41.955623,-87.642051,sourced,"socrata_vcti-mbcd@2026-09-14, socrata_igwz-8jzy@2026-09-09"
405,LINCOLN (ABRAHAM),100,0100-61,Wheel Fun Rentals,other,CONCESSION,,ACTIVE,,1,,CPD,,48,UPTOWN,41.97697,-87.647543,sourced,"socrata_vcti-mbcd@2026-09-14, socrata_igwz-8jzy@2026-09-09"
406,LINCOLN (ABRAHAM),100,0100-62,Shelter,other,SHELTER,,ACTIVE,,,,CPD,,46,LAKE VIEW,41.948427,-87.638757,sourced,"socrata_vcti-mbcd@2026-09-14, socrata_igwz-8jzy@2026-09-09"
407,LINCOLN (ABRAHAM),100,0100-63,DNR Maintenance,other,MAINTENANCE,,ACTIVE,,,,CPD,,46,LAKE VIEW,41.949938,-87.639491,sourced,"socrata_vcti-mbcd@2026-09-14, socrata_igwz-8jzy@2026-09-09"
408,LINCOLN (ABRAHAM),100,0100-65,Diversey Golf Building C,other,GOLF BUILDING,,ACTIVE,,,,CPD,,44,LAKE VIEW,41.933828,-87.635064,sourced,"socrata_vcti-mbcd@2026-09-14, socrata_igwz-8jzy@2026-09-09"
409,LINCOLN (ABRAHAM),100,0100-66,LP Zoo - Farm-in-the Zoo Building,other,ZOO BUILDING,,ACTIVE,2005,,,OTHER,,43,LINCOLN PARK,41.917274,-87.633381,sourced,"socrata_vcti-mbcd@2026-09-14, socrata_igwz-8jzy@2026-09-09"
410,LINCOLN (ABRAHAM),100,0100-67,Move Your Feet Sports,other,CONCESSION,,ACTIVE,,1,,CPD,141 W DIVERSEY PKWY,44,LAKE VIEW,41.93365,-87.634176,sourced,"socrata_vcti-mbcd@2026-09-14, socrata_igwz-8jzy@2026-09-09"
411,LINCOLN (ABRAHAM),100,0100-68,Wilson Comfort Station,other,COMFORT STATION,,ACTIVE,,1,,CPD,,46,UPTOWN,41.966383,-87.640466,sourced,"socrata_vcti-mbcd@2026-09-14, socrata_igwz-8jzy@2026-09-09"
412,LINCOLN (ABRAHAM),100,0100-69,LP Zoo - Zoo Concessionaire (Tadpole Room),other,ZOO BUILDING,,ACTIVE,,,,OTHER,,43,LINCOLN PARK,41.920955,-87.633197,sourced,"socrata_vcti-mbcd@2026-09-14, socrata_igwz-8jzy@2026-09-09"
413,LINCOLN (ABRAHAM),100,0100-70,Cafe Brauer (South Pond Refectory),other,HISTORIC,,ACTIVE,1900,2,,CPD,2021 N STOCKTON DR,43,LINCOLN PARK,41.919135,-87.633937,sourced,"socrata_vcti-mbcd@2026-09-14, socrata_igwz-8jzy@2026-09-09"
414,LINCOLN (ABRAHAM),100,0100-72,Park Bait,other,CONCESSION,,ACTIVE,,1,,CPD,600 W Montrose,46,UPTOWN,41.963445,-87.638258,sourced,"socrata_vcti-mbcd@2026-09-14, socrata_igwz-8jzy@2026-09-09"
415,LINCOLN (ABRAHAM),100,0100-73,North Avenue Beach House,field_house,FIELDHOUSE BH2,BH2,ACTIVE,,1,,CPD,1501 N LAKE SHORE DR,43,LINCOLN PARK,41.913494,-87.624199,sourced,"socrata_vcti-mbcd@2026-09-14, socrata_igwz-8jzy@2026-09-09"
416,LINDBLOM (ROBERT),243,0243-01,Lindblom Park Fieldhouse,field_house,FIELDHOUSE A4,A4,ACTIVE,1951,1,17790,CPD,6054 S DAMEN AVE,16,WEST ENGLEWOOD,41.783319,-87.674604,sourced,"socrata_vcti-mbcd@2026-09-14, socrata_igwz-8jzy@2026-09-09"
417,LOWE (SAMUEL),1044,1044-01,Lowe Park Fieldhouse,field_house,FIELDHOUSE C,C,ACTIVE,1950,1,2480,CPD,5205 S LOWE AVE,3,NEW CITY,41.799477,-87.641423,sourced,"socrata_vcti-mbcd@2026-09-14, socrata_igwz-8jzy@2026-09-09"
418,LOYOLA,115,0115-01,Service Building,other,MAINTENANCE,,ACTIVE,,,,CPD,,49,ROGERS PARK,42.00995,-87.660663,sourced,"socrata_vcti-mbcd@2026-09-14, socrata_igwz-8jzy@2026-09-09"
419,LOYOLA,115,0115-02,,other,UNIDENTIFIED,,ACTIVE,,,,,,49,ROGERS PARK,42.006255,-87.658795,sourced,"socrata_vcti-mbcd@2026-09-14, socrata_igwz-8jzy@2026-09-09"
420,LOYOLA,115,0115-03,Comfort Station,other,COMFORT STATION,,ACTIVE,,1,,CPD,,49,ROGERS PARK,42.009792,-87.65948,sourced,"socrata_vcti-mbcd@2026-09-14, socrata_igwz-8jzy@2026-09-09"
421,LOYOLA,115,0115-04,Heartland Cafe,other,CONCESSION,,ACTIVE,,,,CPD,,49,ROGERS PARK,42.010663,-87.660209,sourced,"socrata_vcti-mbcd@2026-09-14, socrata_igwz-8jzy@2026-09-09"
422,LOYOLA,115,0115-05,Loyola Park Fieldhouse,field_house,FIELDHOUSE A1,A1,ACTIVE,1950,2,56220,CPD,1230 W GREENLEAF AVE,49,ROGERS PARK,42.010896,-87.661595,sourced,"socrata_vcti-mbcd@2026-09-14, socrata_igwz-8jzy@2026-09-09"
423,MANN (JAMES),17,0017-01,Mann Park Fieldhouse,field_house,FIELDHOUSE A1,A1,ACTIVE,1934,2,51273,CPD,13000 S CARONDOLET AVE,10,HEGEWISCH,41.656723,-87.55091,sourced,"socrata_vcti-mbcd@2026-09-14, socrata_igwz-8jzy@2026-09-09"
424,MANN (JAMES),17,0017-02,,other,UNIDENTIFIED,,ACTIVE,,,,,3035 E 130TH ST,10,HEGEWISCH,41.657351,-87.550769,sourced,"socrata_vcti-mbcd@2026-09-14, socrata_igwz-8jzy@2026-09-09"
425,MAPLEWOOD,1045,1045-01,Maplewood Park Fieldhouse,field_house,FIELDHOUSE C,C,ACTIVE,1948,1,600,CPD,1640 N MAPLEWOOD AVE,1,WEST TOWN,41.911068,-87.691253,sourced,"socrata_vcti-mbcd@2026-09-14, socrata_igwz-8jzy@2026-09-09"
426,MARIANO (LOUIS),1239,1239-01,Whispers Cafe,other,CONCESSION,,ACTIVE,,1,280,CPD,1031 N State St,42,NEAR NORTH SIDE,41.901689,-87.628164,sourced,"socrata_vcti-mbcd@2026-09-14, socrata_igwz-8jzy@2026-09-09"
427,MARQUETTE (JACQUES),10,0010-01,Engineer Storage,other,MAINTENANCE,,ACTIVE,,,,CPD,,17,CHICAGO LAWN,41.765187,-87.712223,sourced,"socrata_vcti-mbcd@2026-09-14, socrata_igwz-8jzy@2026-09-09"
428,MARQUETTE (JACQUES),10,0010-02,Landscape Garage,other,MAINTENANCE,,ACTIVE,,,,CPD,3551 W MARQUETTE RD,17,CHICAGO LAWN,41.771205,-87.712146,sourced,"socrata_vcti-mbcd@2026-09-14, socrata_igwz-8jzy@2026-09-09"
429,MARQUETTE (JACQUES),10,0010-03,Motor Truck Driver Garage (Trades),other,MAINTENANCE,,ACTIVE,,,,CPD,3548 W 71ST ST,17,CHICAGO LAWN,41.764948,-87.711989,sourced,"socrata_vcti-mbcd@2026-09-14, socrata_igwz-8jzy@2026-09-09"
430,MARQUETTE (JACQUES),10,0010-04,Kanst Comfort Station,other,COMFORT STATION,,ACTIVE,,1,,CPD,,17,CHICAGO LAWN,41.767258,-87.695067,sourced,"socrata_vcti-mbcd@2026-09-14, socrata_igwz-8jzy@2026-09-09"
431,MARQUETTE (JACQUES),10,0010-05,Tarkington Scholastic Academy,field_house,FIELDHOUSE JOINT,JOINT,ACTIVE,2005,3,,BOE,3300 W 71ST ST,17,CHICAGO LAWN,41.764838,-87.707318,sourced,"socrata_vcti-mbcd@2026-09-14, socrata_igwz-8jzy@2026-09-09"
432,MARQUETTE (JACQUES),10,0010-06,,other,GOLF BUILDING,,ACTIVE,,,,CPD,,17,CHICAGO LAWN,41.771054,-87.704471,sourced,"socrata_vcti-mbcd@2026-09-14, socrata_igwz-8jzy@2026-09-09"
433,MARQUETTE (JACQUES),10,0010-07,Security Building,other,MAINTENANCE,,ACTIVE,,,,CPD,3512 W 71ST ST,17,CHICAGO LAWN,41.764562,-87.711024,sourced,"socrata_vcti-mbcd@2026-09-14, socrata_igwz-8jzy@2026-09-09"
434,MARQUETTE (JACQUES),10,0010-08,Plumbers Storage Shed,other,MAINTENANCE,,ACTIVE,,,,CPD,,17,CHICAGO LAWN,41.764795,-87.712144,sourced,"socrata_vcti-mbcd@2026-09-14, socrata_igwz-8jzy@2026-09-09"
435,MARQUETTE (JACQUES),10,0010-09,Landscape Garage,other,MAINTENANCE,,ACTIVE,,,,CPD,,17,CHICAGO LAWN,41.770829,-87.712131,sourced,"socrata_vcti-mbcd@2026-09-14, socrata_igwz-8jzy@2026-09-09"
436,MARQUETTE (JACQUES),10,0010-10,Mann Comfort Station,other,COMFORT STATION,,ACTIVE,,1,,CPD,,17,CHICAGO LAWN,41.770933,-87.709852,sourced,"socrata_vcti-mbcd@2026-09-14, socrata_igwz-8jzy@2026-09-09"
437,MARQUETTE (JACQUES),10,0010-11,Plumbers Storage Shed,other,MAINTENANCE,,ACTIVE,,,,CPD,,17,CHICAGO LAWN,41.764743,-87.712144,sourced,"socrata_vcti-mbcd@2026-09-14, socrata_igwz-8jzy@2026-09-09"
438,MARQUETTE (JACQUES),10,0010-12,Pole Barn (DNR),other,MAINTENANCE,,ACTIVE,1929,1,3100,CPD,3556 W 71ST ST,17,CHICAGO LAWN,41.765423,-87.712317,sourced,"socrata_vcti-mbcd@2026-09-14, socrata_igwz-8jzy@2026-09-09"
439,MARQUETTE (JACQUES),10,0010-14,Marquette Park Field House,field_house,FIELDHOUSE A2,A2,ACTIVE,1936,1,31130,CPD,6700 S KEDZIE AVE,17,CHICAGO LAWN,41.770677,-87.703871,sourced,"socrata_vcti-mbcd@2026-09-14, socrata_igwz-8jzy@2026-09-09"
440,MARQUETTE (JACQUES),10,0010-15,Greenhouse (Inactive),other,MAINTENANCE,,ACTIVE,,,,CPD,,17,CHICAGO LAWN,41.765213,-87.711568,sourced,"socrata_vcti-mbcd@2026-09-14, socrata_igwz-8jzy@2026-09-09"
441,MARQUETTE (JACQUES),10,0010-16,,other,GOLF BUILDING,,ACTIVE,,,,CPD,,17,CHICAGO LAWN,41.771036,-87.704686,sourced,"socrata_vcti-mbcd@2026-09-14, socrata_igwz-8jzy@2026-09-09"
442,MARQUETTE (JACQUES),10,0010-18,Redfield Comfort Station,other,COMFORT STATION,,ACTIVE,,1,,CPD,,17,CHICAGO LAWN,41.765354,-87.700705,sourced,"socrata_vcti-mbcd@2026-09-14, socrata_igwz-8jzy@2026-09-09"
443,MARQUETTE (JACQUES),10,0010-13,Riggers Building,other,MAINTENANCE,,ACTIVE,,,,CPD,3540 W 71ST ST,17,CHICAGO LAWN,41.764496,-87.711844,sourced,"socrata_vcti-mbcd@2026-09-14, socrata_igwz-8jzy@2026-09-09"
444,MARQUETTE (JACQUES),10,0010-17,Landscape Storage (Salt),other,MAINTENANCE,,ACTIVE,,,,CPD,,17,CHICAGO LAWN,41.770847,-87.71247,sourced,"socrata_vcti-mbcd@2026-09-14, socrata_igwz-8jzy@2026-09-09"
445,MASON (ELIZABETH),1164,1164-01,North Shelter,other,SHELTER,,ACTIVE,,1,,CPD,4101 W MAYPOLE AVE,28,WEST GARFIELD PARK,41.884377,-87.728349,sourced,"socrata_vcti-mbcd@2026-09-14, socrata_igwz-8jzy@2026-09-09"
446,MASON (ELIZABETH),1164,1164-02,South Shelter,other,SHELTER,,ACTIVE,,1,,CPD,,28,WEST GARFIELD PARK,41.883614,-87.728519,sourced,"socrata_vcti-mbcd@2026-09-14, socrata_igwz-8jzy@2026-09-09"
447,MATHER (STEPHEN TYNG),241,0241-01,Mather Park Fieldhouse,field_house,FIELDHOUSE D,D,ACTIVE,,1,,CPD,5941 N RICHMOND ST,40,WEST RIDGE,41.989691,-87.702266,sourced,"socrata_vcti-mbcd@2026-09-14, socrata_igwz-8jzy@2026-09-09"
448,MAYFAIR,86,0086-01,Mayfair Park Fieldhouse,field_house,FIELDHOUSE C,C,ACTIVE,1937,2,5695,CPD,4520 W SUNNYSIDE AVE,39,IRVING PARK,41.963109,-87.741988,sourced,"socrata_vcti-mbcd@2026-09-14, socrata_igwz-8jzy@2026-09-09"
449,MCGUANE (JOHN),2,0002-01,McGuane Park Fieldhouse,field_house,FIELDHOUSE A2,A2,ACTIVE,1974,2,33632,CPD,2901 S POPLAR AVE,11,BRIDGEPORT,41.841037,-87.648687,sourced,"socrata_vcti-mbcd@2026-09-14, socrata_igwz-8jzy@2026-09-09"
450,MCKINLEY (WILLIAM),23,0023-01,Comfort Station,other,COMFORT STATION,,ACTIVE,,1,,CPD,,12,MCKINLEY PARK,41.825843,-87.681316,sourced,"socrata_vcti-mbcd@2026-09-14, socrata_igwz-8jzy@2026-09-09"
451,MCKINLEY (WILLIAM),23,0023-02,,other,UTILITY STRUCTURE,,ACTIVE,,,,CPD,,12,MCKINLEY PARK,41.824743,-87.683891,sourced,"socrata_vcti-mbcd@2026-09-14, socrata_igwz-8jzy@2026-09-09"
452,MCKINLEY (WILLIAM),23,0023-03,McKinley Park Fieldhouse,field_house,FIELDHOUSE A3,A3,ACTIVE,1916,2,28255,CPD,2210 W PERSHING RD,12,MCKINLEY PARK,41.823731,-87.682457,sourced,"socrata_vcti-mbcd@2026-09-14, socrata_igwz-8jzy@2026-09-09"
453,MCKINLEY (WILLIAM),23,0023-04,,other,UTILITY STRUCTURE,,ACTIVE,,,,CPD,,12,MCKINLEY PARK,41.823187,-87.682437,sourced,"socrata_vcti-mbcd@2026-09-14, socrata_igwz-8jzy@2026-09-09"
454,MCKINLEY (WILLIAM),23,0023-05,Powerhouse,other,UTILITY STRUCTURE,,ACTIVE,,,,CPD,,12,MCKINLEY PARK,41.824982,-87.683589,sourced,"socrata_vcti-mbcd@2026-09-14, socrata_igwz-8jzy@2026-09-09"
455,MCKINLEY (WILLIAM),23,0023-06,Service Yard,other,MAINTENANCE,,ACTIVE,,,,CPD,,12,MCKINLEY PARK,41.82344,-87.680423,sourced,"socrata_vcti-mbcd@2026-09-14, socrata_igwz-8jzy@2026-09-09"
456,MERRIMAC,256,0256-01,Merrimac Park Fieldhouse,field_house,FIELDHOUSE A4,A4,ACTIVE,1969,1,18389,CPD,6343 W IRVING PARK RD,38,DUNNING,41.952396,-87.785013,sourced,"socrata_vcti-mbcd@2026-09-14, socrata_igwz-8jzy@2026-09-09"
457,MEYERING (WILLIAM),1049,1049-01,Meyering Park Fieldhouse,field_house,FIELDHOUSE D,D,ACTIVE,1947,1,,CPD,7140 S DR MARTIN LUTHER KING JR DR,6,GREATER GRAND CROSSING,41.764614,-87.616039,sourced,"socrata_vcti-mbcd@2026-09-14, socrata_igwz-8jzy@2026-09-09"
458,MEYERING (WILLIAM),1049,1049-02,,other,UTILITY STRUCTURE,,ACTIVE,,,,CPD,,6,GREATER GRAND CROSSING,41.764845,-87.615746,sourced,"socrata_vcti-mbcd@2026-09-14, socrata_igwz-8jzy@2026-09-09"
459,MINUTEMAN,307,0307-01,Minuteman Park Fieldhouse,field_house,FIELDHOUSE D,D,ACTIVE,1975,1,,CPD,5940 S CENTRAL AVE,23,GARFIELD RIDGE,41.785461,-87.762775,sourced,"socrata_vcti-mbcd@2026-09-14, socrata_igwz-8jzy@2026-09-09"
460,MORAN (TERRANCE),1051,1051-01,Moran Park Fieldhouse,field_house,FIELDHOUSE D,D,ACTIVE,1927,1,1680,CPD,5727 S RACINE AVE,16,ENGLEWOOD,41.789636,-87.65457,sourced,"socrata_vcti-mbcd@2026-09-14, socrata_igwz-8jzy@2026-09-09"
461,MOUNT GREENWOOD,251,0251-01,,other,UNIDENTIFIED,,ACTIVE,,,,,,19,MOUNT GREENWOOD,41.690994,-87.714405,sourced,"socrata_vcti-mbcd@2026-09-14, socrata_igwz-8jzy@2026-09-09"
462,MOUNT GREENWOOD,251,0251-02,Mount Greenwood Park Fieldhouse,field_house,FIELDHOUSE A3,A3,ACTIVE,,1,23455,CPD,3721 W 111TH ST,19,MOUNT GREENWOOD,41.69099,-87.713746,sourced,"socrata_vcti-mbcd@2026-09-14, socrata_igwz-8jzy@2026-09-09"
463,MOUNT GREENWOOD,251,0251-03,,other,UTILITY STRUCTURE,,ACTIVE,,,,CPD,,19,MOUNT GREENWOOD,41.691114,-87.715262,sourced,"socrata_vcti-mbcd@2026-09-14, socrata_igwz-8jzy@2026-09-09"
464,MOUNT GREENWOOD,251,0251-04,Recreation Building,other,MAINTENANCE,,ACTIVE,,1,,CPD,3711 W 111TH ST,19,MOUNT GREENWOOD,41.690481,-87.712015,sourced,"socrata_vcti-mbcd@2026-09-14, socrata_igwz-8jzy@2026-09-09"
465,MOZART (AMADEUS),128,0128-01,Recreation Building,field_house,FIELDHOUSE C,C,ACTIVE,1914,1,2645,CPD,3840 W ARMITAGE AVE,26,LOGAN SQUARE,41.91755,-87.723278,sourced,"socrata_vcti-mbcd@2026-09-14, socrata_igwz-8jzy@2026-09-09"
466,MOZART (AMADEUS),128,0128-02,Mozart Park Fieldhouse,field_house,FIELDHOUSE A4,A4,ACTIVE,1963,1,15935,CPD,2036 N AVERS AVE,26,LOGAN SQUARE,41.917929,-87.723751,sourced,"socrata_vcti-mbcd@2026-09-14, socrata_igwz-8jzy@2026-09-09"
467,MUNROE,1052,1052-01,Munroe Park Fieldhouse,field_house,FIELDHOUSE D,D,ACTIVE,1948,1,,CPD,2617 W 105TH ST,19,BEVERLY,41.702555,-87.687027,sourced,"socrata_vcti-mbcd@2026-09-14, socrata_igwz-8jzy@2026-09-09"
468,MUNROE,1052,1052-02,,other,UTILITY STRUCTURE,,ACTIVE,,,,CPD,,19,BEVERLY,41.702542,-87.687183,sourced,"socrata_vcti-mbcd@2026-09-14, socrata_igwz-8jzy@2026-09-09"
469,MURRAY (DAVID),1053,1053-01,Murray Park Fieldhouse,field_house,FIELDHOUSE D,D,ACTIVE,1929,1,1655,CPD,1743 W 73RD ST,17,WEST ENGLEWOOD,41.761077,-87.667965,sourced,"socrata_vcti-mbcd@2026-09-14, socrata_igwz-8jzy@2026-09-09"
470,NASH (DON) COMM. CTR.,482,0482-01,Nash Community Center,field_house,FIELDHOUSE A2,A2,ACTIVE,1992,3,30995,CPD,1833 E 71ST ST,7,SOUTH SHORE,41.765859,-87.579954,sourced,"socrata_vcti-mbcd@2026-09-14, socrata_igwz-8jzy@2026-09-09"
471,NORMANDY,1054,1054-01,Normandy Park Fieldhouse,field_house,FIELDHOUSE D,D,ACTIVE,1958,1,,CPD,6640 W 52ND ST,14,GARFIELD RIDGE,41.797932,-87.788684,sourced,"socrata_vcti-mbcd@2026-09-14, socrata_igwz-8jzy@2026-09-09"
472,NORTH PARK VILLAGE NATURE CENTER,533,0533-01,North Park Village Nature Center,field_house,FIELDHOUSE C,C,ACTIVE,,2,,CITY,5801 N PULASKI RD,39,NORTH PARK,41.987911,-87.724376,sourced,"socrata_vcti-mbcd@2026-09-14, socrata_igwz-8jzy@2026-09-09"
473,NORTH PARK VILLAGE NATURE CENTER,533,0533-02,NORTH PARK VILLAGE - MISC BLDG,other,UNIDENTIFIED,,ACTIVE,,,,CITY,5801 N PULASKI RD,39,NORTH PARK,41.988175,-87.724161,sourced,"socrata_vcti-mbcd@2026-09-14, socrata_igwz-8jzy@2026-09-09"
474,NORTHERLY ISLAND,34,0034-01,12th Street Beach Concession,other,CONCESSION,,ACTIVE,,1,,CPD,,4,NEAR SOUTH SIDE,41.864605,-87.607709,sourced,"socrata_vcti-mbcd@2026-09-14, socrata_igwz-8jzy@2026-09-09"
475,NORTHERLY ISLAND,34,0034-02,,other,UTILITY STRUCTURE,,ACTIVE,,,,CPD,,4,NEAR SOUTH SIDE,41.86076,-87.610313,sourced,"socrata_vcti-mbcd@2026-09-14, socrata_igwz-8jzy@2026-09-09"
476,NORTHERLY ISLAND,34,0034-03,Storage,other,UTILITY STRUCTURE,,ACTIVE,,,,CPD,,4,NEAR SOUTH SIDE,41.862043,-87.609712,sourced,"socrata_vcti-mbcd@2026-09-14, socrata_igwz-8jzy@2026-09-09"
477,NORTHERLY ISLAND,34,0034-04,12th Street Beach Comfort Station,field_house,FIELDHOUSE BH2,BH2,ACTIVE,,1,,CPD,,4,NEAR SOUTH SIDE,41.864448,-87.607771,sourced,"socrata_vcti-mbcd@2026-09-14, socrata_igwz-8jzy@2026-09-09"
478,NORTHERLY ISLAND,34,0034-05,Judd Goldman Sailing Center,other,HARBOR BUILDING,,ACTIVE,,1,,CPD,1362 S LINN WHITE DR,4,NEAR SOUTH SIDE,41.864933,-87.609909,sourced,"socrata_vcti-mbcd@2026-09-14, socrata_igwz-8jzy@2026-09-09"
479,NORTHERLY ISLAND,34,0034-06,,other,MAINTENANCE,,ACTIVE,,,,CPD,1700 S LINN WHITE DR,4,NEAR SOUTH SIDE,41.857998,-87.609688,sourced,"socrata_vcti-mbcd@2026-09-14, socrata_igwz-8jzy@2026-09-09"
480,NORTHERLY ISLAND,34,0034-07,Landscape Garage,other,MAINTENANCE,,ACTIVE,,,,CPD,,4,NEAR SOUTH SIDE,41.859278,-87.610086,sourced,"socrata_vcti-mbcd@2026-09-14, socrata_igwz-8jzy@2026-09-09"
481,NORTHERLY ISLAND,34,0034-08,Adler Planetarium,museum,MUSEUM,,ACTIVE,1930,1,,OTHER,1300 S LAKE SHORE DR,4,NEAR SOUTH SIDE,41.866419,-87.60662,sourced,"socrata_vcti-mbcd@2026-09-14, socrata_igwz-8jzy@2026-09-09"
482,NORTHERLY ISLAND,34,0034-09,Northerly Island Visitor Center,field_house,FIELDHOUSE C,C,ACTIVE,1961,2,5778,CPD,1500 S LINN WHITE DR,4,NEAR SOUTH SIDE,41.860489,-87.609961,sourced,"socrata_vcti-mbcd@2026-09-14, socrata_igwz-8jzy@2026-09-09"
483,NORTHERLY ISLAND,34,0034-10,Burnham Park Yacht Club,other,YACHT CLUB,,ACTIVE,,,,,1500 S LINN WHITE DR,4,NEAR SOUTH SIDE,41.862351,-87.609523,sourced,"socrata_vcti-mbcd@2026-09-14, socrata_igwz-8jzy@2026-09-09"
484,NORWOOD,141,0141-01,Service Yard,other,MAINTENANCE,,ACTIVE,,,,CPD,,41,NORWOOD PARK,41.987372,-87.792529,sourced,"socrata_vcti-mbcd@2026-09-14, socrata_igwz-8jzy@2026-09-09"
485,NORWOOD,141,0141-02,Norwood Park Fieldhouse,field_house,FIELDHOUSE A4,A4,ACTIVE,1928,1,15725,CPD,5801 N NATOMA AVE,41,NORWOOD PARK,41.986619,-87.793421,sourced,"socrata_vcti-mbcd@2026-09-14, socrata_igwz-8jzy@2026-09-09"
486,NORWOOD,141,0141-03,Filter Building,pool,POOL BUILDING,,ACTIVE,,1,,CPD,,41,NORWOOD PARK,41.986979,-87.793602,sourced,"socrata_vcti-mbcd@2026-09-14, socrata_igwz-8jzy@2026-09-09"
487,OAKDALE,235,0235-01,Bath House,pool,POOL BUILDING,,ACTIVE,1960,1,1400,CPD,,21,WASHINGTON HEIGHTS,41.719788,-87.649231,sourced,"socrata_vcti-mbcd@2026-09-14, socrata_igwz-8jzy@2026-09-09"
488,OAKDALE,235,0235-02,Oakdale Park Fieldhouse,field_house,FIELDHOUSE C,C,ACTIVE,1952,1,4515,CPD,965 W 95TH ST,21,WASHINGTON HEIGHTS,41.72059,-87.64755,sourced,"socrata_vcti-mbcd@2026-09-14, socrata_igwz-8jzy@2026-09-09"
489,OAKDALE,235,0235-03,Filter Building,pool,POOL BUILDING,,ACTIVE,1994,1,400,CPD,,21,WASHINGTON HEIGHTS,41.719495,-87.649,sourced,"socrata_vcti-mbcd@2026-09-14, socrata_igwz-8jzy@2026-09-09"
490,OGDEN (WILLIAM),8,0008-03,Ogden Park Fieldhouse,field_house,FIELDHOUSE A3,A3,ACTIVE,1904,2,28817,CPD,6500 S RACINE AVE,17,WEST ENGLEWOOD,41.77507,-87.655266,sourced,"socrata_vcti-mbcd@2026-09-14, socrata_igwz-8jzy@2026-09-09"
491,OGDEN (WILLIAM),8,0008-02,Boiler Room,other,UTILITY STRUCTURE,,ACTIVE,,1,,CPD,6500 S RACINE AVE,17,WEST ENGLEWOOD,41.775392,-87.654585,sourced,"socrata_vcti-mbcd@2026-09-14, socrata_igwz-8jzy@2026-09-09"
492,O'HALLAREN (BERNARD),1012,1012-01,O'Hallaren Park Fieldhouse,field_house,FIELDHOUSE D,D,ACTIVE,,1,778,CPD,8335 S HONORE ST,21,AUBURN GRESHAM,41.742123,-87.66912,sourced,"socrata_vcti-mbcd@2026-09-14, socrata_igwz-8jzy@2026-09-09"
493,OLYMPIA,60,0060-01,Olympia Park Fieldhouse,field_house,FIELDHOUSE A3,A3,ACTIVE,1970,1,21942,CPD,6566 N AVONDALE AVE,41,EDISON PARK,41.999382,-87.815155,sourced,"socrata_vcti-mbcd@2026-09-14, socrata_igwz-8jzy@2026-09-09"
494,OLYMPIA,60,0060-02,East Shelter,other,SHELTER,,ACTIVE,,1,,CPD,,41,EDISON PARK,41.999142,-87.814392,sourced,"socrata_vcti-mbcd@2026-09-14, socrata_igwz-8jzy@2026-09-09"
495,OLYMPIA,60,0060-03,West Shelter,other,SHELTER,,ACTIVE,,1,,CPD,,41,EDISON PARK,41.999258,-87.814603,sourced,"socrata_vcti-mbcd@2026-09-14, socrata_igwz-8jzy@2026-09-09"
496,ORIOLE,59,0059-01,Oriole Park Fieldhouse,field_house,FIELDHOUSE B,B,ACTIVE,1973,1,14800,CPD,5430 N OLCOTT AVE,41,NORWOOD PARK,41.978598,-87.814813,sourced,"socrata_vcti-mbcd@2026-09-14, socrata_igwz-8jzy@2026-09-09"
497,OWENS (JESSE),237,0237-01,Owens Park Fieldhouse,field_house,FIELDHOUSE A4,A4,ACTIVE,2009,1,18000,CPD,8800 S CLYDE AVE,8,CALUMET HEIGHTS,41.73527,-87.574034,sourced,"socrata_vcti-mbcd@2026-09-14, socrata_igwz-8jzy@2026-09-09"
498,PALMER (POTTER),13,0013-01,Palmer Park Fieldhouse,field_house,FIELDHOUSE A3,A3,ACTIVE,1904,2,12470,CPD,201 E 111TH ST,9,ROSELAND,41.691913,-87.61642,sourced,"socrata_vcti-mbcd@2026-09-14, socrata_igwz-8jzy@2026-09-09"
499,PALMER (POTTER),13,0013-03,Palmer Park Mens Gymnasium,field_house,FIELDHOUSE C,C,ACTIVE,,1,,CPD,201 E 111TH ST,9,ROSELAND,41.691925,-87.615361,sourced,"socrata_vcti-mbcd@2026-09-14, socrata_igwz-8jzy@2026-09-09"
500,PALMER (POTTER),13,0013-04,Power House,other,UTILITY STRUCTURE,,ACTIVE,1937,1,,CPD,,9,ROSELAND,41.692466,-87.616285,sourced,"socrata_vcti-mbcd@2026-09-14, socrata_igwz-8jzy@2026-09-09"
502,PALMER (POTTER),13,0013-06,Filter Building,pool,POOL BUILDING,,ACTIVE,,1,,CPD,,9,ROSELAND,41.692495,-87.615919,sourced,"socrata_vcti-mbcd@2026-09-14, socrata_igwz-8jzy@2026-09-09"
503,PARK NO. 422,422,0422-01,Shelter,other,SHELTER,,ACTIVE,,1,,CPD,,28,EAST GARFIELD PARK,41.874865,-87.707398,sourced,"socrata_vcti-mbcd@2026-09-14, socrata_igwz-8jzy@2026-09-09"
504,PARK NO. 512,512,0512-02,,other,MAINTENANCE,,ACTIVE,1974,1,1700,CPD,1826 N ASHLAND AVE,32,LOGAN SQUARE,41.915107,-87.668344,sourced,"socrata_vcti-mbcd@2026-09-14, socrata_igwz-8jzy@2026-09-09"
506,HONORÉ (BERTHA PALMER),520,0520-01,,other,UNIDENTIFIED,,ACTIVE,,,,,,2,WEST TOWN,41.898421,-87.673896,sourced,"socrata_vcti-mbcd@2026-09-14, socrata_igwz-8jzy@2026-09-09"
507,WARNER GARDEN,521,0521-01,,other,UTILITY STRUCTURE,,ACTIVE,,,,,,47,LAKE VIEW,41.957467,-87.666265,sourced,"socrata_vcti-mbcd@2026-09-14, socrata_igwz-8jzy@2026-09-09"
508,WARNER GARDEN,521,0521-02,Shelter,other,SHELTER,,ACTIVE,,1,,CPD,,47,LAKE VIEW,41.957335,-87.666173,sourced,"socrata_vcti-mbcd@2026-09-14, socrata_igwz-8jzy@2026-09-09"
509,PARK NO. 526,526,0526-01,,other,UTILITY STRUCTURE,,ACTIVE,,,,MWRD,6343 N MC CORMICK RD,50,NORTH PARK,41.996628,-87.711087,sourced,"socrata_vcti-mbcd@2026-09-14, socrata_igwz-8jzy@2026-09-09"
510,PARK NO. 527,527,0527-01,Candle Factory,other,MAINTENANCE,,ACTIVE,1974,1,79000,CPD,6201 S LA SALLE ST,20,GREATER GRAND CROSSING,41.781507,-87.628629,sourced,"socrata_vcti-mbcd@2026-09-14, socrata_igwz-8jzy@2026-09-09"
511,PARK NO. 527,527,0527-02,Candle Factory,other,MAINTENANCE,,ACTIVE,1949,1,3100,CPD,6201 S WENTWORTH AVE,20,ENGLEWOOD,41.78145,-87.629843,sourced,"socrata_vcti-mbcd@2026-09-14, socrata_igwz-8jzy@2026-09-09"
512,PARK NO. 527,527,0527-03,Candle Factory,other,MAINTENANCE,,ACTIVE,1900,3,45800,CPD,6226 S LA SALLE ST,20,ENGLEWOOD,41.781026,-87.629341,sourced,"socrata_vcti-mbcd@2026-09-14, socrata_igwz-8jzy@2026-09-09"
513,PARK NO. 528,528,0528-01,Comfort Station,other,COMFORT STATION,,ACTIVE,,1,,CPD,,13,WEST LAWN,41.776823,-87.736053,sourced,"socrata_vcti-mbcd@2026-09-14, socrata_igwz-8jzy@2026-09-09"
514,PASCHEN (CHRISTIAN),1057,1057-01,Paschen Park Fieldhouse,field_house,FIELDHOUSE D,D,ACTIVE,1929,1,1650,CPD,1932 W LUNT AVE,49,ROGERS PARK,42.009254,-87.679359,sourced,"socrata_vcti-mbcd@2026-09-14, socrata_igwz-8jzy@2026-09-09"
515,PETERSON (PEHR SAMUEL),452,0452-01,Peterson Park Fieldhouse,field_house,FIELDHOUSE C,C,ACTIVE,,3,13270,CITY,5801 N PULASKI RD,39,NORTH PARK,41.986917,-87.720594,sourced,"socrata_vcti-mbcd@2026-09-14, socrata_igwz-8jzy@2026-09-09"
516,PIETROWSKI (SYLVESTER),1058,1058-01,Pietrowski Park Fieldhouse,field_house,FIELDHOUSE D,D,ACTIVE,1956,1,,CPD,9650 S AVENUE M,10,EAST SIDE,41.719866,-87.537887,sourced,"socrata_vcti-mbcd@2026-09-14, socrata_igwz-8jzy@2026-09-09"
517,PIOTROWSKI (LILLIAN),230,0230-01,,other,UTILITY STRUCTURE,,ACTIVE,,,,CPD,,22,SOUTH LAWNDALE,41.834979,-87.732098,sourced,"socrata_vcti-mbcd@2026-09-14, socrata_igwz-8jzy@2026-09-09"
518,PIOTROWSKI (LILLIAN),230,0230-02,Piotrowski Park Fieldhouse,field_house,FIELDHOUSE A2,A2,ACTIVE,1972,2,31075,CPD,4247 W 31ST ST,22,SOUTH LAWNDALE,41.836379,-87.730777,sourced,"socrata_vcti-mbcd@2026-09-14, socrata_igwz-8jzy@2026-09-09"
519,PIOTROWSKI (LILLIAN),230,0230-03,Comfort Station,other,COMFORT STATION,,ACTIVE,,1,,CPD,,22,SOUTH LAWNDALE,41.834744,-87.729739,sourced,"socrata_vcti-mbcd@2026-09-14, socrata_igwz-8jzy@2026-09-09"
520,PORTAGE,147,0147-01,Portage Park Fieldhouse,field_house,FIELDHOUSE C,C,ACTIVE,1922,,26721,CPD,4100 N LONG AVE,38,PORTAGE PARK,41.955372,-87.763653,sourced,"socrata_vcti-mbcd@2026-09-14, socrata_igwz-8jzy@2026-09-09"
521,PORTAGE,147,0147-02,Comfort Station,other,COMFORT STATION,,ACTIVE,,1,,CPD,,38,PORTAGE PARK,41.954652,-87.76602,sourced,"socrata_vcti-mbcd@2026-09-14, socrata_igwz-8jzy@2026-09-09"
522,PORTAGE,147,0147-04,Filter Building,pool,POOL BUILDING,,ACTIVE,1997,1,,CPD,,38,PORTAGE PARK,41.95604,-87.763003,sourced,"socrata_vcti-mbcd@2026-09-14, socrata_igwz-8jzy@2026-09-09"
523,PORTAGE,147,0147-05,Landscape Building,other,MAINTENANCE,,ACTIVE,,,,CPD,5505 W BERTEAU AVE,38,PORTAGE PARK,41.956394,-87.765785,sourced,"socrata_vcti-mbcd@2026-09-14, socrata_igwz-8jzy@2026-09-09"
524,PORTAGE,147,0147-06,Portage Gymnasium Building,field_house,FIELDHOUSE A4,A4,ACTIVE,1928,,17229,CPD,4101 N CENTRAL AVE,38,PORTAGE PARK,41.956069,-87.766042,sourced,"socrata_vcti-mbcd@2026-09-14, socrata_igwz-8jzy@2026-09-09"
525,PORTAGE,147,0147-07,Pavilion,other,SHELTER,,ACTIVE,,,,CPD,,38,PORTAGE PARK,41.954684,-87.766535,sourced,"socrata_vcti-mbcd@2026-09-14, socrata_igwz-8jzy@2026-09-09"
526,POTTAWATTOMIE,166,0166-01,Pottawattomie Park Fieldhouse,field_house,FIELDHOUSE A4,A4,ACTIVE,1972,1,19390,CPD,7340 N ROGERS AVE,49,ROGERS PARK,42.015178,-87.678136,sourced,"socrata_vcti-mbcd@2026-09-14, socrata_igwz-8jzy@2026-09-09"
527,PULASKI (CASIMER),217,0217-01,Locker Building,pool,POOL BUILDING,,ACTIVE,,,,CPD,1300 N NOBLE ST,2,WEST TOWN,41.905422,-87.663284,sourced,"socrata_vcti-mbcd@2026-09-14, socrata_igwz-8jzy@2026-09-09"
528,PULASKI (CASIMER),217,0217-02,Filter Building,pool,POOL BUILDING,,ACTIVE,,,,CPD,1419 W BLACKHAWK ST,2,WEST TOWN,41.905776,-87.663643,sourced,"socrata_vcti-mbcd@2026-09-14, socrata_igwz-8jzy@2026-09-09"
529,PULASKI (CASIMER),217,0217-03,Pulaski Park Fieldhouse,field_house,FIELDHOUSE A1,A1,ACTIVE,1912,2,60246,CPD,1419 W BLACKHAWK ST,2,WEST TOWN,41.906737,-87.663314,sourced,"socrata_vcti-mbcd@2026-09-14, socrata_igwz-8jzy@2026-09-09"
530,PULASKI (CASIMER),217,0217-04,Shelter,other,SHELTER,,ACTIVE,,1,,CPD,,2,WEST TOWN,41.905476,-87.662961,sourced,"socrata_vcti-mbcd@2026-09-14, socrata_igwz-8jzy@2026-09-09"
531,RAINBOW BEACH,1001,1001-01,Rainbow Beach Fieldhouse,field_house,FIELDHOUSE A4,A4,ACTIVE,2005,1,19700,CPD,2873 E 75TH,7,SOUTH SHORE,41.757921,-87.548268,sourced,"socrata_vcti-mbcd@2026-09-14, socrata_igwz-8jzy@2026-09-09"
532,RAINBOW BEACH,1001,1001-02,,other,MAINTENANCE,,ACTIVE,,,,CPD,,7,SOUTH SHORE,41.759285,-87.554348,sourced,"socrata_vcti-mbcd@2026-09-14, socrata_igwz-8jzy@2026-09-09"
533,RAINBOW BEACH,1001,1001-03,Rainbow Beach Beach House,field_house,FIELDHOUSE BH2,BH2,ACTIVE,2005,1,1350,CPD,,7,SOUTH SHORE,41.758363,-87.549419,sourced,"socrata_vcti-mbcd@2026-09-14, socrata_igwz-8jzy@2026-09-09"
534,RAINBOW BEACH,1001,1001-04,,other,UTILITY STRUCTURE,,ACTIVE,,,,CPD,,7,SOUTH SHORE,41.758858,-87.552349,sourced,"socrata_vcti-mbcd@2026-09-14, socrata_igwz-8jzy@2026-09-09"
535,REVERE (PAUL),185,0185-01,Boys and Girls Club,field_house,FIELDHOUSE C,C,ACTIVE,1957,1,8000,CPD,2501 W IRVING PARK RD,47,NORTH CENTER,41.953673,-87.691313,sourced,"socrata_vcti-mbcd@2026-09-14, socrata_igwz-8jzy@2026-09-09"
536,REVERE (PAUL),185,0185-02,Revere Park Fieldhouse,field_house,FIELDHOUSE A4,A4,ACTIVE,,1,16168,CPD,2509 W IRVING PARK RD,47,NORTH CENTER,41.953644,-87.692044,sourced,"socrata_vcti-mbcd@2026-09-14, socrata_igwz-8jzy@2026-09-09"
537,RIDGE,175,0175-01,,other,UTILITY STRUCTURE,,ACTIVE,,,,CPD,,19,BEVERLY,41.718253,-87.667605,sourced,"socrata_vcti-mbcd@2026-09-14, socrata_igwz-8jzy@2026-09-09"
538,RIDGE,175,0175-02,Ridge Park Ceramics Building,other,OTHER,,ACTIVE,,1,,CPD,9625 S LONGWOOD DR,19,BEVERLY,41.716714,-87.668292,sourced,"socrata_vcti-mbcd@2026-09-14, socrata_igwz-8jzy@2026-09-09"
539,RIDGE,175,0175-03,Ridge Park Fieldhouse,field_house,FIELDHOUSE A1,A1,ACTIVE,1929,2,41717,CPD,9625 S LONGWOOD DR,19,BEVERLY,41.718569,-87.667763,sourced,"socrata_vcti-mbcd@2026-09-14, socrata_igwz-8jzy@2026-09-09"
540,RIIS (JACOB),123,0123-01,Riis Park Fieldhouse,field_house,FIELDHOUSE C,C,ACTIVE,1929,2,22680,CPD,6100 W FULLERTON AVE,30,BELMONT CRAGIN,41.924184,-87.778574,sourced,"socrata_vcti-mbcd@2026-09-14, socrata_igwz-8jzy@2026-09-09"
541,RIIS (JACOB),123,0123-02,Comfort Station,other,COMFORT STATION,,ACTIVE,1935,1,,CPD,,30,BELMONT CRAGIN,41.926532,-87.781594,sourced,"socrata_vcti-mbcd@2026-09-14, socrata_igwz-8jzy@2026-09-09"
543,RIIS (JACOB),123,0123-04,Bath House,pool,POOL BUILDING,,ACTIVE,,1,,CPD,6136 W FULLERTON AVE,30,BELMONT CRAGIN,41.924107,-87.779736,sourced,"socrata_vcti-mbcd@2026-09-14, socrata_igwz-8jzy@2026-09-09"
544,RIIS (JACOB),123,0123-05,Pergola,other,SHELTER,,ACTIVE,,1,,CPD,6100 W FULLERTON AVE,30,BELMONT CRAGIN,41.924781,-87.779429,sourced,"socrata_vcti-mbcd@2026-09-14, socrata_igwz-8jzy@2026-09-09"
545,RIIS (JACOB),123,0123-06,Service Yard,other,MAINTENANCE,,ACTIVE,,,,CPD,6300 W FULLERTON AVE,30,BELMONT CRAGIN,41.924122,-87.782845,sourced,"socrata_vcti-mbcd@2026-09-14, socrata_igwz-8jzy@2026-09-09"
546,RIVER,186,0186-01,Bath House,pool,POOL BUILDING,,ACTIVE,,1,,CPD,,40,LINCOLN SQUARE,41.974149,-87.702431,sourced,"socrata_vcti-mbcd@2026-09-14, socrata_igwz-8jzy@2026-09-09"
547,RIVER,186,0186-02,Filter Building,pool,POOL BUILDING,,ACTIVE,,1,,CPD,,40,LINCOLN SQUARE,41.973737,-87.702742,sourced,"socrata_vcti-mbcd@2026-09-14, socrata_igwz-8jzy@2026-09-09"
548,RIVER,186,0186-03,,other,UNIDENTIFIED,,ACTIVE,,,,,,40,LINCOLN SQUARE,41.973516,-87.703004,sourced,"socrata_vcti-mbcd@2026-09-14, socrata_igwz-8jzy@2026-09-09"
549,WILDWOOD,257,0257-03,Storage Shed,other,UTILITY STRUCTURE,,ACTIVE,2009,1,1152,CPD,,41,FOREST GLEN,42.008372,-87.779955,sourced,"socrata_vcti-mbcd@2026-09-14, socrata_igwz-8jzy@2026-09-09"
550,RIVER,186,0186-05,,other,UNIDENTIFIED,,ACTIVE,,,,,,40,LINCOLN SQUARE,41.973556,-87.70276,sourced,"socrata_vcti-mbcd@2026-09-14, socrata_igwz-8jzy@2026-09-09"
551,RIVER,186,0186-06,River Park Fieldhouse,field_house,FIELDHOUSE A3,A3,ACTIVE,1929,2,23760,CPD,5100 N FRANCISCO AVE,40,LINCOLN SQUARE,41.974008,-87.701964,sourced,"socrata_vcti-mbcd@2026-09-14, socrata_igwz-8jzy@2026-09-09"
552,ROBICHAUX (JOSEPH),320,0320-01,Robichaux Park Fieldhouse,field_house,FIELDHOUSE A4,A4,ACTIVE,1973,1,16745,CPD,9247 S EGGLESTON AVE,21,WASHINGTON HEIGHTS,41.725697,-87.634499,sourced,"socrata_vcti-mbcd@2026-09-14, socrata_igwz-8jzy@2026-09-09"
553,ROBINSON (JACKIE),236,0236-01,Rec Building,field_house,FIELDHOUSE D,D,ACTIVE,,1,2072,CPD,1021 W 106TH ST,34,WASHINGTON HEIGHTS,41.701204,-87.648586,sourced,"socrata_vcti-mbcd@2026-09-14, socrata_igwz-8jzy@2026-09-09"
554,ROGERS (PHILLIP),240,0240-01,Rogers Park Fieldhouse,field_house,FIELDHOUSE D,D,ACTIVE,1960,1,,CPD,7345 N WASHTENAW AVE,50,WEST RIDGE,42.013292,-87.695173,sourced,"socrata_vcti-mbcd@2026-09-14, socrata_igwz-8jzy@2026-09-09"
555,ROSEDALE,91,0091-01,Rosedale Park Fieldhouse,field_house,FIELDHOUSE B,B,ACTIVE,1934,2,11222,CPD,6312 W ROSEDALE AVE,45,NORWOOD PARK,41.988702,-87.785783,sourced,"socrata_vcti-mbcd@2026-09-14, socrata_igwz-8jzy@2026-09-09"
556,ROWAN (WILLIAM),248,0248-01,,other,UTILITY STRUCTURE,,ACTIVE,,,,CPD,,10,EAST SIDE,41.685761,-87.539752,sourced,"socrata_vcti-mbcd@2026-09-14, socrata_igwz-8jzy@2026-09-09"
557,ROWAN (WILLIAM),248,0248-02,Rowan Park Fieldhouse,field_house,FIELDHOUSE A4,A4,ACTIVE,1987,1,17435,CPD,11546 S AVENUE L,10,EAST SIDE,41.684952,-87.537371,sourced,"socrata_vcti-mbcd@2026-09-14, socrata_igwz-8jzy@2026-09-09"
558,RUSSELL (MARTIN) SQUARE,6,0006-01,Russell Square Fieldhouse,field_house,FIELDHOUSE A3,A3,ACTIVE,1969,1,21330,CPD,3045 E 83RD ST,10,SOUTH CHICAGO,41.744445,-87.549788,sourced,"socrata_vcti-mbcd@2026-09-14, socrata_igwz-8jzy@2026-09-09"
559,RUSSELL (MARTIN) SQUARE,6,0006-02,Shelter,other,SHELTER,,ACTIVE,,1,,CPD,8333 S HOUSTON AVE,10,SOUTH CHICAGO,41.743798,-87.549927,sourced,"socrata_vcti-mbcd@2026-09-14, socrata_igwz-8jzy@2026-09-09"
560,RUTHERFORD SAYRE,127,0127-01,Rutherford Sayre Fieldhouse,field_house,FIELDHOUSE A4,A4,ACTIVE,1916,1,15562,CPD,6851 W BELDEN AVE,29,MONTCLARE,41.920758,-87.796977,sourced,"socrata_vcti-mbcd@2026-09-14, socrata_igwz-8jzy@2026-09-09"
561,SAUGANASH,195,0195-01,Sauganash Park Fieldhouse,field_house,FIELDHOUSE A4,A4,ACTIVE,1977,2,18745,CPD,5861 N KOSTNER AVE,39,FOREST GLEN,41.988016,-87.737076,sourced,"socrata_vcti-mbcd@2026-09-14, socrata_igwz-8jzy@2026-09-09"
562,SCHREIBER,1061,1061-01,Schreiber Park Fieldhouse,field_house,FIELDHOUSE D,D,ACTIVE,1950,1,990,CPD,1552 W SCHREIBER AVE,40,ROGERS PARK,41.999125,-87.67007,sourced,"socrata_vcti-mbcd@2026-09-14, socrata_igwz-8jzy@2026-09-09"
563,SCOTTSDALE,265,0265-01,Scottsdale Park Fieldhouse,field_house,FIELDHOUSE A3,A3,ACTIVE,1981,2,21825,CPD,4558 W 83RD PL,18,ASHBURN,41.74166,-87.736176,sourced,"socrata_vcti-mbcd@2026-09-14, socrata_igwz-8jzy@2026-09-09"
564,"SENKA (EDWARD ""DUKE"")",309,0309-01,Sandoval Elementary,field_house,FIELDHOUSE JOINT,JOINT,ACTIVE,1997,3,,BOE,5534 S ST LOUIS AVE,14,GAGE PARK,41.792996,-87.712328,sourced,"socrata_vcti-mbcd@2026-09-14, socrata_igwz-8jzy@2026-09-09"
565,"SENKA (EDWARD ""DUKE"")",309,0309-02,Shelter,other,SHELTER,,ACTIVE,,1,,CPD,,14,GAGE PARK,41.791552,-87.711657,sourced,"socrata_vcti-mbcd@2026-09-14, socrata_igwz-8jzy@2026-09-09"
566,SEWARD (WILLIAM),108,0108-01,Seward Park Fieldhouse,field_house,FIELDHOUSE A3,A3,ACTIVE,1908,2,27703,CPD,363 W ELM ST,27,NEAR NORTH SIDE,41.902678,-87.638164,sourced,"socrata_vcti-mbcd@2026-09-14, socrata_igwz-8jzy@2026-09-09"
567,SHABBONA,148,0148-01,North Shelter,other,SHELTER,,ACTIVE,,1,,CPD,,38,DUNNING,41.944115,-87.799199,sourced,"socrata_vcti-mbcd@2026-09-14, socrata_igwz-8jzy@2026-09-09"
568,SHABBONA,148,0148-02,Shabbona Park Fieldhouse,field_house,FIELDHOUSE A1,A1,ACTIVE,1930,2,41790,CPD,6915 W ADDISON ST,38,DUNNING,41.94344,-87.7996,sourced,"socrata_vcti-mbcd@2026-09-14, socrata_igwz-8jzy@2026-09-09"
569,SHABBONA,148,0148-03,South Shelter,other,SHELTER,,ACTIVE,,1,,CPD,,38,DUNNING,41.943923,-87.799191,sourced,"socrata_vcti-mbcd@2026-09-14, socrata_igwz-8jzy@2026-09-09"
570,SHEDD (JOHN G.),212,0212-01,Shedd Park Fieldhouse,field_house,FIELDHOUSE B,B,ACTIVE,1963,2,13612,CPD,3650 W 23RD ST,22,SOUTH LAWNDALE,41.850164,-87.717079,sourced,"socrata_vcti-mbcd@2026-09-14, socrata_igwz-8jzy@2026-09-09"
571,SHEIL (BERNARD) COMM. CTR.,398,0398-01,Sheil Community Center,field_house,FIELDHOUSE A3,A3,ACTIVE,1976,2,23000,CPD,3507 N SOUTHPORT AVE,44,LAKE VIEW,41.945727,-87.663617,sourced,"socrata_vcti-mbcd@2026-09-14, socrata_igwz-8jzy@2026-09-09"
572,SHERIDAN (PHILIP HENRY),205,0205-01,Sheridan Park Fieldhouse,field_house,FIELDHOUSE A2,A2,ACTIVE,1978,3,38640,CPD,900 S ABERDEEN ST,25,NEAR WEST SIDE,41.870503,-87.654692,sourced,"socrata_vcti-mbcd@2026-09-14, socrata_igwz-8jzy@2026-09-09"
573,SHERMAN (JOHN),7,0007-01,Sherman Park Fieldhouse,field_house,FIELDHOUSE A4,A4,ACTIVE,1905,2,19532,CPD,1301 W 52ND ST,20,NEW CITY,41.798432,-87.657421,sourced,"socrata_vcti-mbcd@2026-09-14, socrata_igwz-8jzy@2026-09-09"
574,SHERMAN (JOHN),7,0007-02,Sherman Park Library,other,LIBRARY,,ACTIVE,1937,1,,CITY,5440 S RACINE AVE,20,NEW CITY,41.794852,-87.655151,sourced,"socrata_vcti-mbcd@2026-09-14, socrata_igwz-8jzy@2026-09-09"
575,SHERMAN (JOHN),7,0007-03,Lifeguard Office,pool,POOL BUILDING,,ACTIVE,2006,1,14680,CPD,,20,NEW CITY,41.798956,-87.657423,sourced,"socrata_vcti-mbcd@2026-09-14, socrata_igwz-8jzy@2026-09-09"
576,SHERWOOD (JESSE),481,1014-01,Filter Building,pool,POOL BUILDING,,ACTIVE,2007,1,,CPD,,20,ENGLEWOOD,41.790494,-87.633224,sourced,"socrata_vcti-mbcd@2026-09-14, socrata_igwz-8jzy@2026-09-09"
577,SHERWOOD (JESSE),1014,1014-02,Sherwood Park Fieldhouse,field_house,FIELDHOUSE A3,A3,ACTIVE,1971,1,28485,CPD,5701 S SHIELDS AVE,20,ENGLEWOOD,41.790613,-87.633659,sourced,"socrata_vcti-mbcd@2026-09-14, socrata_igwz-8jzy@2026-09-09"
578,SIMONS (ALMIRA),124,0124-01,Simons Park Fieldhouse,field_house,FIELDHOUSE A3,A3,ACTIVE,1928,2,28640,CPD,1636 N DRAKE AVE,26,HUMBOLDT PARK,41.911142,-87.715403,sourced,"socrata_vcti-mbcd@2026-09-14, socrata_igwz-8jzy@2026-09-09"
579,SKINNER (MARK),211,0211-01,Skinner Park Fieldhouse,field_house,FIELDHOUSE D,D,ACTIVE,1957,1,1130,CPD,1330 W ADAMS ST,27,NEAR WEST SIDE,41.879959,-87.660855,sourced,"socrata_vcti-mbcd@2026-09-14, socrata_igwz-8jzy@2026-09-09"
580,SMITH (JOSEPH HIGGINS),1015,1015-01,Filter Building,pool,POOL BUILDING,,ACTIVE,,1,,CPD,,26,WEST TOWN,41.891778,-87.689512,sourced,"socrata_vcti-mbcd@2026-09-14, socrata_igwz-8jzy@2026-09-09"
581,SMITH (JOSEPH HIGGINS),1015,1015-02,Bath House,pool,POOL BUILDING,,ACTIVE,,1,1105,CPD,2526 W GRAND AVE,26,WEST TOWN,41.89195,-87.689952,sourced,"socrata_vcti-mbcd@2026-09-14, socrata_igwz-8jzy@2026-09-09"
582,SMITH (JOSEPH HIGGINS),1015,1015-03,Ceramics Building,field_house,FIELDHOUSE D,D,ACTIVE,,1,,CPD,2550 W GRAND AVE,26,WEST TOWN,41.892309,-87.691201,sourced,"socrata_vcti-mbcd@2026-09-14, socrata_igwz-8jzy@2026-09-09"
583,SMITH (JOSEPH HIGGINS),1015,1015-04,Smith Park Fieldhouse,field_house,FIELDHOUSE A4,A4,ACTIVE,,2,15575,CPD,2540 W GRAND AVE,26,WEST TOWN,41.892157,-87.690285,sourced,"socrata_vcti-mbcd@2026-09-14, socrata_igwz-8jzy@2026-09-09"
584,SMITH (WENDELL),272,0272-01,Smith Park Fieldhouse,field_house,FIELDHOUSE D,D,ACTIVE,1972,1,1765,CPD,9912 S PRINCETON AVE,9,ROSELAND,41.713905,-87.631217,sourced,"socrata_vcti-mbcd@2026-09-14, socrata_igwz-8jzy@2026-09-09"
585,SOUTH SHORE CULTL. CTR.,429,0429-01,South Shore Beach House,field_house,FIELDHOUSE BH2,BH2,ACTIVE,1972,1,,CPD,,5,SOUTH SHORE,41.768029,-87.561862,sourced,"socrata_vcti-mbcd@2026-09-14, socrata_igwz-8jzy@2026-09-09"
586,SOUTH SHORE CULTL. CTR.,429,0429-02,South Shore Gate House & Stables,other,HISTORIC,,ACTIVE,1906,,15100,CPD,7059 S SOUTH SHORE DR,5,SOUTH SHORE,41.766563,-87.564829,sourced,"socrata_vcti-mbcd@2026-09-14, socrata_igwz-8jzy@2026-09-09"
587,SOUTH SHORE CULTL. CTR.,429,0429-03,South Shore Cultural Center,field_house,FIELDHOUSE AA,AA,ACTIVE,1916,3,136014,CPD,7059 S SOUTH SHORE DR,5,SOUTH SHORE,41.768155,-87.563863,sourced,"socrata_vcti-mbcd@2026-09-14, socrata_igwz-8jzy@2026-09-09"
588,STANTON (EDWIN),109,0109-01,Stanton Park Fieldhouse,field_house,FIELDHOUSE A3,A3,ACTIVE,1964,1,24511,CPD,618 W SCOTT ST,27,NEAR NORTH SIDE,41.90552,-87.64416,sourced,"socrata_vcti-mbcd@2026-09-14, socrata_igwz-8jzy@2026-09-09"
589,STROHACKER (HOWARD),1016,1016-01,Strohacker Park Fieldhouse,field_house,FIELDHOUSE D,D,ACTIVE,1948,1,,CPD,4347 W 54TH ST,23,WEST ELSDON,41.794832,-87.732382,sourced,"socrata_vcti-mbcd@2026-09-14, socrata_igwz-8jzy@2026-09-09"
590,TAYLOR (ROBERT ROCHON),271,0271-01,Taylor Fieldhouse,field_house,FIELDHOUSE A3,A3,ACTIVE,1961,2,,CHA,37 W 47TH ST,3,GRAND BOULEVARD,41.808843,-87.62792,sourced,"socrata_vcti-mbcd@2026-09-14, socrata_igwz-8jzy@2026-09-09"
591,TAYLOR (ROBERT ROCHON),271,0271-02,Bath House,pool,POOL BUILDING,,ACTIVE,,1,,CHA,,3,GRAND BOULEVARD,41.807943,-87.62829,sourced,"socrata_vcti-mbcd@2026-09-14, socrata_igwz-8jzy@2026-09-09"
592,TAYLOR (ROBERT ROCHON),271,0271-03,Filter Building,pool,POOL BUILDING,,ACTIVE,,1,,CHA,,3,GRAND BOULEVARD,41.807609,-87.628096,sourced,"socrata_vcti-mbcd@2026-09-14, socrata_igwz-8jzy@2026-09-09"
593,"TAYLOR-LAURIDSEN (JOHN, EMIL)",1025,1025-01,Taylor-Lauridsen Fieldhouse,field_house,FIELDHOUSE A4,A4,ACTIVE,2009,1,18500,CPD,647 W ROOT ST,11,NEW CITY,41.818032,-87.643689,sourced,"socrata_vcti-mbcd@2026-09-14, socrata_igwz-8jzy@2026-09-09"
594,THROOP (AMOS GAGER),1159,1159-01,Shelter,other,SHELTER,,ACTIVE,,1,,CPD,,25,LOWER WEST SIDE,41.857395,-87.658616,sourced,"socrata_vcti-mbcd@2026-09-14, socrata_igwz-8jzy@2026-09-09"
595,TILTON (GEORGE),1064,1064-02,Marconi Elementary,field_house,FIELDHOUSE JOINT,JOINT,ACTIVE,,1,,BOE,230 N KOLMAR,28,WEST GARFIELD PARK,41.883999,-87.739542,sourced,"socrata_vcti-mbcd@2026-09-14, socrata_igwz-8jzy@2026-09-09"
596,TOUHY (PATRICK),246,0246-01,Recreation Building,field_house,FIELDHOUSE D,D,ACTIVE,,1,,CPD,7348 N PAULINA ST,49,ROGERS PARK,42.015273,-87.672979,sourced,"socrata_vcti-mbcd@2026-09-14, socrata_igwz-8jzy@2026-09-09"
597,"TOUHY-HERBERT (JOHN, VICTOR)",1065,1065-01,Touhy-Herbert Fieldhouse,field_house,FIELDHOUSE D,D,ACTIVE,1960,1,2615,CPD,2106 W ADAMS ST,27,NEAR WEST SIDE,41.878835,-87.679384,sourced,"socrata_vcti-mbcd@2026-09-14, socrata_igwz-8jzy@2026-09-09"
598,TRUMBULL (LYMAN),16,0016-01,Trumbull Park Fieldhouse,field_house,FIELDHOUSE A2,A2,ACTIVE,1915,2,35295,CPD,2400 E 105TH ST,7,SOUTH DEERING,41.705696,-87.564475,sourced,"socrata_vcti-mbcd@2026-09-14, socrata_igwz-8jzy@2026-09-09"
599,TRUMBULL (LYMAN),16,0016-02,Boiler House,other,UTILITY BUILDING,,ACTIVE,,1,3430,CPD,2400 E 105TH ST,7,SOUTH DEERING,41.704839,-87.564315,sourced,"socrata_vcti-mbcd@2026-09-14, socrata_igwz-8jzy@2026-09-09"
600,TULEY (MURRAY),18,0018-01,Tuley Park Fieldhouse,field_house,FIELDHOUSE A2,A2,ACTIVE,1925,2,36355,CPD,501 E 90TH PL,9,CHATHAM,41.730172,-87.611201,sourced,"socrata_vcti-mbcd@2026-09-14, socrata_igwz-8jzy@2026-09-09"
601,TULEY (MURRAY),18,0018-02,Boiler House,other,UTILITY STRUCTURE,,ACTIVE,,1,,CPD,9040 S ST LAWRENCE AVE,9,CHATHAM,41.730159,-87.610104,sourced,"socrata_vcti-mbcd@2026-09-14, socrata_igwz-8jzy@2026-09-09"
602,TULEY (MURRAY),18,0018-03,Bath House,pool,POOL BUILDING,,ACTIVE,1997,1,,CPD,9036 S ST LAWRENCE AVE,9,CHATHAM,41.730344,-87.610121,sourced,"socrata_vcti-mbcd@2026-09-14, socrata_igwz-8jzy@2026-09-09"
603,TULEY (MURRAY),18,0018-04,Filter Building,pool,POOL BUILDING,,ACTIVE,,1,,CPD,,9,CHATHAM,41.729933,-87.610623,sourced,"socrata_vcti-mbcd@2026-09-14, socrata_igwz-8jzy@2026-09-09"
604,UNION,210,0210-01,Locker/Gym Building,field_house,FIELDHOUSE B,B,ACTIVE,1917,1,,CPD,,27,NEAR WEST SIDE,41.885168,-87.666082,sourced,"socrata_vcti-mbcd@2026-09-14, socrata_igwz-8jzy@2026-09-09"
605,UNION,210,0210-02,Union Park Fieldhouse,field_house,FIELDHOUSE C,C,ACTIVE,1889,1,13915,CPD,1501 W RANDOLPH ST,27,NEAR WEST SIDE,41.884435,-87.664503,sourced,"socrata_vcti-mbcd@2026-09-14, socrata_igwz-8jzy@2026-09-09"
606,UNION,210,0210-03,Landscape Building,other,MAINTENANCE,,ACTIVE,,,,,1545 W LAKE ST,27,NEAR WEST SIDE,41.885053,-87.665546,sourced,"socrata_vcti-mbcd@2026-09-14, socrata_igwz-8jzy@2026-09-09"
607,UNITY,293,0293-01,Comfort Station,other,COMFORT STATION,,ACTIVE,2006,1,,CPD,2700 N KIMBALL AVE,35,LOGAN SQUARE,41.930291,-87.712676,sourced,"socrata_vcti-mbcd@2026-09-14, socrata_igwz-8jzy@2026-09-09"
608,VALLEY FORGE,371,0371-01,Valley Forge Fieldhouse,field_house,FIELDHOUSE B,B,ACTIVE,2010,1,10560,CPD,7021 W 59TH ST,13,CLEARING,41.784604,-87.796067,sourced,"socrata_vcti-mbcd@2026-09-14, socrata_igwz-8jzy@2026-09-09"
609,VETERANS' MEMORIAL,1067,1067-01,Veterans' Memorial Fieldhouse,field_house,FIELDHOUSE D,D,ACTIVE,1953,1,,CPD,2820 E 98TH ST,10,SOUTH DEERING,41.717669,-87.555837,sourced,"socrata_vcti-mbcd@2026-09-14, socrata_igwz-8jzy@2026-09-09"
610,VITTUM (HARRIET ELIZABETH),233,0233-01,Vittum Park Fieldhouse,field_house,FIELDHOUSE A3,A3,ACTIVE,,1,22760,CPD,5010 W 50TH ST,22,GARFIELD RIDGE,41.802451,-87.748215,sourced,"socrata_vcti-mbcd@2026-09-14, socrata_igwz-8jzy@2026-09-09"
611,VITTUM (HARRIET ELIZABETH),233,0233-02,Comfort Station,other,COMFORT STATION,,ACTIVE,,1,,CPD,5033 W 49TH ST,22,GARFIELD RIDGE,41.803661,-87.748836,sourced,"socrata_vcti-mbcd@2026-09-14, socrata_igwz-8jzy@2026-09-09"
612,WARREN (LAURENCE),428,0428-01,Warren Park Fieldhouse,field_house,FIELDHOUSE A3,A3,ACTIVE,1970,1,28390,CPD,6621 N WESTERN AVE,50,WEST RIDGE,42.002213,-87.68893,sourced,"socrata_vcti-mbcd@2026-09-14, socrata_igwz-8jzy@2026-09-09"
613,WARREN (LAURENCE),428,0428-02,Ice Rink Warming Hut,other,OTHER,,ACTIVE,2006,1,,CPD,6513 N WESTERN AVE,50,WEST RIDGE,42.002005,-87.688155,sourced,"socrata_vcti-mbcd@2026-09-14, socrata_igwz-8jzy@2026-09-09"
614,WARREN (LAURENCE),428,0428-03,,other,MAINTENANCE,,ACTIVE,,1,,CPD,2045 W PRATT BLVD,50,WEST RIDGE,42.004876,-87.681716,sourced,"socrata_vcti-mbcd@2026-09-14, socrata_igwz-8jzy@2026-09-09"
615,WARREN (LAURENCE),428,0428-04,Golf Starters Building,other,GOLF BUILDING,,ACTIVE,1978,1,,CPD,,50,WEST RIDGE,42.004814,-87.68271,sourced,"socrata_vcti-mbcd@2026-09-14, socrata_igwz-8jzy@2026-09-09"
616,WARREN (LAURENCE),428,0428-05,Comfort Station,other,COMFORT STATION,,ACTIVE,,1,1000,CPD,,50,WEST RIDGE,42.00019,-87.689385,sourced,"socrata_vcti-mbcd@2026-09-14, socrata_igwz-8jzy@2026-09-09"
617,WARREN (LAURENCE),428,0428-06,5th Hole Shelter,other,SHELTER,,ACTIVE,,1,,CPD,,50,WEST RIDGE,42.003451,-87.684393,sourced,"socrata_vcti-mbcd@2026-09-14, socrata_igwz-8jzy@2026-09-09"
618,WARREN (LAURENCE),428,0428-08,,other,UTILITY STRUCTURE,,ACTIVE,,,,CPD,,50,WEST RIDGE,42.004826,-87.685985,sourced,"socrata_vcti-mbcd@2026-09-14, socrata_igwz-8jzy@2026-09-09"
619,WARREN (LAURENCE),428,0428-07,1st Hole Shelter,other,SHELTER,,ACTIVE,,1,,CPD,,50,WEST RIDGE,42.004479,-87.681801,sourced,"socrata_vcti-mbcd@2026-09-14, socrata_igwz-8jzy@2026-09-09"
620,WASHINGTON (GEORGE),21,0021-01,Southeast Comfort Station,other,COMFORT STATION,,ACTIVE,1904,1,,CPD,,20,WASHINGTON PARK,41.790542,-87.60832,sourced,"socrata_vcti-mbcd@2026-09-14, socrata_igwz-8jzy@2026-09-09"
621,WASHINGTON (GEORGE),21,0021-02,Washington Park Refectory,other,HISTORIC,,ACTIVE,1891,2,2880,CPD,5531 S Russell Dr,20,WASHINGTON PARK,41.793021,-87.614218,sourced,"socrata_vcti-mbcd@2026-09-14, socrata_igwz-8jzy@2026-09-09"
622,WASHINGTON (GEORGE),21,0021-03,Washington Park Fieldhouse,field_house,FIELDHOUSE A1,A1,ACTIVE,1955,1,57439,CPD,5531 S DR MARTIN LUTHER KING JR DR,20,WASHINGTON PARK,41.793469,-87.615262,sourced,"socrata_vcti-mbcd@2026-09-14, socrata_igwz-8jzy@2026-09-09"
623,WASHINGTON (GEORGE),21,0021-04,General Jones Armory,other,ARMORY,,ACTIVE,,3,,STATE,5324 S COTTAGE GROVE AVE,4,WASHINGTON PARK,41.799317,-87.607015,sourced,"socrata_vcti-mbcd@2026-09-14, socrata_igwz-8jzy@2026-09-09"
624,WASHINGTON (GEORGE),21,0021-05,Roundhouse,other,HISTORIC,,ACTIVE,1880,1,,CPD,5730 S COTTAGE GROVE AVE,20,WASHINGTON PARK,41.790596,-87.606879,sourced,"socrata_vcti-mbcd@2026-09-14, socrata_igwz-8jzy@2026-09-09"
625,WASHINGTON (GEORGE),21,0021-06,Trades Yard,other,MAINTENANCE,,ACTIVE,,,,"CPD
CPD",5758 S COTTAGE GROVE AVE,20,WASHINGTON PARK,41.789599,-87.606767,sourced,"socrata_vcti-mbcd@2026-09-14, socrata_igwz-8jzy@2026-09-09"
626,WASHINGTON (GEORGE),21,0021-07,DuSable Museum of African-American History,museum,MUSEUM,,ACTIVE,1915,2,,CPD,740 E ADMINISTRATION DR,20,WASHINGTON PARK,41.792056,-87.607282,sourced,"socrata_vcti-mbcd@2026-09-14, socrata_igwz-8jzy@2026-09-09"
627,WASHINGTON (GEORGE),21,0021-08,Washington Trades Yard,other,MAINTENANCE,,ACTIVE,,,83000,CPD,5800 S COTTAGE GROVE AVE,20,WASHINGTON PARK,41.788677,-87.606715,sourced,"socrata_vcti-mbcd@2026-09-14, socrata_igwz-8jzy@2026-09-09"
628,WASHINGTON (GEORGE),21,0021-09,The Chalet,other,HISTORIC,,INACTIVE,1930,1,,CPD,,4,WASHINGTON PARK,41.797701,-87.607199,sourced,"socrata_vcti-mbcd@2026-09-14, socrata_igwz-8jzy@2026-09-09"
629,WASHINGTON (GEORGE),21,0021-10,55th & Payne Comfort Station,other,COMFORT STATION,,ACTIVE,,1,,CPD,,20,WASHINGTON PARK,41.794702,-87.608185,sourced,"socrata_vcti-mbcd@2026-09-14, socrata_igwz-8jzy@2026-09-09"
630,WASHINGTON (GEORGE),21,0021-11,Trades Garage,other,MAINTENANCE,,ACTIVE,,,,CPD,5758 S COTTAGE GROVE AVE,20,WASHINGTON PARK,41.789751,-87.606496,sourced,"socrata_vcti-mbcd@2026-09-14, socrata_igwz-8jzy@2026-09-09"
631,WASHINGTON (GEORGE),21,0021-12,Power House,other,UTILITY STRUCTURE,,ACTIVE,1907,1,,CPD,5746 S COTTAGE GROVE AVE,20,WASHINGTON PARK,41.790052,-87.606507,sourced,"socrata_vcti-mbcd@2026-09-14, socrata_igwz-8jzy@2026-09-09"
632,WASHINGTON (GEORGE),21,0021-13,Bleachers,pool,POOL BUILDING,,ACTIVE,1995,,,CPD,,20,WASHINGTON PARK,41.792664,-87.614944,sourced,"socrata_vcti-mbcd@2026-09-14, socrata_igwz-8jzy@2026-09-09"
633,WASHTENAW,1070,1070-01,Washtenaw Park Fieldhouse,field_house,FIELDHOUSE D,D,ACTIVE,1936,1,1041,CPD,2521 S WASHTENAW AVE,24,SOUTH LAWNDALE,41.845862,-87.69264,sourced,"socrata_vcti-mbcd@2026-09-14, socrata_igwz-8jzy@2026-09-09"
634,WELLES (GIDEON),110,0110-01,Welles Park Fieldhouse,field_house,FIELDHOUSE A2,A2,ACTIVE,1959,1,15000,CPD,2333 W SUNNYSIDE AVE,47,LINCOLN SQUARE,41.96284,-87.6864,sourced,"socrata_vcti-mbcd@2026-09-14, socrata_igwz-8jzy@2026-09-09"
635,WELLES (GIDEON),110,0110-02,Landscape Building,other,UTILITY STRUCTURE,,ACTIVE,,,,CPD,,47,LINCOLN SQUARE,41.961704,-87.686848,sourced,"socrata_vcti-mbcd@2026-09-14, socrata_igwz-8jzy@2026-09-09"
636,WELLES (GIDEON),110,0110-03,Shelter,other,SHELTER,,ACTIVE,,1,,CPD,,47,LINCOLN SQUARE,41.96235,-87.687115,sourced,"socrata_vcti-mbcd@2026-09-14, socrata_igwz-8jzy@2026-09-09"
637,WENTWORTH (JOHN),238,0238-02,,other,UTILITY STRUCTURE,,ACTIVE,,,,CPD,,13,GARFIELD RIDGE,41.788865,-87.781369,sourced,"socrata_vcti-mbcd@2026-09-14, socrata_igwz-8jzy@2026-09-09"
638,WENTWORTH (JOHN) GARDENS,286,0286-02,Filter Building,pool,POOL BUILDING,,ACTIVE,,1,,CPD,,3,ARMOUR SQUARE,41.825097,-87.631691,sourced,"socrata_vcti-mbcd@2026-09-14, socrata_igwz-8jzy@2026-09-09"
639,WENTWORTH (JOHN) GARDENS,286,0286-01,Wentworth Gardens Fieldhouse,field_house,FIELDHOUSE B,B,ACTIVE,,1,,CHA,3802 S WENTWORTH AVE,3,ARMOUR SQUARE,41.825578,-87.631703,sourced,"socrata_vcti-mbcd@2026-09-14, socrata_igwz-8jzy@2026-09-09"
640,WEST CHATHAM,249,0249-01,West Chatham Fieldhouse,field_house,FIELDHOUSE C,C,ACTIVE,1952,1,3140,CPD,8223 S PRINCETON AVE,21,CHATHAM,41.74475,-87.63144,sourced,"socrata_vcti-mbcd@2026-09-14, socrata_igwz-8jzy@2026-09-09"
641,WEST CHATHAM,249,0249-02,Shelter,other,SHELTER,,ACTIVE,,1,,CPD,,21,CHATHAM,41.745129,-87.631072,sourced,"socrata_vcti-mbcd@2026-09-14, socrata_igwz-8jzy@2026-09-09"
642,WEST CHATHAM,249,0249-03,Filter Building,pool,POOL BUILDING,,ACTIVE,2000,1,,CPD,,21,CHATHAM,41.744939,-87.631183,sourced,"socrata_vcti-mbcd@2026-09-14, socrata_igwz-8jzy@2026-09-09"
643,WEST LAWN,245,0245-01,Trades Building (Former Auto Repair Classroom),other,MAINTENANCE,,ACTIVE,1973,1,1040,CPD,4213 W 66TH ST,13,WEST LAWN,41.773164,-87.728718,sourced,"socrata_vcti-mbcd@2026-09-14, socrata_igwz-8jzy@2026-09-09"
644,WEST LAWN,245,0245-02,Storage Building,other,UTILITY STRUCTURE,,ACTIVE,,,,CPD,,13,WEST LAWN,41.77314,-87.729593,sourced,"socrata_vcti-mbcd@2026-09-14, socrata_igwz-8jzy@2026-09-09"
645,WEST LAWN,245,0245-03,West Lawn Fieldhouse,field_house,FIELDHOUSE A4,A4,ACTIVE,1958,1,19687,CPD,4235 W 65TH ST,13,WEST LAWN,41.774482,-87.728846,sourced,"socrata_vcti-mbcd@2026-09-14, socrata_igwz-8jzy@2026-09-09"
646,GRANT (ULYSSES),24,0024-18,Maggie Daley Park,field_house,FIELDHOUSE C,C,ACTIVE,1976,,,CPD,337 E RANDOLPH ST,42,LOOP,41.883962,-87.619084,sourced,"socrata_vcti-mbcd@2026-09-14, socrata_igwz-8jzy@2026-09-09"
647,RIVER,186,0186-07,River Park Boathouse,field_house,FIELDHOUSE BH1,BH1,ACTIVE,2014,1,2400,CPD,3000 W ARGYLE,33,ALBANY PARK,41.972479,-87.704512,sourced,"socrata_vcti-mbcd@2026-09-14, socrata_igwz-8jzy@2026-09-09"
648,GRAND CROSSING,15,0015-02,Boiler House,other,UTILITY STRUCTURE,,ACTIVE,,1,,CPD,,8,GREATER GRAND CROSSING,41.756541,-87.600627,sourced,"socrata_vcti-mbcd@2026-09-14, socrata_igwz-8jzy@2026-09-09"
649,WEST PULLMAN,225,0225-01,West Pullman Fieldhouse,field_house,FIELDHOUSE A1,A1,ACTIVE,1958,1,42210,CPD,401 W 123RD ST,34,WEST PULLMAN,41.670109,-87.632109,sourced,"socrata_vcti-mbcd@2026-09-14, socrata_igwz-8jzy@2026-09-09"
650,"WICKER (CHARLES, JOEL)",214,0214-01,Wicker Park Fieldhouse,field_house,FIELDHOUSE B,B,ACTIVE,1963,1,10985,CPD,1425 N DAMEN AVE,1,WEST TOWN,41.907996,-87.676739,sourced,"socrata_vcti-mbcd@2026-09-14, socrata_igwz-8jzy@2026-09-09"
651,WILDWOOD,257,0257-01,Wildwood Park Fieldhouse,field_house,FIELDHOUSE D,D,ACTIVE,1955,1,,CPD,6950 N HIAWATHA AVE,41,FOREST GLEN,42.00818,-87.779743,sourced,"socrata_vcti-mbcd@2026-09-14, socrata_igwz-8jzy@2026-09-09"
652,WILLIAMS (DANIEL HALE),261,0261-01,Williams Park Fieldhouse,field_house,FIELDHOUSE B,B,ACTIVE,2019,1,11066,CPD,2830 S STATE ST,3,DOUGLAS,41.842735,-87.627603,sourced,"socrata_vcti-mbcd@2026-09-14, socrata_igwz-8jzy@2026-09-09"
653,WILSON (FRANK),145,0145-01,Wilson Park Fieldhouse,field_house,FIELDHOUSE C,C,ACTIVE,1928,2,11058,CPD,4630 N MILWAUKEE AVE,45,PORTAGE PARK,41.964505,-87.758597,sourced,"socrata_vcti-mbcd@2026-09-14, socrata_igwz-8jzy@2026-09-09"
654,WILSON (JOHN),1071,1071-01,Wilson Park Fieldhouse,field_house,FIELDHOUSE D,D,ACTIVE,1930,1,,CPD,1122 W 34TH PL,11,BRIDGEPORT,41.831721,-87.654505,sourced,"socrata_vcti-mbcd@2026-09-14, socrata_igwz-8jzy@2026-09-09"
655,WILSON (JOHN) COMM. CTR.,1018,1018-01,Wilson Community Center,field_house,FIELDHOUSE B,B,ACTIVE,1939,1,7835,CPD,3223 S RACINE AVE,11,BRIDGEPORT,41.835364,-87.6556,sourced,"socrata_vcti-mbcd@2026-09-14, socrata_igwz-8jzy@2026-09-09"
656,WOLFE (RICHARD),1072,1072-01,Wolfe Park Fieldhouse,field_house,FIELDHOUSE D,D,ACTIVE,1930,1,2055,CPD,3325 E 108TH ST,10,EAST SIDE,41.698968,-87.54317,sourced,"socrata_vcti-mbcd@2026-09-14, socrata_igwz-8jzy@2026-09-09"
657,WOODHULL (ROSS),1073,1073-01,Woodhull Park Fieldhouse,field_house,FIELDHOUSE D,D,ACTIVE,1927,1,1895,CITY WF,7300 S EAST END AVE,8,SOUTH SHORE,41.762001,-87.583756,sourced,"socrata_vcti-mbcd@2026-09-14, socrata_igwz-8jzy@2026-09-09"
658,WRIGHTWOOD,1074,1074-01,Toilet Building,pool,POOL BUILDING,,ACTIVE,1968,1,,CPD,,32,LINCOLN PARK,41.928301,-87.666061,sourced,"socrata_vcti-mbcd@2026-09-14, socrata_igwz-8jzy@2026-09-09"
659,WRIGHTWOOD,1074,1074-02,Wrightwood Park Fieldhouse,field_house,FIELDHOUSE D,D,ACTIVE,1953,1,2590,CPD,2534 N GREENVIEW AVE,32,LINCOLN PARK,41.928223,-87.666752,sourced,"socrata_vcti-mbcd@2026-09-14, socrata_igwz-8jzy@2026-09-09"
660,CARVER (GEORGE WASHINGTON),255,0255-02,Carver Park Fieldhouse,field_house,FIELDHOUSE A2,A2,ACTIVE,1960,1,31562,CHA,939 E 132ND,9,RIVERDALE,41.654862,-87.599548,sourced,"socrata_vcti-mbcd@2026-09-14, socrata_igwz-8jzy@2026-09-09"
661,DAVIS (DR. NATHAN) SQUARE,14,0014-04,Power House,other,UTILITY STRUCTURE,,ACTIVE,,1,,CPD,,15,NEW CITY,41.812893,-87.666514,sourced,"socrata_vcti-mbcd@2026-09-14, socrata_igwz-8jzy@2026-09-09"
662,JENSEN (CHRIST),82,0082-01,Haugan Middle School,field_house,FIELDHOUSE JOINT,JOINT,ACTIVE,,2,,BOE,4600 N LAWNDALE AVE,35,ALBANY PARK,41.966243,-87.721381,sourced,"socrata_vcti-mbcd@2026-09-14, socrata_igwz-8jzy@2026-09-09"
663,NICHOLS (JOHN FOUNTAIN),277,0277-01,Murray School,field_house,FIELDHOUSE JOINT,JOINT,ACTIVE,,2,,BOE,1342 E 54TH ST,4,HYDE PARK,41.79843,-87.592804,sourced,"socrata_vcti-mbcd@2026-09-14, socrata_igwz-8jzy@2026-09-09"
664,ORR (REZIN),407,0407-01,Orr High School,field_house,FIELDHOUSE JOINT,JOINT,ACTIVE,,3,,BOE,744 N PULASKI RD,37,HUMBOLDT PARK,41.894921,-87.727374,sourced,"socrata_vcti-mbcd@2026-09-14, socrata_igwz-8jzy@2026-09-09"
665,WHITE (EDWARD),379,0379-01,Edward White Elementary,field_house,INACTIVE: FIELDHOUSE JOINT,JOINT,INACTIVE,,1,,BOE,1120 W 122ND ST,34,WEST PULLMAN,41.672671,-87.649953,sourced,"socrata_vcti-mbcd@2026-09-14, socrata_igwz-8jzy@2026-09-09"
666,TOM (PING) MEML.,481,0481-01,Ping Tom Boathouse,field_house,FIELDHOUSE BH1,BH1,ACTIVE,2013,1,2485,CPD,300 W. 19th ST,25,NEAR SOUTH SIDE,41.858093,-87.634316,sourced,"socrata_vcti-mbcd@2026-09-14, socrata_igwz-8jzy@2026-09-09"
669,MIDWAY PLAISANCE,1268,1268-01,Ice Rink Warming Hut,other,OTHER,,ACTIVE,2000,1,,CPD,,5,HYDE PARK,41.787031,-87.598872,sourced,"socrata_vcti-mbcd@2026-09-14, socrata_igwz-8jzy@2026-09-09"
670,NORTHERLY ISLAND,34,0034-11,Huntington Bank Pavilion at Northerly Island,other,OTHER,,ACTIVE,2005,,,OTHER,1300 S LINN WHITE DR,4,NEAR SOUTH SIDE,41.863459,-87.608406,sourced,"socrata_vcti-mbcd@2026-09-14, socrata_igwz-8jzy@2026-09-09"
671,NORTHERLY ISLAND,34,0034-12,Tent on Lakefront Lawn,other,SHELTER,,ACTIVE,,1,15000,CPD,,4,NEAR SOUTH SIDE,41.8605,-87.608957,sourced,"socrata_vcti-mbcd@2026-09-14, socrata_igwz-8jzy@2026-09-09"
672,DOUGLASS (ANNA & FREDERICK),218,0218-07,Sacramento Comfort Station,other,COMFORT STATION,,ACTIVE,,1,,CPD,,24,NORTH LAWNDALE,41.856858,-87.701474,sourced,"socrata_vcti-mbcd@2026-09-14, socrata_igwz-8jzy@2026-09-09"
673,JEFFERSON (THOMAS),1113,1113-01,Comfort Station,other,COMFORT STATION,,ACTIVE,,1,,CPD,,11,LOWER WEST SIDE,41.858867,-87.642542,sourced,"socrata_vcti-mbcd@2026-09-14, socrata_igwz-8jzy@2026-09-09"
674,GRANT (ULYSSES),24,0024-24,Butler Field Comfort Station,other,COMFORT STATION,,ACTIVE,,1,,CPD,SE Corner of Monroe & Columbus,42,LOOP,41.880363,-87.620045,sourced,"socrata_vcti-mbcd@2026-09-14, socrata_igwz-8jzy@2026-09-09"
675,TOM (PING) MEML.,481,0481-02,Leonard M. Louie Fieldhouse,field_house,FIELDHOUSE A3,A3,ACTIVE,2013,1,28000,CPD,1700 S. Wentworth,25,NEAR SOUTH SIDE,41.859052,-87.632554,sourced,"socrata_vcti-mbcd@2026-09-14, socrata_igwz-8jzy@2026-09-09"
676,TOM (PING) MEML.,481,0481-03,Ping Tom Pagoda,other,SHELTER,,ACTIVE,1999,1,,CPD,300 W 19th St,25,ARMOUR SQUARE,41.857086,-87.634837,sourced,"socrata_vcti-mbcd@2026-09-14, socrata_igwz-8jzy@2026-09-09"
677,LINCOLN (ABRAHAM),100,0100-81,Roscoe Comfort Station,other,COMFORT STATION,,ACTIVE,,1,,CPD,,44,LAKE VIEW,41.943391,-87.639423,sourced,"socrata_vcti-mbcd@2026-09-14, socrata_igwz-8jzy@2026-09-09"
678,CLARK (RICHARD),457,0457-01,Clark Park Boathouse,field_house,FIELDHOUSE BH1,BH1,ACTIVE,2013,1,,CPD,3400 N ROCKWELL,47,NORTH CENTER,41.943282,-87.694961,sourced,"socrata_vcti-mbcd@2026-09-14, socrata_igwz-8jzy@2026-09-09"
679,STANTON (EDWIN),109,0109-02,Stanton Park Natatorium,pool,POOL BUILDING,,ACTIVE,1964,1,,CPD,618 W Scott St,27,NEAR NORTH SIDE,41.905971,-87.644395,sourced,"socrata_vcti-mbcd@2026-09-14, socrata_igwz-8jzy@2026-09-09"
680,PARK NO. 527,527,0527-04,South Region Landscape & Forestry,other,MAINTENANCE,,ACTIVE,,1,,CPD,141 W 62nd ST,20,ENGLEWOOD,41.780894,-87.629848,sourced,"socrata_vcti-mbcd@2026-09-14, socrata_igwz-8jzy@2026-09-09"
681,CALIFORNIA,189,0189-02,McFetridge Sports Center,field_house,FIELDHOUSE AA,AA,ACTIVE,1975,1,107884,CPD,3843 N CALIFORNIA AVE,33,IRVING PARK,41.951899,-87.697025,sourced,"socrata_vcti-mbcd@2026-09-14, socrata_igwz-8jzy@2026-09-09"
682,DVORAK (ANTON),216,0216-05,,pool,POOL BUILDING,,ACTIVE,,1,,CPD,,25,LOWER WEST SIDE,41.853969,-87.653528,sourced,"socrata_vcti-mbcd@2026-09-14, socrata_igwz-8jzy@2026-09-09"
683,HUMBOLDT (ALEXANDER VON),219,0219-08,Filter Building,pool,POOL BUILDING,,ACTIVE,,1,1000,CPD,3050 W WALTON ST,26,HUMBOLDT PARK,41.898477,-87.703516,sourced,"socrata_vcti-mbcd@2026-09-14, socrata_igwz-8jzy@2026-09-09"
684,OGDEN (WILLIAM),8,0008-01,Bath House,pool,POOL BUILDING,,ACTIVE,,1,,CPD,6500 S RACINE AVE,17,WEST ENGLEWOOD,41.775091,-87.654593,sourced,"socrata_vcti-mbcd@2026-09-14, socrata_igwz-8jzy@2026-09-09"
685,JACKSON (ANDREW),19,0019-31,,other,UTILITY STRUCTURE,,ACTIVE,,,,CPD,67th & JEFFREY,5,WOODLAWN,41.773791,-87.576097,sourced,"socrata_vcti-mbcd@2026-09-14, socrata_igwz-8jzy@2026-09-09"
686,TULEY (MURRAY),18,0018-05,Arbor,other,SHELTER,,ACTIVE,,1,,CPD,,9,CHATHAM,41.73014,-87.61085,sourced,"socrata_vcti-mbcd@2026-09-14, socrata_igwz-8jzy@2026-09-09"
687,TRUMBULL (LYMAN),16,0016-03,Filter Building,pool,POOL BUILDING,,ACTIVE,1970,1,,CPD,,7,SOUTH DEERING,41.705218,-87.564485,sourced,"socrata_vcti-mbcd@2026-09-14, socrata_igwz-8jzy@2026-09-09"
688,SHERMAN (JOHN),7,0007-04,West Pergola,other,SHELTER,,ACTIVE,,1,,CPD,,20,NEW CITY,41.798963,-87.657604,sourced,"socrata_vcti-mbcd@2026-09-14, socrata_igwz-8jzy@2026-09-09"
689,SHERMAN (JOHN),7,0007-05,East Pergola,other,SHELTER,,ACTIVE,,,,CPD,,20,NEW CITY,41.79897,-87.657293,sourced,"socrata_vcti-mbcd@2026-09-14, socrata_igwz-8jzy@2026-09-09"
690,SHERMAN (JOHN),7,0007-06,West Locker Building,pool,POOL BUILDING,,ACTIVE,,1,,CPD,,20,NEW CITY,41.798975,-87.65799,sourced,"socrata_vcti-mbcd@2026-09-14, socrata_igwz-8jzy@2026-09-09"
691,SHERMAN (JOHN),7,0007-07,East Locker Building,pool,POOL BUILDING,,ACTIVE,,1,,CPD,,20,NEW CITY,41.798978,-87.656911,sourced,"socrata_vcti-mbcd@2026-09-14, socrata_igwz-8jzy@2026-09-09"
692,SHERMAN (JOHN),7,0007-08,West Gymnasium,other,OTHER,,ACTIVE,,1,,CPD,,2,NEW CITY,41.799191,-87.658008,sourced,"socrata_vcti-mbcd@2026-09-14, socrata_igwz-8jzy@2026-09-09"
693,RIIS (JACOB,123,0123-07,Pool Grandstand,pool,POOL BUILDING,,ACTIVE,,,,CPD,,30,BELMONT CRAGIN,41.924074,-87.780552,sourced,"socrata_vcti-mbcd@2026-09-14, socrata_igwz-8jzy@2026-09-09"
694,SHERMAN (JOHN),7,0007-09,East Gymnasium,other,OTHER,,ACTIVE,,1,,CPD,,20,NEW CITY,41.799212,-87.656875,sourced,"socrata_vcti-mbcd@2026-09-14, socrata_igwz-8jzy@2026-09-09"
695,SHERMAN (JOHN),7,0007-10,Boiler House,other,UTILITY STRUCTURE,,ACTIVE,,1,,CPD,,20,NEW CITY,41.799414,-87.657956,sourced,"socrata_vcti-mbcd@2026-09-14, socrata_igwz-8jzy@2026-09-09"
696,SHERMAN (JOHN),7,0007-11,Filter Building,pool,POOL BUILDING,,ACTIVE,,1,,CPD,,20,NEW CITY,41.799473,-87.65763,sourced,"socrata_vcti-mbcd@2026-09-14, socrata_igwz-8jzy@2026-09-09"
697,PORTAGE,147,0147-03,Pool Utility Building,pool,POOL BUILDING,,ACTIVE,1958,,,CPD,,38,PORTAGE PARK,41.954967,-87.76292,sourced,"socrata_vcti-mbcd@2026-09-14, socrata_igwz-8jzy@2026-09-09"
698,LINCOLN (ABRAHAM),100,0100-87,Hollywood Avenue Breakwater Light,other,HARBOR BUILDING,,ACTIVE,,,,CITY,,48,EDGEWATER,41.986223,-87.649461,sourced,"socrata_vcti-mbcd@2026-09-14, socrata_igwz-8jzy@2026-09-09"
699,KELLY (EDWARD),260,0260-01,Kelly Park Fieldhouse,field_house,FIELDHOUSE D,D,ACTIVE,1956,1,,CPD,2724 S FAIRFIELD AVE,12,BRIGHTON PARK,41.819307,-87.693076,sourced,"socrata_vcti-mbcd@2026-09-14, socrata_igwz-8jzy@2026-09-09"
700,WASHINGTON (GEORGE),21,0021-14,Windy City Harvest Farm Greenhouse,other,OTHER,,ACTIVE,2009,1,,OTHER,Next to Dyett HS,4,WASHINGTON PARK,41.801495,-87.611402,sourced,"socrata_vcti-mbcd@2026-09-14, socrata_igwz-8jzy@2026-09-09"
701,MIDWAY PLAISANCE,1268,1268-02,Ice Rink Chiller Building,other,UTILITY STRUCTURE,,ACTIVE,2000,1,,CPD,,5,HYDE PARK,41.787536,-87.598625,sourced,"socrata_vcti-mbcd@2026-09-14, socrata_igwz-8jzy@2026-09-09"
702,DVORAK (ANTON),216,0216-06,Shelter,other,SHELTER,,ACTIVE,,1,,CPD,,25,LOWER WEST SIDE,41.853523,-87.654267,sourced,"socrata_vcti-mbcd@2026-09-14, socrata_igwz-8jzy@2026-09-09"
703,UNITY,293,0293-03,,other,UTILITY STRUCTURE,,ACTIVE,,1,,CPD,,35,LOGAN SQUARE,41.929733,-87.712758,sourced,"socrata_vcti-mbcd@2026-09-14, socrata_igwz-8jzy@2026-09-09"
704,ELM,279,0279-01,Shelter,other,SHELTER,,ACTIVE,,1,,CPD,,4,HYDE PARK,41.800387,-87.596199,sourced,"socrata_vcti-mbcd@2026-09-14, socrata_igwz-8jzy@2026-09-09"
705,ROWAN (WILLIAM),248,0248-03,,other,UNIDENTIFIED,,ACTIVE,,1,,CPD,,10,EAST SIDE,41.686531,-87.539823,sourced,"socrata_vcti-mbcd@2026-09-14, socrata_igwz-8jzy@2026-09-09"
706,COMMERCIAL CLUB PGD. of CHICAGO,1006,1006-02,Storage Building,other,UTILITY STRUCTURE,,ACTIVE,,1,,CPD,,1,WEST TOWN,41.896484,-87.674201,sourced,"socrata_vcti-mbcd@2026-09-14, socrata_igwz-8jzy@2026-09-09"
707,HORNER (HENRY),228,0228-03,Horner Park Concession,other,CONCESSION,,ACTIVE,,1,,CPD,,33,IRVING PARK,41.957629,-87.697478,sourced,"socrata_vcti-mbcd@2026-09-14, socrata_igwz-8jzy@2026-09-09"
708,GARFIELD (JAMES),204,0204-10,Garden Hall,other,SHELTER,,ACTIVE,,,,CPD,,28,EAST GARFIELD PARK,41.880447,-87.717365,sourced,"socrata_vcti-mbcd@2026-09-14, socrata_igwz-8jzy@2026-09-09"
709,GARFIELD (JAMES),204,0204-11,Pergola,other,SHELTER,,ACTIVE,,,,CPD,,28,EAST GARFIELD PARK,41.880394,-87.719743,sourced,"socrata_vcti-mbcd@2026-09-14, socrata_igwz-8jzy@2026-09-09"
710,JEFFERSON (THOMAS),1113,1113-02,Shelter,other,SHELTER,,ACTIVE,,1,,CPD,,11,LOWER WEST SIDE,41.859129,-87.642555,sourced,"socrata_vcti-mbcd@2026-09-14, socrata_igwz-8jzy@2026-09-09"
711,WEST RIDGE NATURE PARK,568,0568-01,Pump Station,other,UTILITY STRUCTURE,,ACTIVE,,,,OTHER,,40,LINCOLN SQUARE,41.987122,-87.688667,sourced,"socrata_vcti-mbcd@2026-09-14, socrata_igwz-8jzy@2026-09-09"
712,WEST RIDGE NATURE PARK,568,0568-02,Water Tower,other,UTILITY STRUCTURE,,ACTIVE,,,,OTHER,,40,LINCOLN SQUARE,41.987017,-87.688474,sourced,"socrata_vcti-mbcd@2026-09-14, socrata_igwz-8jzy@2026-09-09"
713,CHOPIN (FREDERIC),146,0146-02,North Shelter,other,SHELTER,,ACTIVE,,,,CPD,,30,PORTAGE PARK,41.942711,-87.762299,sourced,"socrata_vcti-mbcd@2026-09-14, socrata_igwz-8jzy@2026-09-09"
714,CHOPIN (FREDERIC),146,0146-03,South Shelter,other,SHELTER,,ACTIVE,,,,CPD,,30,PORTAGE PARK,41.942532,-87.762296,sourced,"socrata_vcti-mbcd@2026-09-14, socrata_igwz-8jzy@2026-09-09"
715,SCOTTSDALE,265,0265-02,Shelter,other,SHELTER,,ACTIVE,,,,CPD,,18,ASHBURN,41.74192,-87.736446,sourced,"socrata_vcti-mbcd@2026-09-14, socrata_igwz-8jzy@2026-09-09"
716,ARCHER (WILLIAM BEATTY),250,0250-02,,other,UNIDENTIFIED,,ACTIVE,,1,,CPD,,14,ARCHER HEIGHTS,41.803927,-87.735313,sourced,"socrata_vcti-mbcd@2026-09-14, socrata_igwz-8jzy@2026-09-09"
717,PRAIRIE WOLF,329,0329-01,Shelter,other,SHELTER,,ACTIVE,,1,,CPD,,20,WOODLAWN,41.780051,-87.603026,sourced,"socrata_vcti-mbcd@2026-09-14, socrata_igwz-8jzy@2026-09-09"
718,NORTH PARK VILLAGE NATURE CENTER,533,0533-03,Gymnastics Building,field_house,FIELDHOUSE AA,AA,ACTIVE,,,,OTHER,5801 N PULASKI RD,39,NORTH PARK,41.986185,-87.726811,sourced,"socrata_vcti-mbcd@2026-09-14, socrata_igwz-8jzy@2026-09-09"
719,NORTHERLY ISLAND,34,0034-13,Bike Chicago Kiosk,other,CONCESSION,,ACTIVE,,1,,CPD,,4,NEAR SOUTH SIDE,41.866081,-87.607674,sourced,"socrata_vcti-mbcd@2026-09-14, socrata_igwz-8jzy@2026-09-09"
720,GRANT (ULYSSES),24,0024-26,Kiosk,other,CONCESSION,,ACTIVE,2010,1,,CPD,N of Museum Campus Water Taxi,4,LOOP,41.868947,-87.616351,sourced,"socrata_vcti-mbcd@2026-09-14, socrata_igwz-8jzy@2026-09-09"
721,LINCOLN (ABRAHAM),100,0100-100,Kiosk,other,CONCESSION,,ACTIVE,2012,1,,CPD,Fullerton & LSD,43,LINCOLN PARK,41.926205,-87.630377,sourced,"socrata_vcti-mbcd@2026-09-14, socrata_igwz-8jzy@2026-09-09"
722,LINCOLN (ABRAHAM),100,0100-101,Lincoln Park Boathouse,field_house,FIELDHOUSE BH1,BH1,ACTIVE,1908,,,CPD,2341 N CANNON DR,43,LINCOLN PARK,41.923836,-87.632193,sourced,"socrata_vcti-mbcd@2026-09-14, socrata_igwz-8jzy@2026-09-09"
723,WARREN (LAURENCE),428,0428-09,Pratt & Western Shelter,other,SHELTER,,ACTIVE,,1,,CPD,,50,WEST RIDGE,42.00472,-87.689413,sourced,"socrata_vcti-mbcd@2026-09-14, socrata_igwz-8jzy@2026-09-09"
724,LINCOLN (ABRAHAM),100,0100-102,Chicago Yacht Club Floating Clubhouse,other,YACHT CLUB,,ACTIVE,1923,1,,OTHER,Belmont Harbor,44,,41.940318,-87.635193,sourced,"socrata_vcti-mbcd@2026-09-14, socrata_igwz-8jzy@2026-09-09"
725,WELLES (GIDEON),110,0110-04,Crepes in the Park,other,CONCESSION,,ACTIVE,2014,,,OTHER,2263 W SUNNYSIDE,47,LINCOLN SQUARE,41.963032,-87.685791,sourced,"socrata_vcti-mbcd@2026-09-14, socrata_igwz-8jzy@2026-09-09"
726,KILBOURN,84,0084-03,Landscape Building,other,MAINTENANCE,,ACTIVE,,1,,CPD,,30,IRVING PARK,41.944513,-87.738387,sourced,"socrata_vcti-mbcd@2026-09-14, socrata_igwz-8jzy@2026-09-09"
727,LA FOLLETTE (ROBERT),201,0201-04,Filter Building,pool,POOL BUILDING,,ACTIVE,,,,CPD,,37,AUSTIN,41.904316,-87.751812,sourced,"socrata_vcti-mbcd@2026-09-14, socrata_igwz-8jzy@2026-09-09"
728,HALE (NATHAN),234,0234-05,,other,CONCESSION,,ACTIVE,,1,,CPD,,13,CLEARING,41.77968,-87.779056,sourced,"socrata_vcti-mbcd@2026-09-14, socrata_igwz-8jzy@2026-09-09"
729,HARRISON (CARTER),213,0213-05,,other,COMFORT STATION,,ACTIVE,,1,,CPD,,25,LOWER WEST SIDE,41.857098,-87.6734,sourced,"socrata_vcti-mbcd@2026-09-14, socrata_igwz-8jzy@2026-09-09"
730,MARQUETTE (JACQUES),10,0010-19,Driving Range,other,GOLF BUILDING,,ACTIVE,,1,,CPD,,17,CHICAGO LAWN,41.76832,-87.698118,sourced,"socrata_vcti-mbcd@2026-09-14, socrata_igwz-8jzy@2026-09-09"
731,MARQUETTE (JACQUES),10,0010-20,Driving Range,other,GOLF BUILDING,,ACTIVE,,1,,CPD,,17,CHICAGO LAWN,41.769029,-87.699916,sourced,"socrata_vcti-mbcd@2026-09-14, socrata_igwz-8jzy@2026-09-09"
732,MARQUETTE (JACQUES),10,0010-21,,other,COMFORT STATION,,ACTIVE,,1,,CPD,,17,CHICAGO LAWN,41.770041,-87.700453,sourced,"socrata_vcti-mbcd@2026-09-14, socrata_igwz-8jzy@2026-09-09"
733,PARK NO. 577,577,0577-01,Morgan Park Sports Center,field_house,FIELDHOUSE AA,AA,ACTIVE,2015,,64000,CPD,11505 S WESTERN AVE,19,MORGAN PARK,41.683724,-87.680389,sourced,"socrata_vcti-mbcd@2026-09-14, socrata_igwz-8jzy@2026-09-09"
734,PETERSON (PEHR SAMUEL),452,0452-02,Gate House,other,OTHER,,INACTIVE,,1,,CITY,SW corner Central Park & Peterson,39,NORTH PARK,41.990076,-87.719143,sourced,"socrata_vcti-mbcd@2026-09-14, socrata_igwz-8jzy@2026-09-09"
735,MCKINLEY (WILLIAM),23,0023-07,Filter Room,pool,POOL BUILDING,,ACTIVE,,,,CPD,,12,MCKINLEY PARK,41.823259,-87.683226,sourced,"socrata_vcti-mbcd@2026-09-14, socrata_igwz-8jzy@2026-09-09"
736,CLARK (RICHARD),457,0457-02,Kerry Wood Cubs Field,stadium,STADIUM,,ACTIVE,2015,,,OTHER,,47,NORTH CENTER,41.94419,-87.693674,sourced,"socrata_vcti-mbcd@2026-09-14, socrata_igwz-8jzy@2026-09-09"
737,ELLIS (SAMUEL),1213,1213-01,Arts & Recreation Center at Ellis Park,field_house,FIELDHOUSE A2,A2,ACTIVE,2016,2,,OTHER,3520 S COTTAGE GROVE,4,OAKLAND,41.830512,-87.610661,sourced,"socrata_vcti-mbcd@2026-09-14, socrata_igwz-8jzy@2026-09-09"
738,MANDRAKE (HENRY BROWN),504,0504-02,Abraham Lincoln Centre,field_house,FIELDHOUSE JOINT,JOINT,ACTIVE,,1,,OTHER,3858 S COTTAGE GROVE,4,OAKLAND,41.824165,-87.607242,sourced,"socrata_vcti-mbcd@2026-09-14, socrata_igwz-8jzy@2026-09-09"
739,PARK NO. 571,571,0571-01,Eleanor Boat House,field_house,FIELDHOUSE BH1,BH1,ACTIVE,2016,1,,CPD,,11,BRIDGEPORT,41.844112,-87.662491,sourced,"socrata_vcti-mbcd@2026-09-14, socrata_igwz-8jzy@2026-09-09"
740,HOMAN SQUARE COMM. CTR.,515,0515-01,Homan Square Community Center,field_house,FIELDHOUSE A2,A2,ACTIVE,2001,1,36280,CPD,3517 W ARTHINGTON ST,24,NORTH LAWNDALE,41.869182,-87.71398,sourced,"socrata_vcti-mbcd@2026-09-14, socrata_igwz-8jzy@2026-09-09"
741,LINCOLN (ABRAHAM),100,0100-103,Lincoln Park Tennis Club,other,CLUBHOUSE,,ACTIVE,,1,,CPD,140 W DIVERSEY PKWY,44,LAKE VIEW,41.933859,-87.633505,sourced,"socrata_vcti-mbcd@2026-09-14, socrata_igwz-8jzy@2026-09-09"
742,LIN (MARGARET HIE DING),360,0360-01,Lin Park Shelter,other,SHELTER,,ACTIVE,,1,,CPD,,3,NEAR SOUTH SIDE,41.858238,-87.626615,sourced,"socrata_vcti-mbcd@2026-09-14, socrata_igwz-8jzy@2026-09-09"
743,LINCOLN (ABRAHAM),100,0100-81,Webster Concession,other,CONCESSION,,ACTIVE,,1,,CPD,,43,LINCOLN PARK,41.921552,-87.629461,sourced,"socrata_vcti-mbcd@2026-09-14, socrata_igwz-8jzy@2026-09-09"
744,ROSENBLUM (J. LESLIE),231,0231.01,South Shore International College Prep HS,field_house,FIELDHOUSE JOINT,JOINT,ACTIVE,2010,,,CPS,1955 E 75TH ST,8,SOUTH SHORE,41.758272,-87.576904,sourced,"socrata_vcti-mbcd@2026-09-14, socrata_igwz-8jzy@2026-09-09"
745,"MADIGAN (MICHAEL J., Sr.)",484,0484-01,Azuela Elementary School,field_house,FIELDHOUSE JOINT,JOINT,ACTIVE,,,,BOE,4707 W MARQUETTE RD,13,WEST LAWN,41.770994,-87.740185,sourced,"socrata_vcti-mbcd@2026-09-14, socrata_igwz-8jzy@2026-09-09"
746,LINCOLN (ABRAHAM),100,0100-104,Fullerton Pump House,other,UTILITY STRUCTURE,,ACTIVE,,,,,,0,LINCOLN PARK,41.926089,-87.632622,sourced,"socrata_vcti-mbcd@2026-09-14, socrata_igwz-8jzy@2026-09-09"
748,BIG MARSH,564,0564-01,Ford Calumet Environmental Cener,field_house,FIELDHOUSE C,C,ACTIVE,2020,1,,CPD,11555 S STONY ISLAND AVE,10,SOUTH DEERING,41.686002,-87.573605,sourced,"socrata_vcti-mbcd@2026-09-14, socrata_igwz-8jzy@2026-09-09"
749,GATELY (JAMES),244,0244-06,Gately Track & Field Center,field_house,FIELDHOUSE AA,AA,ACTIVE,2020,,,CPD,10201 S COTTAGE GROVE AVE,8,PULLMAN,41.709672,-87.605174,sourced,"socrata_vcti-mbcd@2026-09-14, socrata_igwz-8jzy@2026-09-09"
750,ADDAMS (JANE),262,0262-01,ComEd Recreation Center,field_house,FIELDHOUSE AA,AA,ACTIVE,2020,,,COD,,28,NEAR WEST SIDE,41.861846,-87.66244,sourced,"socrata_vcti-mbcd@2026-09-14, socrata_igwz-8jzy@2026-09-09"
751,LEVIN (JOHN),1220,1220-01,Levin Park Fieldhouse,field_house,FIELDHOUSE D,D,ACTIVE,1907,1,600,CPD,5458 W KINZIE ST,37,AUSTIN,41.887936,-87.762807,sourced,"socrata_vcti-mbcd@2026-09-14, socrata_igwz-8jzy@2026-09-09"
