sid,name,layer,governance,school_type,grades,community,address,lat,lon,provenance,source
400009,Academy for Global Citizenship Charter School,charter_elem,Charter,Charter,"K,1,2,3,4,5,6,7,8",GARFIELD RIDGE,"4942 W 44TH St, Chicago, IL 60638-1959",41.81342,-87.748,sourced,cps_school_profiles@2026-09-09+socrata_pb6d-zzuh@2026-09-09+socrata_igwz-8jzy@2026-09-09
400153,Acero Charter Schools - Brighton Park,charter_elem,Charter,Charter,"K,1,2,3,4,5,6,7,8",BRIGHTON PARK,"4420 S FAIRFIELD Ave, Chicago, IL 60632-1937",41.813109,-87.693238,sourced,cps_school_profiles@2026-09-09+socrata_pb6d-zzuh@2026-09-09+socrata_igwz-8jzy@2026-09-09
400112,Acero Charter Schools - Jovita Idar,charter_elem,Charter,Charter,"K,1,2,3,4,5,6,7,8",GAGE PARK,"5050 S HOMAN Ave, Chicago, IL 60632",41.801042,-87.708797,sourced,cps_school_profiles@2026-09-09+socrata_pb6d-zzuh@2026-09-09+socrata_igwz-8jzy@2026-09-09
400089,Acero Charter Schools - Officer Donald J. Marquez,charter_elem,Charter,Charter,"K,1,2,3,4,5,6,7,8",BRIGHTON PARK,"2916 W 47TH St, Chicago, IL 60632",41.808309,-87.697394,sourced,cps_school_profiles@2026-09-09+socrata_pb6d-zzuh@2026-09-09+socrata_igwz-8jzy@2026-09-09
400080,Acero Charter Schools - PFC Omar E. Torres,charter_elem,Charter,Charter,"K,1,2,3,4,5,6,7,8",ARCHER HEIGHTS,"4248 W 47TH St, Chicago, IL 60632",41.8082,-87.73045,sourced,cps_school_profiles@2026-09-09+socrata_pb6d-zzuh@2026-09-09+socrata_igwz-8jzy@2026-09-09
400120,Acero Charter Schools - Roberto Clemente,charter_elem,Charter,Charter,"K,1,2,3,4,5,6,7,8",BELMONT CRAGIN,"2050 N NATCHEZ Ave, Chicago, IL 60707",41.917952,-87.78783,sourced,cps_school_profiles@2026-09-09+socrata_pb6d-zzuh@2026-09-09+socrata_igwz-8jzy@2026-09-09
400079,Acero Charter Schools - SPC Daniel Zizumbo,charter_elem,Charter,Charter,"K,1,2,3,4,5,6,7,8",ARCHER HEIGHTS,"4248 W 47TH St, Chicago, IL 60632",41.810135,-87.730495,sourced,cps_school_profiles@2026-09-09+socrata_pb6d-zzuh@2026-09-09+socrata_igwz-8jzy@2026-09-09
400011,Alain Locke Charter School,charter_elem,Charter,Charter,"K,1,2,3,4,5,6,7,8",EAST GARFIELD PARK,"3141 W JACKSON Blvd, Chicago, IL 60612",41.877248,-87.705235,sourced,cps_school_profiles@2026-09-09+socrata_pb6d-zzuh@2026-09-09+socrata_igwz-8jzy@2026-09-09
400023,CICS - Avalon/South Shore,charter_elem,Charter,Charter,"K,1,2,3,4,5,6,7,8",AVALON PARK,"1501 E 83RD Pl, Chicago, IL 60619",41.743179,-87.587928,sourced,cps_school_profiles@2026-09-09+socrata_pb6d-zzuh@2026-09-09+socrata_igwz-8jzy@2026-09-09
400024,CICS - Basil,charter_elem,Charter,Charter,"K,1,2,3,4,5,6,7,8",NEW CITY,"1816 W GARFIELD Blvd, Chicago, IL 60609",41.794043,-87.670243,sourced,cps_school_profiles@2026-09-09+socrata_pb6d-zzuh@2026-09-09+socrata_igwz-8jzy@2026-09-09
400025,CICS - Bucktown,charter_elem,Charter,Charter,"K,1,2,3,4,5,6,7,8",LOGAN SQUARE,"2235 N HAMILTON Ave, Chicago, IL 60647",41.922415,-87.681358,sourced,cps_school_profiles@2026-09-09+socrata_pb6d-zzuh@2026-09-09+socrata_igwz-8jzy@2026-09-09
400027,CICS - Irving Park,charter_elem,Charter,Charter,"K,1,2,3,4,5,6,7,8",IRVING PARK,"3820 N SPAULDING Ave, Chicago, IL 60618",41.950891,-87.710492,sourced,cps_school_profiles@2026-09-09+socrata_pb6d-zzuh@2026-09-09+socrata_igwz-8jzy@2026-09-09
400092,CICS - Lloyd Bond,charter_elem,Charter,Charter,"K,1,2,3,4,5,6",RIVERDALE,"13300 S LANGLEY Ave, Chicago, IL 60827",41.653663,-87.605039,sourced,cps_school_profiles@2026-09-09+socrata_pb6d-zzuh@2026-09-09+socrata_igwz-8jzy@2026-09-09
400026,CICS - Loomis Primary,charter_elem,Charter,Charter,"K,1,2,3",WASHINGTON HEIGHTS,"9535 S LOOMIS St, Chicago, IL 60643",41.720246,-87.657561,sourced,cps_school_profiles@2026-09-09+socrata_pb6d-zzuh@2026-09-09+socrata_igwz-8jzy@2026-09-09
400028,CICS - Prairie,charter_elem,Charter,Charter,"K,1,2,3,4,5,6,7,8",WEST PULLMAN,"11530 S PRAIRIE Ave, Chicago, IL 60628",41.684433,-87.616888,sourced,cps_school_profiles@2026-09-09+socrata_pb6d-zzuh@2026-09-09+socrata_igwz-8jzy@2026-09-09
400029,CICS - Washington Park,charter_elem,Charter,Charter,"K,1,2,3,4,5,6,7,8",WASHINGTON PARK,"110 E 61ST St, Chicago, IL 60637",41.784126,-87.621261,sourced,cps_school_profiles@2026-09-09+socrata_pb6d-zzuh@2026-09-09+socrata_igwz-8jzy@2026-09-09
400030,CICS - West Belden,charter_elem,Charter,Charter,"K,1,2,3,4,5,6,7,8",BELMONT CRAGIN,"2245 N MCVICKER Ave, Chicago, IL 60639",41.921687,-87.776749,sourced,cps_school_profiles@2026-09-09+socrata_pb6d-zzuh@2026-09-09+socrata_igwz-8jzy@2026-09-09
400031,CICS - Wrightwood,charter_elem,Charter,Charter,"K,1,2,3,4,5,6,7,8",ASHBURN,"8130 S CALIFORNIA Ave, Chicago, IL 60652",41.745365,-87.692614,sourced,cps_school_profiles@2026-09-09+socrata_pb6d-zzuh@2026-09-09+socrata_igwz-8jzy@2026-09-09
400115,Catalyst - Maria Charter School,charter_elem,Charter,Charter,"K,1,2,3,4,5,6,7,8,9,10,11,12",CHICAGO LAWN,"6727 S CALIFORNIA Ave, Chicago, IL 60629",41.771,-87.693081,sourced,cps_school_profiles@2026-09-09+socrata_pb6d-zzuh@2026-09-09+socrata_igwz-8jzy@2026-09-09
400021,Catalyst Elementary Charter School - Circle Rock,charter_elem,Charter,Charter,"K,1,2,3,4,5,6,7,8",AUSTIN,"5608 W WASHINGTON Blvd, Chicago, IL 60644",41.882322,-87.765322,sourced,cps_school_profiles@2026-09-09+socrata_pb6d-zzuh@2026-09-09+socrata_igwz-8jzy@2026-09-09
400159,Christopher House Charter School,charter_elem,Charter,Charter,"K,1,2,3,4,5,6,7,8",BELMONT CRAGIN,"5235 W BELDEN Ave, Chicago, IL 60639",41.922181,-87.757522,sourced,cps_school_profiles@2026-09-09+socrata_pb6d-zzuh@2026-09-09+socrata_igwz-8jzy@2026-09-09
400039,Erie Elementary Charter School,charter_elem,Charter,Charter,"K,1,2,3,4,5,6,7,8",WEST TOWN,"1405 N WASHTENAW Ave, Chicago, IL 60622",41.906771,-87.694364,sourced,cps_school_profiles@2026-09-09+socrata_pb6d-zzuh@2026-09-09+socrata_igwz-8jzy@2026-09-09
400168,Great Lakes Academy Charter School,charter_elem,Charter,Charter,"K,1,2,3,4,5,6,7,8",SOUTH CHICAGO,"8401 S SAGINAW Ave, Chicago, IL 60617",41.742671,-87.559907,sourced,cps_school_profiles@2026-09-09+socrata_pb6d-zzuh@2026-09-09+socrata_igwz-8jzy@2026-09-09
400167,Horizon Science Academy Southwest Chicago Charter,charter_elem,Charter,Charter,"K,1,2,3,4,5,6,7,8,9,10,11,12",GAGE PARK,"5401 S WESTERN Ave, Chicago, IL 60609",41.795201,-87.683963,sourced,cps_school_profiles@2026-09-09+socrata_pb6d-zzuh@2026-09-09+socrata_igwz-8jzy@2026-09-09
400146,KIPP Academy Chicago Campus,charter_elem,Charter,Charter,"K,1,2,3,4,5,6,7,8",AUSTIN,"4818 W OHIO St, Chicago, IL 60644",41.891816,-87.746614,sourced,cps_school_profiles@2026-09-09+socrata_pb6d-zzuh@2026-09-09+socrata_igwz-8jzy@2026-09-09
400044,KIPP Ascend Charter School,charter_elem,Charter,Charter,"K,1,2,3,4,5,6,7,8",NORTH LAWNDALE,"1616 S AVERS Ave, Chicago, IL 60623",41.85837,-87.721071,sourced,cps_school_profiles@2026-09-09+socrata_pb6d-zzuh@2026-09-09+socrata_igwz-8jzy@2026-09-09
400163,KIPP Chicago Charter School - KIPP Bloom,charter_elem,Charter,Charter,"K,1,2,3,4,5,6,7,8",ENGLEWOOD,"5515 S LOWE Ave, Chicago, IL 60621",41.793556,-87.639967,sourced,cps_school_profiles@2026-09-09+socrata_pb6d-zzuh@2026-09-09+socrata_igwz-8jzy@2026-09-09
400180,KIPP One Academy,charter_elem,Charter,Charter,"K,1,2,3,4,5,6,7,8",HUMBOLDT PARK,"730 N PULASKI, Chicago, IL 60624-1063",41.893805,-87.726615,sourced,cps_school_profiles@2026-09-09+socrata_pb6d-zzuh@2026-09-09+socrata_igwz-8jzy@2026-09-09
400047,L.E.A.R.N. - Charles and Dorothy Campbell Campus,charter_elem,Charter,Charter,"K,1,2,3,4,5,6",EAST GARFIELD PARK,"212 S FRANCISCO Ave, Chicago, IL 60612",41.877861,-87.698739,sourced,cps_school_profiles@2026-09-09+socrata_pb6d-zzuh@2026-09-09+socrata_igwz-8jzy@2026-09-09
400048,L.E.A.R.N. - Excel Campus,charter_elem,Charter,Charter,"K,1,2,3,4,5,6",EAST GARFIELD PARK,"3021 W CARROLL Ave, Chicago, IL 60612",41.88732,-87.702071,sourced,cps_school_profiles@2026-09-09+socrata_pb6d-zzuh@2026-09-09+socrata_igwz-8jzy@2026-09-09
400111,L.E.A.R.N. - Hunter Perkins Campus,charter_elem,Charter,Charter,"K,1,2,3,4,5,6,7,8",AUBURN GRESHAM,"1700 W 83RD St, Chicago, IL 60620",41.743122,-87.665721,sourced,cps_school_profiles@2026-09-09+socrata_pb6d-zzuh@2026-09-09+socrata_igwz-8jzy@2026-09-09
400165,L.E.A.R.N. - Middle School Campus,charter_elem,Charter,Charter,"6,7,8",EAST GARFIELD PARK,"3021 W CARROLL Ave, Chicago, IL 60612",41.88732,-87.702724,sourced,cps_school_profiles@2026-09-09+socrata_pb6d-zzuh@2026-09-09+socrata_igwz-8jzy@2026-09-09
400046,L.E.A.R.N. - Romano Butler Campus,charter_elem,Charter,Charter,"K,1,2,3,4,5,6,7,8",NORTH LAWNDALE,"1132 S HOMAN Ave, Chicago, IL 60624",41.867273,-87.710679,sourced,cps_school_profiles@2026-09-09+socrata_pb6d-zzuh@2026-09-09+socrata_igwz-8jzy@2026-09-09
400107,L.E.A.R.N. - South Chicago Campus,charter_elem,Charter,Charter,"K,1,2,3,4,5,6,7,8",SOUTH CHICAGO,"8914 S BUFFALO Ave, Chicago, IL 60617",41.733333,-87.54558,sourced,cps_school_profiles@2026-09-09+socrata_pb6d-zzuh@2026-09-09+socrata_igwz-8jzy@2026-09-09
400151,L.E.A.R.N. Charter School - 7th Campus,charter_elem,Charter,Charter,"K,1,2,3,4,5",EAST GARFIELD PARK,"3021 W CARROLL Ave, Chicago, IL 60612",41.887317,-87.701417,sourced,cps_school_profiles@2026-09-09+socrata_pb6d-zzuh@2026-09-09+socrata_igwz-8jzy@2026-09-09
400049,Legacy Charter School,charter_elem,Charter,Charter,"K,1,2,3,4,5,6,7,8",NORTH LAWNDALE,"3318 W OGDEN Ave, Chicago, IL 60623-2649",41.856962,-87.708508,sourced,cps_school_profiles@2026-09-09+socrata_pb6d-zzuh@2026-09-09+socrata_igwz-8jzy@2026-09-09
400178,Moving Everest Charter School,charter_elem,Charter,Charter,"K,1,2,3,4,5,6,7,8",AUSTIN,"416 N LARAMIE Ave, Chicago, IL 60644-1906",41.888263,-87.755424,sourced,cps_school_profiles@2026-09-09+socrata_pb6d-zzuh@2026-09-09+socrata_igwz-8jzy@2026-09-09
400050,Namaste Charter School,charter_elem,Charter,Charter,"K,1,2,3,4,5,6,7,8",MCKINLEY PARK,"3737 S PAULINA St, Chicago, IL 60609",41.8257,-87.667724,sourced,cps_school_profiles@2026-09-09+socrata_pb6d-zzuh@2026-09-09+socrata_igwz-8jzy@2026-09-09
400060,Passages Charter School,charter_elem,Charter,Charter,"K,1,2,3,4,5,6,7,8",EDGEWATER,"1643 W BRYN MAWR Ave, Chicago, IL 60660",41.983371,-87.67116,sourced,cps_school_profiles@2026-09-09+socrata_pb6d-zzuh@2026-09-09+socrata_igwz-8jzy@2026-09-09
400069,Polaris Charter Academy,charter_elem,Charter,Charter,"K,1,2,3,4,5,6,7,8",HUMBOLDT PARK,"620 N SAWYER Ave, Chicago, IL 60624",41.89255,-87.707796,sourced,cps_school_profiles@2026-09-09+socrata_pb6d-zzuh@2026-09-09+socrata_igwz-8jzy@2026-09-09
400071,Providence Englewood Charter School,charter_elem,Charter,Charter,"K,1,2,3,4,5,6,7,8",WEST ENGLEWOOD,"6515 S ASHLAND Ave, Chicago, IL 60636",41.775367,-87.663996,sourced,cps_school_profiles@2026-09-09+socrata_pb6d-zzuh@2026-09-09+socrata_igwz-8jzy@2026-09-09
400096,Rowe Elementary Charter School,charter_elem,Charter,Charter,"K,1,2,3,4,5,6,7,8",WEST TOWN,"1424 N CLEAVER St, Chicago, IL 60642",41.907797,-87.664072,sourced,cps_school_profiles@2026-09-09+socrata_pb6d-zzuh@2026-09-09+socrata_igwz-8jzy@2026-09-09
400116,The Montessori School of Englewood Charter,charter_elem,Charter,Charter,"K,1,2,3,4,5,6,7,8",WEST ENGLEWOOD,"6936 S HERMITAGE Ave, Chicago, IL 60636-3333",41.76739,-87.667639,sourced,cps_school_profiles@2026-09-09+socrata_pb6d-zzuh@2026-09-09+socrata_igwz-8jzy@2026-09-09
400075,University of Chicago - Donoghue,charter_elem,Charter,Charter,"K,1,2,3,4,5",OAKLAND,"707 E 37TH St, Chicago, IL 60653",41.827726,-87.608501,sourced,cps_school_profiles@2026-09-09+socrata_pb6d-zzuh@2026-09-09+socrata_igwz-8jzy@2026-09-09
400076,University of Chicago - North Kenwood/Oakland,charter_elem,Charter,Charter,"K,1,2,3,4,5",KENWOOD,"1119 E 46TH St, Chicago, IL 60653",41.811183,-87.598786,sourced,cps_school_profiles@2026-09-09+socrata_pb6d-zzuh@2026-09-09+socrata_igwz-8jzy@2026-09-09
400085,Acero Charter Schools - Major Hector P. Garcia MD,charter_high,Charter,Charter,"9,10,11,12",ARCHER HEIGHTS,"4248 W 47TH St, Chicago, IL 60632",41.809171,-87.730467,sourced,cps_school_profiles@2026-09-09+socrata_pb6d-zzuh@2026-09-09+socrata_igwz-8jzy@2026-09-09
400149,Acero Charter Schools - Victoria Soto,charter_high,Charter,Charter,"9,10,11,12",GAGE PARK,"5025 S ST LOUIS Ave, Chicago, IL 60632",41.801762,-87.711025,sourced,cps_school_profiles@2026-09-09+socrata_pb6d-zzuh@2026-09-09+socrata_igwz-8jzy@2026-09-09
400181,Art in Motion Charter School,charter_high,Charter,Charter,"7,8,9,10,11,12",SOUTH SHORE,"7415 S EAST END, Chicago, IL 60649-3611",41.760034,-87.583328,sourced,cps_school_profiles@2026-09-09+socrata_pb6d-zzuh@2026-09-09+socrata_igwz-8jzy@2026-09-09
400033,CICS - Longwood,charter_high,Charter,Charter,"4,5,6,7,8,9,10,11,12",WASHINGTON HEIGHTS,"1309 W 95TH St, Chicago, IL 60643",41.721221,-87.655768,sourced,cps_school_profiles@2026-09-09+socrata_pb6d-zzuh@2026-09-09+socrata_igwz-8jzy@2026-09-09
400034,CICS - Northtown,charter_high,Charter,Charter,"9,10,11,12",NORTH PARK,"3900 W PETERSON Ave, Chicago, IL 60659",41.990245,-87.726504,sourced,cps_school_profiles@2026-09-09+socrata_pb6d-zzuh@2026-09-09+socrata_igwz-8jzy@2026-09-09
400032,CICS - Ralph Ellison,charter_high,Charter,Charter,"9,10,11,12",AUBURN GRESHAM,"1817 W 80TH St, Chicago, IL 60620",41.748382,-87.66898,sourced,cps_school_profiles@2026-09-09+socrata_pb6d-zzuh@2026-09-09+socrata_igwz-8jzy@2026-09-09
400161,Chicago Collegiate Charter School,charter_high,Charter,Charter,"7,8,9,10,11,12",WEST PULLMAN,"314 W 108TH, Chicago, IL 60628-3332",41.679318,-87.617968,sourced,cps_school_profiles@2026-09-09+socrata_pb6d-zzuh@2026-09-09+socrata_igwz-8jzy@2026-09-09
400035,Chicago Math and Science Academy Charter School,charter_high,Charter,Charter,"6,7,8,9,10,11,12",ROGERS PARK,"7212 N CLARK St, Chicago, IL 60626",42.013031,-87.674818,sourced,cps_school_profiles@2026-09-09+socrata_pb6d-zzuh@2026-09-09+socrata_igwz-8jzy@2026-09-09
400164,Instituto - Justice and Leadership,charter_high,Charter,Charter,"9,10,11,12",LOWER WEST SIDE,"2570 S BLUE ISLAND Ave, Chicago, IL 60608-4817",41.845446,-87.684065,sourced,cps_school_profiles@2026-09-09+socrata_pb6d-zzuh@2026-09-09+socrata_igwz-8jzy@2026-09-09
400104,Instituto Health Sciences Career Academy,charter_high,Charter,Charter,"9,10,11,12",LOWER WEST SIDE,"2520 S WESTERN Ave, Chicago, IL 60608",41.845967,-87.68724,sourced,cps_school_profiles@2026-09-09+socrata_pb6d-zzuh@2026-09-09+socrata_igwz-8jzy@2026-09-09
400162,Intrinsic Charter School,charter_high,Charter,Charter,"7,8,9,10,11,12",IRVING PARK,"4540 W BELMONT Ave, Chicago, IL 60641",41.938988,-87.741129,sourced,cps_school_profiles@2026-09-09+socrata_pb6d-zzuh@2026-09-09+socrata_igwz-8jzy@2026-09-09
400119,Legal Prep Charter Academy,charter_high,Charter,Charter,"9,10,11,12",WEST GARFIELD PARK,"4319 W WASHINGTON Blvd, Chicago, IL 60624-2232",41.881733,-87.733778,sourced,cps_school_profiles@2026-09-09+socrata_pb6d-zzuh@2026-09-09+socrata_igwz-8jzy@2026-09-09
400157,Noble - Baker College Prep,charter_high,Charter,Charter,"9,10,11,12",SOUTH CHICAGO,"2710 E 89TH St, Chicago, IL 60617",41.734622,-87.556201,sourced,cps_school_profiles@2026-09-09+socrata_pb6d-zzuh@2026-09-09+socrata_igwz-8jzy@2026-09-09
400156,Noble - Butler College Prep,charter_high,Charter,Charter,"9,10,11,12",PULLMAN,"821 E 103RD St, Chicago, IL 60628",41.706667,-87.602573,sourced,cps_school_profiles@2026-09-09+socrata_pb6d-zzuh@2026-09-09+socrata_igwz-8jzy@2026-09-09
400097,Noble - Chicago Bulls College Prep,charter_high,Charter,Charter,"9,10,11,12",NEAR WEST SIDE,"2040 W ADAMS St, Chicago, IL 60612",41.878809,-87.678195,sourced,cps_school_profiles@2026-09-09+socrata_pb6d-zzuh@2026-09-09+socrata_igwz-8jzy@2026-09-09
400118,Noble - DRW College Prep,charter_high,Charter,Charter,"9,10,11,12",NORTH LAWNDALE,"931 S HOMAN Ave, Chicago, IL 60624",41.869328,-87.711654,sourced,cps_school_profiles@2026-09-09+socrata_pb6d-zzuh@2026-09-09+socrata_igwz-8jzy@2026-09-09
400052,Noble - Gary Comer College Prep,charter_high,Charter,Charter,"6,7,8,9,10,11,12",GREATER GRAND CROSSING,"7131 S SOUTH CHICAGO Ave, Chicago, IL 60619",41.765252,-87.604164,sourced,cps_school_profiles@2026-09-09+socrata_pb6d-zzuh@2026-09-09+socrata_igwz-8jzy@2026-09-09
400053,Noble - Golder College Prep,charter_high,Charter,Charter,"9,10,11,12",WEST TOWN,"1454 W SUPERIOR St, Chicago, IL 60642",41.895282,-87.664483,sourced,cps_school_profiles@2026-09-09+socrata_pb6d-zzuh@2026-09-09+socrata_igwz-8jzy@2026-09-09
400117,Noble - Hansberry College Prep,charter_high,Charter,Charter,"9,10,11,12",AUBURN GRESHAM,"8748 S ABERDEEN St, Chicago, IL 60620",41.734442,-87.650987,sourced,cps_school_profiles@2026-09-09+socrata_pb6d-zzuh@2026-09-09+socrata_igwz-8jzy@2026-09-09
400169,Noble - ITW David Speer Academy,charter_high,Charter,Charter,"9,10,11,12",BELMONT CRAGIN,"5321 W GRAND Ave, Chicago, IL 60639-3009",41.917266,-87.759675,sourced,cps_school_profiles@2026-09-09+socrata_pb6d-zzuh@2026-09-09+socrata_igwz-8jzy@2026-09-09
400106,Noble - John and Eunice Johnson College Prep,charter_high,Charter,Charter,"9,10,11,12",ENGLEWOOD,"6350 S STEWART Ave, Chicago, IL 60621",41.778369,-87.635117,sourced,cps_school_profiles@2026-09-09+socrata_pb6d-zzuh@2026-09-09+socrata_igwz-8jzy@2026-09-09
400098,Noble - Muchin College Prep,charter_high,Charter,Charter,"9,10,11,12",LOOP,"1 N STATE St, Chicago, IL 60602",41.88274,-87.626338,sourced,cps_school_profiles@2026-09-09+socrata_pb6d-zzuh@2026-09-09+socrata_igwz-8jzy@2026-09-09
400051,Noble - Noble College Prep,charter_high,Charter,Charter,"9,10,11,12",WEST TOWN,"1010 N NOBLE St, Chicago, IL 60642-4011",41.900191,-87.662628,sourced,cps_school_profiles@2026-09-09+socrata_pb6d-zzuh@2026-09-09+socrata_igwz-8jzy@2026-09-09
400054,Noble - Pritzker College Prep,charter_high,Charter,Charter,"9,10,11,12",HERMOSA,"4131 W CORTLAND St, Chicago, IL 60639",41.915214,-87.730127,sourced,cps_school_profiles@2026-09-09+socrata_pb6d-zzuh@2026-09-09+socrata_igwz-8jzy@2026-09-09
400055,Noble - Rauner College Prep,charter_high,Charter,Charter,"9,10,11,12",WEST TOWN,"1337 W OHIO St, Chicago, IL 60642",41.892425,-87.660859,sourced,cps_school_profiles@2026-09-09+socrata_pb6d-zzuh@2026-09-09+socrata_igwz-8jzy@2026-09-09
400056,Noble - Rowe-Clark Math and Science Academy,charter_high,Charter,Charter,"9,10,11,12",HUMBOLDT PARK,"3645 W CHICAGO Ave, Chicago, IL 60651",41.895362,-87.718047,sourced,cps_school_profiles@2026-09-09+socrata_pb6d-zzuh@2026-09-09+socrata_igwz-8jzy@2026-09-09
400170,Noble - The Noble Academy,charter_high,Charter,Charter,"9,10,11,12",NEAR NORTH SIDE,"1443 N OGDEN Ave, Chicago, IL 60610-1007",41.906879,-87.645577,sourced,cps_school_profiles@2026-09-09+socrata_pb6d-zzuh@2026-09-09+socrata_igwz-8jzy@2026-09-09
400057,Noble - UIC College Prep,charter_high,Charter,Charter,"9,10,11,12",NEAR WEST SIDE,"1231 S DAMEN Ave, Chicago, IL 60608",41.865817,-87.676111,sourced,cps_school_profiles@2026-09-09+socrata_pb6d-zzuh@2026-09-09+socrata_igwz-8jzy@2026-09-09
400179,Noble Mansueto High School,charter_high,Charter,Charter,"9,10,11,12",BRIGHTON PARK,"2911 W 47TH, Chicago, IL 60632-1906",41.807987,-87.697057,sourced,cps_school_profiles@2026-09-09+socrata_pb6d-zzuh@2026-09-09+socrata_igwz-8jzy@2026-09-09
400058,North Lawndale College Prep - Christiana,charter_high,Charter,Charter,"9,10,11,12",NORTH LAWNDALE,"1615 S CHRISTIANA Ave, Chicago, IL 60623",41.858564,-87.708987,sourced,cps_school_profiles@2026-09-09+socrata_pb6d-zzuh@2026-09-09+socrata_igwz-8jzy@2026-09-09
400059,North Lawndale College Prep - Collins,charter_high,Charter,Charter,"9,10,11,12",NORTH LAWNDALE,"1615 S CHRISTIANA Ave, Chicago, IL 60623",41.857564,-87.708986,sourced,cps_school_profiles@2026-09-09+socrata_pb6d-zzuh@2026-09-09+socrata_igwz-8jzy@2026-09-09
400062,Perspectives - High School of Technology,charter_high,Charter,Charter,"9,10,11,12",CHATHAM,"8522 S LAFAYETTE Ave, Chicago, IL 60620-1308",41.737525,-87.626495,sourced,cps_school_profiles@2026-09-09+socrata_pb6d-zzuh@2026-09-09+socrata_igwz-8jzy@2026-09-09
400061,Perspectives - Leadership Academy,charter_high,Charter,Charter,"6,7,8,9,10,11,12",CHATHAM,"8522 S LAFAYETTE Ave, Chicago, IL 60620-1308",41.738791,-87.626501,sourced,cps_school_profiles@2026-09-09+socrata_pb6d-zzuh@2026-09-09+socrata_igwz-8jzy@2026-09-09
400066,Perspectives - Math and Science Academy,charter_high,Charter,Charter,"6,7,8,9,10,11,12",DOUGLAS,"3663 S WABASH Ave, Chicago, IL 60653",41.827784,-87.624788,sourced,cps_school_profiles@2026-09-09+socrata_pb6d-zzuh@2026-09-09+socrata_igwz-8jzy@2026-09-09
400064,Perspectives - Rodney D. Joslin,charter_high,Charter,Charter,"6,7,8,9,10,11,12",NEAR SOUTH SIDE,"1930 S ARCHER Ave, Chicago, IL 60616",41.855999,-87.628531,sourced,cps_school_profiles@2026-09-09+socrata_pb6d-zzuh@2026-09-09+socrata_igwz-8jzy@2026-09-09
400105,URBAN PREP - BRONZEVILLE HS,charter_high,,,9-12,,,,,sourced,cps_space_utilization_sy2026@2026-09-09
400077,University of Chicago - Woodlawn,charter_high,Charter,Charter,"6,7,8,9,10,11,12",WOODLAWN,"6300 S UNIVERSITY Ave, Chicago, IL 60637-2710",41.780412,-87.59738,sourced,cps_school_profiles@2026-09-09+socrata_pb6d-zzuh@2026-09-09+socrata_igwz-8jzy@2026-09-09
400086,Urban Prep Academy for Young Men Charter School,charter_high,Charter,Charter,"9,10,11,12",ENGLEWOOD,"6201 S STEWART Ave, Chicago, IL 60621",41.781498,-87.634357,sourced,cps_school_profiles@2026-09-09+socrata_pb6d-zzuh@2026-09-09+socrata_igwz-8jzy@2026-09-09
400123,YCCS- Academy of Scholastic Achievement HS,charter_high,Charter,Charter,"9,10,11,12",AUSTIN,"4651 W MADISON St, Chicago, IL 60644",41.880447,-87.742539,sourced,cps_school_profiles@2026-09-09+socrata_pb6d-zzuh@2026-09-09+socrata_igwz-8jzy@2026-09-09
400133,YCCS- Innovations HS of Arts Integration,charter_high,Charter,Charter,"9,10,11,12",LOOP,"17 N STATE St, Chicago, IL 60602",41.883047,-87.627734,sourced,cps_school_profiles@2026-09-09+socrata_pb6d-zzuh@2026-09-09+socrata_igwz-8jzy@2026-09-09
400124,YCCS- McKinley Lakeside Leadership HS,charter_high,Charter,Charter,"9,10,11,12",DOUGLAS,"2920 S WABASH Ave, Chicago, IL 60616",41.841331,-87.625331,sourced,cps_school_profiles@2026-09-09+socrata_pb6d-zzuh@2026-09-09+socrata_igwz-8jzy@2026-09-09
400125,"YCCS-ASPIRA,Antonia Pantoja Alternative HS",charter_high,Charter,Charter,"9,10,11,12",AVONDALE,"3121 N PULASKI Rd, Chicago, IL 60641",41.938187,-87.727137,sourced,cps_school_profiles@2026-09-09+socrata_pb6d-zzuh@2026-09-09+socrata_igwz-8jzy@2026-09-09
400126,YCCS-Association House HS,charter_high,Charter,Charter,"9,10,11,12",HUMBOLDT PARK,"1116 N KEDZIE Ave, Chicago, IL 60651-4152",41.901572,-87.70686,sourced,cps_school_profiles@2026-09-09+socrata_pb6d-zzuh@2026-09-09+socrata_igwz-8jzy@2026-09-09
400127,YCCS-Austin Career Education Center HS,charter_high,Charter,Charter,"9,10,11,12",AUSTIN,"5352 W CHICAGO Ave, Chicago, IL 60651",41.894976,-87.760221,sourced,cps_school_profiles@2026-09-09+cps_school_profiles@2026-09-09+socrata_igwz-8jzy@2026-09-09
400128,YCCS-CCA Academy HS,charter_high,Charter,Charter,"9,10,11,12",NORTH LAWNDALE,"1231 S PULASKI Rd, Chicago, IL 60623",41.864943,-87.723662,sourced,cps_school_profiles@2026-09-09+socrata_pb6d-zzuh@2026-09-09+socrata_igwz-8jzy@2026-09-09
400150,YCCS-Chatham AcademyHS,charter_high,Charter,Charter,"9,10,11,12",CHATHAM,"9035 S LANGLEY Ave, Chicago, IL 60619-7596",41.730131,-87.60698,sourced,cps_school_profiles@2026-09-09+socrata_pb6d-zzuh@2026-09-09+socrata_igwz-8jzy@2026-09-09
400130,YCCS-Community Youth Development Institute HS,charter_high,Charter,Charter,"9,10,11,12",AUBURN GRESHAM,"7836 S UNION Ave, Chicago, IL 60620",41.751377,-87.641731,sourced,cps_school_profiles@2026-09-09+socrata_pb6d-zzuh@2026-09-09+socrata_igwz-8jzy@2026-09-09
400131,YCCS-Dr. Pedro Albizu Campos Puerto Rican HS,charter_high,Charter,Charter,"9,10,11,12",WEST TOWN,"2739 W DIVISION St, Chicago, IL 60622-2854",41.90285,-87.696006,sourced,cps_school_profiles@2026-09-09+socrata_pb6d-zzuh@2026-09-09+socrata_igwz-8jzy@2026-09-09
400135,YCCS-Latino Youth Alternative HS,charter_high,Charter,Charter,"9,10,11,12",SOUTH LAWNDALE,"2001 S CALIFORNIA Ave, Chicago, IL 60608",41.854665,-87.69543,sourced,cps_school_profiles@2026-09-09+socrata_pb6d-zzuh@2026-09-09+socrata_igwz-8jzy@2026-09-09
400136,YCCS-Olive Harvey Middle College HS,charter_high,Charter,Charter,"9,10,11,12",PULLMAN,"10001 S WOODLAWN Ave, Chicago, IL 60628",41.712922,-87.592333,sourced,cps_school_profiles@2026-09-09+socrata_pb6d-zzuh@2026-09-09+socrata_igwz-8jzy@2026-09-09
400129,YCCS-Progressive Leadership Academy,charter_high,Charter,Charter,"9,10,11,12",GREATER GRAND CROSSING,"6620 S DR MARTIN LUTHER KING JR Dr, Chicago, IL 60637-3210",41.77417,-87.615842,sourced,cps_school_profiles@2026-09-09+socrata_pb6d-zzuh@2026-09-09+socrata_igwz-8jzy@2026-09-09
400139,YCCS-Sullivan House Alternative HS,charter_high,Charter,Charter,"9,10,11,12",AVALON PARK,"8164 S SOUTH CHICAGO Ave, Chicago, IL 60617",41.746287,-87.578492,sourced,cps_school_profiles@2026-09-09+socrata_pb6d-zzuh@2026-09-09+socrata_igwz-8jzy@2026-09-09
400141,YCCS-Truman Middle College HS,charter_high,Charter,Charter,"9,10,11,12",UPTOWN,"1145 W WILSON Ave, Chicago, IL 60640",41.965295,-87.659239,sourced,cps_school_profiles@2026-09-09+socrata_pb6d-zzuh@2026-09-09+socrata_igwz-8jzy@2026-09-09
400144,YCCS-West HS,charter_high,Charter,Charter,"9,10,11,12",AUSTIN,"4909 W DIVISION St, Chicago, IL 60651",41.90224,-87.74881,sourced,cps_school_profiles@2026-09-09+socrata_pb6d-zzuh@2026-09-09+socrata_igwz-8jzy@2026-09-09
400143,YCCS-West Town Acad Alternative HS,charter_high,Charter,Charter,"9,10,11,12",HUMBOLDT PARK,"500 N SACRAMENTO Blvd, Chicago, IL 60612",41.890803,-87.702053,sourced,cps_school_profiles@2026-09-09+socrata_pb6d-zzuh@2026-09-09+socrata_igwz-8jzy@2026-09-09
400145,YCCS-Youth Connection Leadership Acad HS,charter_high,Charter,Charter,"9,10,11,12",LOWER WEST SIDE,"5101 S KEELER Ave, Chicago, IL 60632-4205",41.857208,-87.644888,sourced,cps_school_profiles@2026-09-09+socrata_pb6d-zzuh@2026-09-09+socrata_igwz-8jzy@2026-09-09
610229,A.N. Pritzker School,cps_elem,District,Regional gifted center,"PK,K,1,2,3,4,5,6,7,8",WEST TOWN,"2009 W SCHILLER St, Chicago, IL 60622",41.907053,-87.677761,sourced,cps_school_profiles@2026-09-09+socrata_pb6d-zzuh@2026-09-09+socrata_igwz-8jzy@2026-09-09
610038,Abraham Lincoln Elementary School,cps_elem,District,Neighborhood,"K,1,2,3,4,5,6,7,8",LINCOLN PARK,"615 W KEMPER Pl, Chicago, IL 60614",41.924525,-87.644497,sourced,cps_school_profiles@2026-09-09+socrata_pb6d-zzuh@2026-09-09+socrata_igwz-8jzy@2026-09-09
610281,Adam Clayton Powell Paideia Community Academy ES,cps_elem,District,Neighborhood,"PK,K,1,2,3,4,5,6,7,8",SOUTH SHORE,"7511 S SOUTH SHORE Dr, Chicago, IL 60649",41.760332,-87.556789,sourced,cps_school_profiles@2026-09-09+socrata_pb6d-zzuh@2026-09-09+socrata_igwz-8jzy@2026-09-09
610185,Adlai E Stevenson Elementary School,cps_elem,District,Neighborhood,"PK,K,1,2,3,4,5,6,7,8",ASHBURN,"8010 S KOSTNER Ave, Chicago, IL 60652",41.747107,-87.731666,sourced,cps_school_profiles@2026-09-09+socrata_pb6d-zzuh@2026-09-09+socrata_igwz-8jzy@2026-09-09
609993,Agustin Lara Elementary Academy,cps_elem,District,Neighborhood,"PK,K,1,2,3,4,5,6,7,8",NEW CITY,"4619 S WOLCOTT Ave, Chicago, IL 60609",41.80977,-87.672182,sourced,cps_school_profiles@2026-09-09+socrata_pb6d-zzuh@2026-09-09+socrata_igwz-8jzy@2026-09-09
610212,Albany Park Multicultural Academy,cps_elem,District,Neighborhood,"7,8",ALBANY PARK,"4929 N SAWYER Ave, Chicago, IL 60625",41.971504,-87.710609,sourced,cps_school_profiles@2026-09-09+socrata_pb6d-zzuh@2026-09-09+socrata_igwz-8jzy@2026-09-09
610342,Albert R Sabin Elementary Magnet School,cps_elem,District,Magnet,"PK,K,1,2,3,4,5,6,7,8",WEST TOWN,"2216 W HIRSCH St, Chicago, IL 60622",41.906816,-87.68305,sourced,cps_school_profiles@2026-09-09+socrata_pb6d-zzuh@2026-09-09+socrata_igwz-8jzy@2026-09-09
610209,Alessandro Volta Elementary School,cps_elem,District,Neighborhood,"PK,K,1,2,3,4,5,6,7,8",ALBANY PARK,"4950 N AVERS Ave, Chicago, IL 60625",41.971634,-87.724605,sourced,cps_school_profiles@2026-09-09+socrata_pb6d-zzuh@2026-09-09+socrata_igwz-8jzy@2026-09-09
609808,Alex Haley Elementary Academy,cps_elem,District,Neighborhood,"PK,K,1,2,3,4,5,6,7,8",ROSELAND,"11411 S EGGLESTON Ave, Chicago, IL 60628",41.68666,-87.633632,sourced,cps_school_profiles@2026-09-09+socrata_pb6d-zzuh@2026-09-09+socrata_igwz-8jzy@2026-09-09
609799,Alexander Graham Bell Elementary School,cps_elem,District,Regional gifted center,"PK,K,1,2,3,4,5,6,7,8",NORTH CENTER,"3730 N OAKLEY Ave, Chicago, IL 60618",41.94953,-87.686018,sourced,cps_school_profiles@2026-09-09+socrata_pb6d-zzuh@2026-09-09+socrata_igwz-8jzy@2026-09-09
609947,Alexander Graham Elementary School,cps_elem,District,Neighborhood,"PK,K,1,2,3,4,5,6,7,8",NEW CITY,"4436 S UNION Ave, Chicago, IL 60609",41.813304,-87.643344,sourced,cps_school_profiles@2026-09-09+socrata_pb6d-zzuh@2026-09-09+socrata_igwz-8jzy@2026-09-09
609963,Alexander Hamilton Elementary School,cps_elem,District,Neighborhood,"PK,K,1,2,3,4,5,6,7,8",LAKE VIEW,"1650 W CORNELIA Ave, Chicago, IL 60657",41.94522,-87.670865,sourced,cps_school_profiles@2026-09-09+socrata_pb6d-zzuh@2026-09-09+socrata_igwz-8jzy@2026-09-09
610098,Alfred Nobel Elementary School,cps_elem,District,Neighborhood,"PK,K,1,2,3,4,5,6,7,8",HUMBOLDT PARK,"4127 W HIRSCH St, Chicago, IL 60651",41.906155,-87.729955,sourced,cps_school_profiles@2026-09-09+socrata_pb6d-zzuh@2026-09-09+socrata_igwz-8jzy@2026-09-09
609788,Alice L Barnard Computer Math & Science Ctr ES,cps_elem,District,Neighborhood,"PK,K,1,2,3,4,5,6,7,8",BEVERLY,"10354 S CHARLES St, Chicago, IL 60643",41.705131,-87.658074,sourced,cps_school_profiles@2026-09-09+socrata_pb6d-zzuh@2026-09-09+socrata_igwz-8jzy@2026-09-09
610131,Ambrose Plamondon Elementary School,cps_elem,District,Neighborhood,"K,1,2,3,4,5,6,7,8",NORTH LAWNDALE,"2642 W 15TH Pl, Chicago, IL 60608",41.860259,-87.692526,sourced,cps_school_profiles@2026-09-09+socrata_pb6d-zzuh@2026-09-09+socrata_igwz-8jzy@2026-09-09
610316,Amelia Earhart Options for Knowledge ES,cps_elem,District,Neighborhood,"K,1,2,3,4,5,6,7,8",CALUMET HEIGHTS,"1710 E 93RD St, Chicago, IL 60617",41.726107,-87.582182,sourced,cps_school_profiles@2026-09-09+socrata_pb6d-zzuh@2026-09-09+socrata_igwz-8jzy@2026-09-09
610339,Amos Alonzo Stagg Elementary School,cps_elem,District,Neighborhood,"PK,K,1,2,3,4,5,6,7,8",ENGLEWOOD,"7424 S MORGAN St, Chicago, IL 60621",41.758925,-87.649217,sourced,cps_school_profiles@2026-09-09+socrata_pb6d-zzuh@2026-09-09+socrata_igwz-8jzy@2026-09-09
609837,Andrew Carnegie Elementary School,cps_elem,District,Regional gifted center,"K,1,2,3,4,5,6,7,8",WOODLAWN,"1414 E 61ST Pl, Chicago, IL 60637",41.783368,-87.590795,sourced,cps_school_profiles@2026-09-09+socrata_pb6d-zzuh@2026-09-09+socrata_igwz-8jzy@2026-09-09
609869,Anna R. Langford Community Academy,cps_elem,District,Neighborhood,"PK,K,1,2,3,4,5,6,7,8",WEST ENGLEWOOD,"6010 S THROOP St, Chicago, IL 60636",41.784681,-87.657169,sourced,cps_school_profiles@2026-09-09+socrata_pb6d-zzuh@2026-09-09+socrata_igwz-8jzy@2026-09-09
610084,Annie Keller Regional Gifted Center,cps_elem,District,Regional gifted center,"1,2,3,4,5,6,7,8",MOUNT GREENWOOD,"3020 W 108TH St, Chicago, IL 60655",41.69717,-87.697278,sourced,cps_school_profiles@2026-09-09+socrata_pb6d-zzuh@2026-09-09+socrata_igwz-8jzy@2026-09-09
609951,Ariel Elementary Community Academy,cps_elem,District,Small,"PK,K,1,2,3,4,5,6,7,8",KENWOOD,"1119 E 46TH St, Chicago, IL 60653",41.811173,-87.597503,sourced,cps_school_profiles@2026-09-09+socrata_pb6d-zzuh@2026-09-09+socrata_igwz-8jzy@2026-09-09
610171,Arnold Mireles Elementary Academy,cps_elem,District,Neighborhood,"PK,K,1,2,3,4,5,6,7,8",SOUTH CHICAGO,"9000 S EXCHANGE Ave, Chicago, IL 60617",41.731717,-87.552788,sourced,cps_school_profiles@2026-09-09+socrata_pb6d-zzuh@2026-09-09+socrata_igwz-8jzy@2026-09-09
610037,Arthur A Libby Elementary School,cps_elem,District,Neighborhood,"PK,K,1,2,3,4,5,6,7,8",NEW CITY,"5300 S LOOMIS Blvd, Chicago, IL 60609",41.797685,-87.659933,sourced,cps_school_profiles@2026-09-09+socrata_pb6d-zzuh@2026-09-09+socrata_igwz-8jzy@2026-09-09
609887,Arthur Dixon Elementary School,cps_elem,District,Neighborhood,"PK,K,1,2,3,4,5,6,7,8",CHATHAM,"8306 S SAINT LAWRENCE Ave, Chicago, IL 60619",41.743669,-87.609979,sourced,cps_school_profiles@2026-09-09+socrata_pb6d-zzuh@2026-09-09+socrata_igwz-8jzy@2026-09-09
609836,Arthur E Canty Elementary School,cps_elem,District,Neighborhood,"PK,K,1,2,3,4,5,6,7,8",DUNNING,"3740 N PANAMA Ave, Chicago, IL 60634",41.948007,-87.829296,sourced,cps_school_profiles@2026-09-09+socrata_pb6d-zzuh@2026-09-09+socrata_igwz-8jzy@2026-09-09
610268,Arthur R Ashe Elementary School,cps_elem,District,Neighborhood,"PK,K,1,2,3,4,5,6,7,8",CHATHAM,"8505 S INGLESIDE Ave, Chicago, IL 60619",41.740184,-87.601174,sourced,cps_school_profiles@2026-09-09+socrata_pb6d-zzuh@2026-09-09+socrata_igwz-8jzy@2026-09-09
609941,Asa Philip Randolph Elementary School,cps_elem,District,Magnet,"PK,K,1,2,3,4,5,6,7,8",WEST ENGLEWOOD,"7316 S HOYNE Ave, Chicago, IL 60636",41.760614,-87.675966,sourced,cps_school_profiles@2026-09-09+socrata_pb6d-zzuh@2026-09-09+socrata_igwz-8jzy@2026-09-09
610287,Ashburn Community Elementary School,cps_elem,District,Small,"PK,K,1,2,3,4,5,6,7,8",ASHBURN,"8300 S ST LOUIS Ave, Chicago, IL 60652",41.742351,-87.70961,sourced,cps_school_profiles@2026-09-09+socrata_pb6d-zzuh@2026-09-09+socrata_igwz-8jzy@2026-09-09
609820,Augustus H Burley Elementary School,cps_elem,District,Neighborhood,"K,1,2,3,4,5,6,7,8",LAKE VIEW,"1630 W BARRY Ave, Chicago, IL 60657",41.937937,-87.669853,sourced,cps_school_profiles@2026-09-09+socrata_pb6d-zzuh@2026-09-09+socrata_igwz-8jzy@2026-09-09
609786,Avalon Park Elementary School,cps_elem,District,Neighborhood,"PK,K,1,2,3,4,5,6,7,8",AVALON PARK,"8045 S KENWOOD Ave, Chicago, IL 60619",41.748247,-87.591654,sourced,cps_school_profiles@2026-09-09+socrata_pb6d-zzuh@2026-09-09+socrata_igwz-8jzy@2026-09-09
610325,Avondale-Logandale Elementary School,cps_elem,District,Neighborhood,"PK,K,1,2,3,4,5,6,7,8",AVONDALE,"3212 W GEORGE St, Chicago, IL 60618",41.93397,-87.708041,sourced,cps_school_profiles@2026-09-09+socrata_pb6d-zzuh@2026-09-09+socrata_igwz-8jzy@2026-09-09
610148,Back of the Yards Multicultural Academic Center,cps_elem,District,Neighborhood,"PK,K,1,2,3,4,5,6,7,8",NEW CITY,"4747 S MARSHFIELD Ave, Chicago, IL 60609",41.807143,-87.666037,sourced,cps_school_profiles@2026-09-09+socrata_pb6d-zzuh@2026-09-09+socrata_igwz-8jzy@2026-09-09
609871,Barbara Vick Early Childhood & Family Center,cps_elem,District,Special Education,PK,MORGAN PARK,"2554 W 113TH St, Chicago, IL 60655",41.688191,-87.685677,sourced,cps_school_profiles@2026-09-09+socrata_pb6d-zzuh@2026-09-09+socrata_igwz-8jzy@2026-09-09
610604,Bartolome de las Casas Elementary School,cps_elem,District,,"K,1,2,3,4,5,6,7,8",,"1641 W 16TH, Chicago, IL 60608-2039",,,sourced,cps_school_profiles@2026-09-09+none+socrata_igwz-8jzy@2026-09-09
609922,Belmont-Cragin Elementary School,cps_elem,District,Small,"PK,K,1,2,3,4,5,6,7,8",BELMONT CRAGIN,"6112 W FULLERTON Ave, Chicago, IL 60639-2705",41.924245,-87.781701,sourced,cps_school_profiles@2026-09-09+socrata_pb6d-zzuh@2026-09-09+socrata_igwz-8jzy@2026-09-09
610290,Benjamin E Mays Elementary Academy,cps_elem,District,Neighborhood,"PK,K,1,2,3,4,5,6,7,8",ENGLEWOOD,"6656 S NORMAL Blvd, Chicago, IL 60621",41.772728,-87.637277,sourced,cps_school_profiles@2026-09-09+socrata_pb6d-zzuh@2026-09-09+socrata_igwz-8jzy@2026-09-09
610076,Bernhard Moos Elementary School,cps_elem,District,Neighborhood,"PK,K,1,2,3,4,5,6,7,8",WEST TOWN,"1711 N CALIFORNIA Ave, Chicago, IL 60647",41.912505,-87.696941,sourced,cps_school_profiles@2026-09-09+socrata_pb6d-zzuh@2026-09-09+socrata_igwz-8jzy@2026-09-09
610175,Beulah Shoesmith Elementary School,cps_elem,District,Neighborhood,"K,1,2,3,4,5,6",KENWOOD,"1330 E 50TH St, Chicago, IL 60615",41.804294,-87.593905,sourced,cps_school_profiles@2026-09-09+socrata_pb6d-zzuh@2026-09-09+socrata_igwz-8jzy@2026-09-09
610087,Blair Early Childhood Center,cps_elem,District,Special Education,"PK,K,1",CLEARING,"6751 W 63RD Pl, Chicago, IL 60638",41.776556,-87.790604,sourced,cps_school_profiles@2026-09-09+socrata_pb6d-zzuh@2026-09-09+socrata_igwz-8jzy@2026-09-09
609969,Bret Harte Elementary School,cps_elem,District,Neighborhood,"PK,K,1,2,3,4,5,6,7,8",HYDE PARK,"1556 E 56TH St, Chicago, IL 60637",41.793447,-87.586855,sourced,cps_school_profiles@2026-09-09+socrata_pb6d-zzuh@2026-09-09+socrata_igwz-8jzy@2026-09-09
610106,Brian Piccolo Elementary Specialty School,cps_elem,District,Neighborhood,"PK,K,1,2,3,4,5,6,7,8",HUMBOLDT PARK,"1040 N KEELER Ave, Chicago, IL 60651",41.90014,-87.731261,sourced,cps_school_profiles@2026-09-09+socrata_pb6d-zzuh@2026-09-09+socrata_igwz-8jzy@2026-09-09
610317,Brighton Park Elementary School,cps_elem,District,Neighborhood,"PK,K,1,2,3,4,5,6,7,8",BRIGHTON PARK,"3825 S WASHTENAW Ave, Chicago, IL 60632",41.8239,-87.692077,sourced,cps_school_profiles@2026-09-09+socrata_pb6d-zzuh@2026-09-09+socrata_igwz-8jzy@2026-09-09
610590,Bronzeville Classical Elementary School,cps_elem,District,Classical,"K,1,2,3,4,5,6,7,8",GRAND BOULEVARD,"8 W ROOT, Chicago, IL 60609-2931",41.819249,-87.626621,sourced,cps_school_profiles@2026-09-09+socrata_pb6d-zzuh@2026-09-09+socrata_igwz-8jzy@2026-09-09
609821,Burnham Elementary Inclusive Academy,cps_elem,District,Neighborhood,"PK,K,1,2,3,4,5,6,7,8",SOUTH DEERING,"9928 S CRANDON Ave, Chicago, IL 60617",41.714402,-87.567131,sourced,cps_school_profiles@2026-09-09+socrata_pb6d-zzuh@2026-09-09+socrata_igwz-8jzy@2026-09-09
609827,Burnside Elementary Scholastic Academy,cps_elem,District,Magnet,"PK,K,1,2,3,4,5,6,7,8",CHATHAM,"650 E 91ST Pl, Chicago, IL 60619",41.728481,-87.607435,sourced,cps_school_profiles@2026-09-09+socrata_pb6d-zzuh@2026-09-09+socrata_igwz-8jzy@2026-09-09
610353,Calmeca Academy of Fine Arts and Dual Language,cps_elem,District,Small,"PK,K,1,2,3,4,5,6,7,8",BRIGHTON PARK,"3456 W 38TH St, Chicago, IL 60632",41.824377,-87.711654,sourced,cps_school_profiles@2026-09-09+socrata_pb6d-zzuh@2026-09-09+socrata_igwz-8jzy@2026-09-09
610039,Carl von Linne Elementary School,cps_elem,District,Neighborhood,"PK,K,1,2,3,4,5,6,7,8",AVONDALE,"3221 N SACRAMENTO Ave, Chicago, IL 60618",41.940009,-87.702635,sourced,cps_school_profiles@2026-09-09+socrata_pb6d-zzuh@2026-09-09+socrata_igwz-8jzy@2026-09-09
610602,Carlos Fuentes Elementary School,cps_elem,District,Neighborhood,"K,1,2,3,4,5,6,7,8",,"2845 W BARRY, Chicago, IL 60618-7015",,,sourced,cps_school_profiles@2026-09-09+none+socrata_igwz-8jzy@2026-09-09
610238,Carrie Jacobs Bond Elementary School,cps_elem,District,Neighborhood,"PK,K,1,2,3,4,5,6,7,8",ENGLEWOOD,"7050 S MAY St, Chicago, IL 60621",41.765361,-87.653018,sourced,cps_school_profiles@2026-09-09+socrata_pb6d-zzuh@2026-09-09+socrata_igwz-8jzy@2026-09-09
609839,Carroll-Rosenwald Specialty Elementary School,cps_elem,District,Neighborhood,"PK,K,1,2,3,4,5,6,7,8",ASHBURN,"2929 W 83RD St, Chicago, IL 60652",41.742517,-87.696012,sourced,cps_school_profiles@2026-09-09+socrata_pb6d-zzuh@2026-09-09+socrata_igwz-8jzy@2026-09-09
610345,Carter G Woodson South Elementary School,cps_elem,District,Neighborhood,"PK,K,1,2,3,4,5,6,7,8",GRAND BOULEVARD,"4414 S EVANS Ave, Chicago, IL 60653",41.814499,-87.608419,sourced,cps_school_profiles@2026-09-09+socrata_pb6d-zzuh@2026-09-09+socrata_igwz-8jzy@2026-09-09
610599,Catalpa Early Childhood Center,cps_elem,District,,PK,PORTAGE PARK,"5252 N LONG, Chicago, IL 60630-1438",41.961983,-87.757791,sourced,cps_school_profiles@2026-09-09+socrata_pb6d-zzuh@2026-09-09+socrata_igwz-8jzy@2026-09-09
610005,Charles Evans Hughes Elementary School,cps_elem,District,Neighborhood,"PK,K,1,2,3,4,5,6,7,8",NORTH LAWNDALE,"4247 W 15TH St, Chicago, IL 60623",41.860518,-87.731777,sourced,cps_school_profiles@2026-09-09+socrata_pb6d-zzuh@2026-09-09+socrata_igwz-8jzy@2026-09-09
609966,Charles G Hammond Elementary School,cps_elem,District,Neighborhood,"PK,K,1,2,3,4,5,6,7,8",SOUTH LAWNDALE,"2819 W 21ST Pl, Chicago, IL 60623",41.852719,-87.696243,sourced,cps_school_profiles@2026-09-09+socrata_pb6d-zzuh@2026-09-09+socrata_igwz-8jzy@2026-09-09
609879,Charles Gates Dawes Elementary School,cps_elem,District,Neighborhood,"PK,K,1,2,3,4,5,6,7,8",ASHBURN,"3810 W 81ST Pl, Chicago, IL 60652",41.745078,-87.717353,sourced,cps_school_profiles@2026-09-09+socrata_pb6d-zzuh@2026-09-09+socrata_igwz-8jzy@2026-09-09
610366,Charles H Wacker Elementary School,cps_elem,District,Neighborhood,"PK,K,1,2,3,4,5,6,7,8",WASHINGTON HEIGHTS,"9746 S MORGAN St, Chicago, IL 60643",41.716193,-87.648044,sourced,cps_school_profiles@2026-09-09+socrata_pb6d-zzuh@2026-09-09+socrata_igwz-8jzy@2026-09-09
610030,Charles Kozminski Elementary Community Academy,cps_elem,District,Neighborhood,"PK,K,1,2,3,4,5,6,7,8",HYDE PARK,"936 E 54TH St, Chicago, IL 60615",41.798002,-87.602481,sourced,cps_school_profiles@2026-09-09+socrata_pb6d-zzuh@2026-09-09+socrata_igwz-8jzy@2026-09-09
609996,Charles N Holden Elementary School,cps_elem,District,Neighborhood,"PK,K,1,2,3,4,5,6,7,8",BRIDGEPORT,"1104 W 31ST St, Chicago, IL 60608",41.838027,-87.653792,sourced,cps_school_profiles@2026-09-09+socrata_pb6d-zzuh@2026-09-09+socrata_igwz-8jzy@2026-09-09
609875,Charles R Darwin Elementary School,cps_elem,District,Neighborhood,"PK,K,1,2,3,4,5,6,7,8",LOGAN SQUARE,"3116 W BELDEN Ave, Chicago, IL 60647",41.923323,-87.705413,sourced,cps_school_profiles@2026-09-09+socrata_pb6d-zzuh@2026-09-09+socrata_igwz-8jzy@2026-09-09
609986,Charles R Henderson Elementary School,cps_elem,District,Neighborhood,"PK,K,1,2,3,4,5,6,7,8",WEST ENGLEWOOD,"5650 S WOLCOTT Ave, Chicago, IL 60636",41.790591,-87.671887,sourced,cps_school_profiles@2026-09-09+socrata_pb6d-zzuh@2026-09-09+socrata_igwz-8jzy@2026-09-09
609813,Charles S Brownell Elementary School,cps_elem,District,Neighborhood,"PK,K,1,2,3,4,5,6",GREATER GRAND CROSSING,"6741 S MICHIGAN Ave, Chicago, IL 60637",41.77162,-87.621746,sourced,cps_school_profiles@2026-09-09+socrata_pb6d-zzuh@2026-09-09+socrata_igwz-8jzy@2026-09-09
609883,Charles S Deneen Elementary School,cps_elem,District,Neighborhood,"PK,K,1,2,3,4,5,6,7,8",GREATER GRAND CROSSING,"7240 S WABASH Ave, Chicago, IL 60619",41.76249,-87.623345,sourced,cps_school_profiles@2026-09-09+socrata_pb6d-zzuh@2026-09-09+socrata_igwz-8jzy@2026-09-09
610194,Charles Sumner Math & Science Community Acad ES,cps_elem,District,Neighborhood,"PK,K,1,2,3,4,5,6,7,8",WEST GARFIELD PARK,"4320 W 5TH Ave, Chicago, IL 60624",41.870828,-87.733524,sourced,cps_school_profiles@2026-09-09+socrata_pb6d-zzuh@2026-09-09+socrata_igwz-8jzy@2026-09-09
609897,Charles W Earle Elementary School,cps_elem,District,Neighborhood,"PK,K,1,2,3,4,5,6,7,8",WEST ENGLEWOOD,"2040 W 62ND St, Chicago, IL 60636",41.781225,-87.675547,sourced,cps_school_profiles@2026-09-09+socrata_pb6d-zzuh@2026-09-09+socrata_igwz-8jzy@2026-09-09
610248,Chicago Academy Elementary School,cps_elem,District,Small,"PK,K,1,2,3,4,5,6,7,8",DUNNING,"3400 N AUSTIN Ave, Chicago, IL 60634",41.943056,-87.778187,sourced,cps_school_profiles@2026-09-09+socrata_pb6d-zzuh@2026-09-09+socrata_igwz-8jzy@2026-09-09
610060,Chicago World Language Academy,cps_elem,District,Magnet,"K,1,2,3,4,5,6,7,8",NEAR WEST SIDE,"1340 W HARRISON St, Chicago, IL 60607",41.8743,-87.660985,sourced,cps_school_profiles@2026-09-09+socrata_pb6d-zzuh@2026-09-09+socrata_igwz-8jzy@2026-09-09
609899,Christian Ebinger Elementary School,cps_elem,District,Neighborhood,"K,1,2,3,4,5,6,7,8",EDISON PARK,"7350 W PRATT Ave, Chicago, IL 60631",42.004408,-87.81117,sourced,cps_school_profiles@2026-09-09+socrata_pb6d-zzuh@2026-09-09+socrata_igwz-8jzy@2026-09-09
609790,Clara Barton Elementary School,cps_elem,District,Neighborhood,"PK,K,1,2,3,4,5,6,7,8",AUBURN GRESHAM,"7650 S WOLCOTT Ave, Chicago, IL 60620",41.754194,-87.670927,sourced,cps_school_profiles@2026-09-09+socrata_pb6d-zzuh@2026-09-09+socrata_igwz-8jzy@2026-09-09
610347,Claremont STEM Magnet Elementary School,cps_elem,District,Neighborhood,"PK,K,1,2,3,4,5,6,7,8",CHICAGO LAWN,"2300 W 64TH St, Chicago, IL 60636",41.777511,-87.681061,sourced,cps_school_profiles@2026-09-09+socrata_pb6d-zzuh@2026-09-09+socrata_igwz-8jzy@2026-09-09
610170,Columbia Explorers Elementary Academy,cps_elem,District,Neighborhood,"PK,K,1,2,3,4,5,6,7,8",BRIGHTON PARK,"4520 S KEDZIE Ave, Chicago, IL 60632",41.811069,-87.704199,sourced,cps_school_profiles@2026-09-09+socrata_pb6d-zzuh@2026-09-09+socrata_igwz-8jzy@2026-09-09
610004,Countee Cullen Elementary School,cps_elem,District,Neighborhood,"K,1,2,3,4,5,6,7,8",ROSELAND,"10650 S EBERHART Ave, Chicago, IL 60628",41.700335,-87.611244,sourced,cps_school_profiles@2026-09-09+socrata_pb6d-zzuh@2026-09-09+socrata_igwz-8jzy@2026-09-09
609873,Crown Community Academy of Fine Arts Center ES,cps_elem,District,Neighborhood,"K,1,2,3,4,5,6,7,8",NORTH LAWNDALE,"2128 S SAINT LOUIS Ave, Chicago, IL 60623",41.852663,-87.71247,sourced,cps_school_profiles@2026-09-09+socrata_pb6d-zzuh@2026-09-09+socrata_igwz-8jzy@2026-09-09
610063,Cyrus H McCormick Elementary School,cps_elem,District,Neighborhood,"PK,K,1,2,3,4,5",SOUTH LAWNDALE,"2712 S SAWYER Ave, Chicago, IL 60623",41.842267,-87.7063,sourced,cps_school_profiles@2026-09-09+socrata_pb6d-zzuh@2026-09-09+socrata_igwz-8jzy@2026-09-09
609833,Daisy Bates Academy of Social Justice,cps_elem,District,Neighborhood,"PK,K,1,2,3,4,5,6,7,8",AVALON PARK,"8546 S CREGIER Ave, Chicago, IL 60617",41.739226,-87.580729,sourced,cps_school_profiles@2026-09-09+socrata_pb6d-zzuh@2026-09-09+socrata_igwz-8jzy@2026-09-09
610083,Daniel C Beard Elementary School,cps_elem,District,Special Education,"PK,K,1,2,3",NORWOOD PARK,"6445 W STRONG St, Chicago, IL 60656-4011",41.970125,-87.78963,sourced,cps_school_profiles@2026-09-09+socrata_pb6d-zzuh@2026-09-09+socrata_igwz-8jzy@2026-09-09
609870,Daniel J Corkery Elementary School,cps_elem,District,Neighborhood,"PK,K,1,2,3,4,5,6,7,8",SOUTH LAWNDALE,"2510 S KILDARE Ave, Chicago, IL 60623",41.845602,-87.731193,sourced,cps_school_profiles@2026-09-09+socrata_pb6d-zzuh@2026-09-09+socrata_igwz-8jzy@2026-09-09
609835,Daniel R Cameron Elementary School,cps_elem,District,Neighborhood,"PK,K,1,2,3,4,5,6,7,8",HUMBOLDT PARK,"1234 N MONTICELLO Ave, Chicago, IL 60651",41.903792,-87.717927,sourced,cps_school_profiles@2026-09-09+socrata_pb6d-zzuh@2026-09-09+socrata_igwz-8jzy@2026-09-09
610223,Daniel S Wentworth Elementary School,cps_elem,District,Neighborhood,"PK,K,1,2,3,4,5,6,7,8",WEST ENGLEWOOD,"1340 W 71ST St, Chicago, IL 60636",41.765076,-87.658205,sourced,cps_school_profiles@2026-09-09+socrata_pb6d-zzuh@2026-09-09+socrata_igwz-8jzy@2026-09-09
610221,Daniel Webster Elementary School,cps_elem,District,Neighborhood,"PK,K,1,2,3,4,5,6,7,8",WEST GARFIELD PARK,"4055 W ARTHINGTON St, Chicago, IL 60624",41.869916,-87.727524,sourced,cps_school_profiles@2026-09-09+socrata_pb6d-zzuh@2026-09-09+socrata_igwz-8jzy@2026-09-09
609859,DeWitt Clinton Elementary School,cps_elem,District,Neighborhood,"PK,K,1,2,3,4,5,6,7,8",WEST RIDGE,"6110 N FAIRFIELD Ave, Chicago, IL 60659",41.992541,-87.69836,sourced,cps_school_profiles@2026-09-09+socrata_pb6d-zzuh@2026-09-09+socrata_igwz-8jzy@2026-09-09
609885,Dewey Elementary Academy of Fine Arts,cps_elem,District,Neighborhood,"PK,K,1,2,3,4,5,6,7,8",NEW CITY,"5415 S UNION Ave, Chicago, IL 60609",41.795646,-87.642652,sourced,cps_school_profiles@2026-09-09+socrata_pb6d-zzuh@2026-09-09+socrata_igwz-8jzy@2026-09-09
610515,Disney II Magnet School,cps_elem,District,Magnet,"PK,K,1,2,3,4,5,6",IRVING PARK,"3815 N KEDVALE Ave, Chicago, IL 60641",41.950461,-87.730678,sourced,cps_school_profiles@2026-09-09+socrata_pb6d-zzuh@2026-09-09+socrata_igwz-8jzy@2026-09-09
610077,Donald Morrill Math & Science Elementary School,cps_elem,District,Neighborhood,"PK,K,1,2,3,4,5,6,7,8",CHICAGO LAWN,"6011 S ROCKWELL St, Chicago, IL 60629",41.784313,-87.688549,sourced,cps_school_profiles@2026-09-09+socrata_pb6d-zzuh@2026-09-09+socrata_igwz-8jzy@2026-09-09
610198,Douglas Taylor Elementary School,cps_elem,District,Neighborhood,"PK,K,1,2,3,4,5,6,7,8",EAST SIDE,"9912 S AVENUE H, Chicago, IL 60617",41.71547,-87.532971,sourced,cps_school_profiles@2026-09-09+socrata_pb6d-zzuh@2026-09-09+socrata_igwz-8jzy@2026-09-09
610533,Dr Jorge Prieto Math and Science Academy,cps_elem,District,Neighborhood,"PK,K,1,2,3,4,5,6,7,8",BELMONT CRAGIN,"2231 N CENTRAL Ave, Chicago, IL 60639",41.921318,-87.765781,sourced,cps_school_profiles@2026-09-09+socrata_pb6d-zzuh@2026-09-09+socrata_igwz-8jzy@2026-09-09
610595,Dr. Fisher Early Learning Center,cps_elem,District,,PK,LINCOLN PARK,"1840 N CLARK, Chicago, IL 60614-5881",41.916008,-87.634637,sourced,cps_school_profiles@2026-09-09+socrata_pb6d-zzuh@2026-09-09+socrata_igwz-8jzy@2026-09-09
610299,Dr. Martin Luther King Jr Academy of Social Justice,cps_elem,District,Neighborhood,"PK,K,1,2,3,4,5,6,7,8",ENGLEWOOD,"644 W 71ST St, Chicago, IL 60621",41.765335,-87.641335,sourced,cps_school_profiles@2026-09-09+socrata_pb6d-zzuh@2026-09-09+socrata_igwz-8jzy@2026-09-09
610188,Dunne Technology Academy,cps_elem,District,Neighborhood,"PK,K,1,2,3,4,5,6,7,8",ROSELAND,"10845 S UNION Ave, Chicago, IL 60628",41.696496,-87.639974,sourced,cps_school_profiles@2026-09-09+socrata_pb6d-zzuh@2026-09-09+socrata_igwz-8jzy@2026-09-09
610352,Durkin Park Elementary School,cps_elem,District,Neighborhood,"PK,K,1,2,3,4,5,6,7,8",ASHBURN,"8445 S KOLIN Ave, Chicago, IL 60652",41.738844,-87.729955,sourced,cps_school_profiles@2026-09-09+socrata_pb6d-zzuh@2026-09-09+socrata_igwz-8jzy@2026-09-09
610254,Dvorak Technology Academy,cps_elem,District,Neighborhood,"PK,K,1,2,3,4,5,6,7,8",NORTH LAWNDALE,"3615 W 16TH St, Chicago, IL 60623",41.858883,-87.715744,sourced,cps_school_profiles@2026-09-09+socrata_pb6d-zzuh@2026-09-09+socrata_igwz-8jzy@2026-09-09
610132,Edgar Allan Poe Elementary Classical School,cps_elem,District,Classical,"K,1,2,3,4,5,6,7,8",PULLMAN,"10538 S LANGLEY Ave, Chicago, IL 60628",41.70263,-87.606419,sourced,cps_school_profiles@2026-09-09+socrata_pb6d-zzuh@2026-09-09+socrata_igwz-8jzy@2026-09-09
609901,Edgebrook Elementary School,cps_elem,District,Neighborhood,"PK,K,1,2,3,4,5,6,7,8",FOREST GLEN,"6525 N HIAWATHA Ave, Chicago, IL 60646",41.999437,-87.76184,sourced,cps_school_profiles@2026-09-09+socrata_pb6d-zzuh@2026-09-09+socrata_igwz-8jzy@2026-09-09
610523,Edison Park Elementary School,cps_elem,District,Neighborhood,"K,1,2,3,4,5,6,7,8",NORWOOD PARK,"6220 N OLCOTT Ave, Chicago, IL 60631",41.994238,-87.813771,sourced,cps_school_profiles@2026-09-09+socrata_pb6d-zzuh@2026-09-09+socrata_igwz-8jzy@2026-09-09
609819,Edmond Burke Elementary School,cps_elem,District,Neighborhood,"PK,K,1,2,3,4,5,6,7,8",WASHINGTON PARK,"5356 S KING Dr, Chicago, IL 60615",41.79676,-87.616141,sourced,cps_school_profiles@2026-09-09+socrata_pb6d-zzuh@2026-09-09+socrata_igwz-8jzy@2026-09-09
609815,Edward A Bouchet Math & Science Academy ES,cps_elem,District,Neighborhood,"PK,K,1,2,3,4,5,6,7,8",SOUTH SHORE,"7355 S JEFFERY Blvd, Chicago, IL 60649",41.760847,-87.576075,sourced,cps_school_profiles@2026-09-09+socrata_pb6d-zzuh@2026-09-09+socrata_igwz-8jzy@2026-09-09
610246,Edward Beasley Elementary Magnet Academic Center,cps_elem,District,Regional gifted center,"PK,K,1,2,3,4,5,6,7,8",WASHINGTON PARK,"5255 S STATE St, Chicago, IL 60609",41.798465,-87.625692,sourced,cps_school_profiles@2026-09-09+socrata_pb6d-zzuh@2026-09-09+socrata_igwz-8jzy@2026-09-09
609862,Edward Coles Elementary Language Academy,cps_elem,District,Neighborhood,"PK,K,1,2,3,4,5,6,7,8",SOUTH CHICAGO,"8441 S YATES Blvd, Chicago, IL 60617",41.741413,-87.56597,sourced,cps_school_profiles@2026-09-09+socrata_pb6d-zzuh@2026-09-09+socrata_igwz-8jzy@2026-09-09
610586,Edward E. Sadlowski Elementary School,cps_elem,District,Neighborhood,"PK,K,1,2,3,4,5,6,7,8",EAST SIDE,"3930 E 105TH, Chicago, IL 60617-6335",41.704859,-87.527985,sourced,cps_school_profiles@2026-09-09+socrata_pb6d-zzuh@2026-09-09+socrata_igwz-8jzy@2026-09-09
609909,Edward Everett Elementary School,cps_elem,District,Neighborhood,"PK,K,1,2,3,4,5",MCKINLEY PARK,"3419 S BELL Ave, Chicago, IL 60608",41.831555,-87.68131,sourced,cps_school_profiles@2026-09-09+socrata_pb6d-zzuh@2026-09-09+socrata_igwz-8jzy@2026-09-09
609904,Edward K Ellington Elementary School,cps_elem,District,Neighborhood,"PK,K,1,2,3,4,5,6,7,8",AUSTIN,"243 N PARKSIDE Ave, Chicago, IL 60644",41.88553,-87.766589,sourced,cps_school_profiles@2026-09-09+socrata_pb6d-zzuh@2026-09-09+socrata_igwz-8jzy@2026-09-09
610006,Edward N Hurley Elementary School,cps_elem,District,Neighborhood,"PK,K,1,2,3,4,5,6,7,8",WEST LAWN,"3849 W 69TH Pl, Chicago, IL 60629",41.766785,-87.719541,sourced,cps_school_profiles@2026-09-09+socrata_pb6d-zzuh@2026-09-09+socrata_igwz-8jzy@2026-09-09
610315,Edward White Elementary Career Academy,cps_elem,District,Neighborhood,"PK,K,1,2,3,4,5,6,7,8",WEST PULLMAN,"1136 W 122ND St, Chicago, IL 60643",41.672309,-87.650539,sourced,cps_school_profiles@2026-09-09+socrata_pb6d-zzuh@2026-09-09+socrata_igwz-8jzy@2026-09-09
610227,Eli Whitney Elementary School,cps_elem,District,Neighborhood,"PK,K,1,2,3,4,5,6,7,8",SOUTH LAWNDALE,"2815 S KOMENSKY Ave, Chicago, IL 60623",41.84008,-87.725546,sourced,cps_school_profiles@2026-09-09+socrata_pb6d-zzuh@2026-09-09+socrata_igwz-8jzy@2026-09-09
609852,Eliza Chappell Elementary School,cps_elem,District,Neighborhood,"PK,K,1,2,3,4,5,6,7,8",LINCOLN SQUARE,"2135 W FOSTER Ave, Chicago, IL 60625",41.975894,-87.683264,sourced,cps_school_profiles@2026-09-09+socrata_pb6d-zzuh@2026-09-09+socrata_igwz-8jzy@2026-09-09
610195,Elizabeth H Sutherland Elementary School,cps_elem,District,Neighborhood,"K,1,2,3,4,5,6,7,8",BEVERLY,"10015 S LEAVITT St, Chicago, IL 60643",41.711445,-87.676821,sourced,cps_school_profiles@2026-09-09+socrata_pb6d-zzuh@2026-09-09+socrata_igwz-8jzy@2026-09-09
610235,Ella Flagg Young Elementary School,cps_elem,District,Neighborhood,"PK,K,1,2,3,4,5,6,7,8",AUSTIN,"1434 N PARKSIDE Ave, Chicago, IL 60651",41.906791,-87.767143,sourced,cps_school_profiles@2026-09-09+socrata_pb6d-zzuh@2026-09-09+socrata_igwz-8jzy@2026-09-09
610073,Ellen Mitchell Elementary School,cps_elem,District,Neighborhood,"PK,K,1,2,3,4,5,6,7,8",WEST TOWN,"2233 W OHIO St, Chicago, IL 60612",41.892082,-87.683185,sourced,cps_school_profiles@2026-09-09+socrata_pb6d-zzuh@2026-09-09+socrata_igwz-8jzy@2026-09-09
609973,Emiliano Zapata Elementary Academy,cps_elem,District,Neighborhood,"PK,K,1,2,3,4,5,6,7,8",SOUTH LAWNDALE,"2728 S KOSTNER Ave, Chicago, IL 60623",41.841394,-87.734313,sourced,cps_school_profiles@2026-09-09+socrata_pb6d-zzuh@2026-09-09+socrata_igwz-8jzy@2026-09-09
610065,Emmett Louis Till Math and Science Academy,cps_elem,District,Neighborhood,"PK,K,1,2,3,4,5,6,7,8",WOODLAWN,"6543 S CHAMPLAIN Ave, Chicago, IL 60637",41.775424,-87.609357,sourced,cps_school_profiles@2026-09-09+socrata_pb6d-zzuh@2026-09-09+socrata_igwz-8jzy@2026-09-09
610137,Ernst Prussing Elementary School,cps_elem,District,Neighborhood,"K,1,2,3,4,5,6,7,8",PORTAGE PARK,"4650 N MENARD Ave, Chicago, IL 60630",41.965619,-87.772414,sourced,cps_school_profiles@2026-09-09+socrata_pb6d-zzuh@2026-09-09+socrata_igwz-8jzy@2026-09-09
610603,Esmeralda Santiago Elementary School,cps_elem,District,,"K,1,2,3,4,5,6,7,8",,"2510 W CORTEZ, Chicago, IL 60622-3422",,,sourced,cps_school_profiles@2026-09-09+none+socrata_igwz-8jzy@2026-09-09
609908,Esmond Elementary School,cps_elem,District,Neighborhood,"PK,K,1,2,3,4,5,6,7,8",MORGAN PARK,"1865 W MONTVALE Ave, Chicago, IL 60643",41.68942,-87.669159,sourced,cps_school_profiles@2026-09-09+socrata_pb6d-zzuh@2026-09-09+socrata_igwz-8jzy@2026-09-09
609918,Eugene Field Elementary School,cps_elem,District,Neighborhood,"5,6,7,8",ROGERS PARK,"7019 N ASHLAND Ave, Chicago, IL 60626",42.009664,-87.669985,sourced,cps_school_profiles@2026-09-09+socrata_pb6d-zzuh@2026-09-09+socrata_igwz-8jzy@2026-09-09
609874,Everett McKinley Dirksen Elementary School,cps_elem,District,Neighborhood,"PK,K,1,2,3,4,5,6,7,8",OHARE,"8601 W FOSTER Ave, Chicago, IL 60656",41.973715,-87.841041,sourced,cps_school_profiles@2026-09-09+socrata_pb6d-zzuh@2026-09-09+socrata_igwz-8jzy@2026-09-09
610319,Evergreen Academy Middle School,cps_elem,District,Neighborhood,"6,7,8",MCKINLEY PARK,"3537 S PAULINA St, Chicago, IL 60609",41.829356,-87.667817,sourced,cps_school_profiles@2026-09-09+socrata_pb6d-zzuh@2026-09-09+socrata_igwz-8jzy@2026-09-09
610057,Fairfield Elementary Academy,cps_elem,District,Neighborhood,"PK,K,1,2,3,4,5,6,7,8",CHICAGO LAWN,"6201 S FAIRFIELD Ave, Chicago, IL 60629",41.780904,-87.692115,sourced,cps_school_profiles@2026-09-09+socrata_pb6d-zzuh@2026-09-09+socrata_igwz-8jzy@2026-09-09
610541,Federico Garcia Lorca Elementary School,cps_elem,District,Neighborhood,"PK,K,1,2,3,4,5,6,7,8",AVONDALE,"3231 N SPRINGFIELD Ave, Chicago, IL 60618",41.940026,-87.724783,sourced,cps_school_profiles@2026-09-09+socrata_pb6d-zzuh@2026-09-09+socrata_igwz-8jzy@2026-09-09
610120,Ferdinand Peck Elementary School,cps_elem,District,Neighborhood,"PK,K,1,2,3,4",WEST ELSDON,"3826 W 58TH St, Chicago, IL 60629",41.787899,-87.719216,sourced,cps_school_profiles@2026-09-09+socrata_pb6d-zzuh@2026-09-09+socrata_igwz-8jzy@2026-09-09
609917,Fernwood Elementary School,cps_elem,District,Neighborhood,"PK,K,1,2,3,4,5,6,7,8",WASHINGTON HEIGHTS,"10041 S UNION Ave, Chicago, IL 60628",41.711184,-87.640414,sourced,cps_school_profiles@2026-09-09+socrata_pb6d-zzuh@2026-09-09+socrata_igwz-8jzy@2026-09-09
610096,Florence Nightingale Elementary School,cps_elem,District,Neighborhood,"PK,K,1,2,3,4,5,6,7,8",GAGE PARK,"5250 S ROCKWELL St, Chicago, IL 60632",41.797714,-87.689139,sourced,cps_school_profiles@2026-09-09+socrata_pb6d-zzuh@2026-09-09+socrata_igwz-8jzy@2026-09-09
609924,Fort Dearborn Elementary School,cps_elem,District,Neighborhood,"PK,K,1,2,3,4,5,6,7,8",WASHINGTON HEIGHTS,"9025 S THROOP St, Chicago, IL 60620",41.729673,-87.655481,sourced,cps_school_profiles@2026-09-09+socrata_pb6d-zzuh@2026-09-09+socrata_igwz-8jzy@2026-09-09
609927,Foster Park Elementary School,cps_elem,District,Neighborhood,"PK,K,1,2,3,4,5,6,7,8",AUBURN GRESHAM,"8530 S WOOD St, Chicago, IL 60620",41.738425,-87.668099,sourced,cps_school_profiles@2026-09-09+socrata_pb6d-zzuh@2026-09-09+socrata_igwz-8jzy@2026-09-09
610067,Francis M McKay Elementary School,cps_elem,District,Neighborhood,"PK,K,1,2,3,4,5,6,7,8",CHICAGO LAWN,"6901 S FAIRFIELD Ave, Chicago, IL 60629",41.768143,-87.691787,sourced,cps_school_profiles@2026-09-09+socrata_pb6d-zzuh@2026-09-09+socrata_igwz-8jzy@2026-09-09
610112,Francis W Parker Elementary Community Academy,cps_elem,District,Neighborhood,"PK,K,1,2,3,4,5,6,7,8",ENGLEWOOD,"6800 S STEWART Ave, Chicago, IL 60621",41.77078,-87.634086,sourced,cps_school_profiles@2026-09-09+socrata_pb6d-zzuh@2026-09-09+socrata_igwz-8jzy@2026-09-09
610215,Francisco I Madero Middle School,cps_elem,District,Neighborhood,"6,7,8",SOUTH LAWNDALE,"3202 W 28TH St, Chicago, IL 60623",41.840957,-87.705064,sourced,cps_school_profiles@2026-09-09+socrata_pb6d-zzuh@2026-09-09+socrata_igwz-8jzy@2026-09-09
609800,Frank I Bennett Elementary School,cps_elem,District,Neighborhood,"PK,K,1,2,3,4,5,6,7,8",ROSELAND,"10115 S PRAIRIE Ave, Chicago, IL 60628",41.710435,-87.61739,sourced,cps_school_profiles@2026-09-09+socrata_pb6d-zzuh@2026-09-09+socrata_igwz-8jzy@2026-09-09
609939,Frank L Gillespie Elementary School,cps_elem,District,Neighborhood,"PK,K,1,2,3,4,5,6,7,8",ROSELAND,"9301 S STATE St, Chicago, IL 60619",41.725332,-87.623719,sourced,cps_school_profiles@2026-09-09+socrata_pb6d-zzuh@2026-09-09+socrata_igwz-8jzy@2026-09-09
609958,Frank W Gunsaulus Elementary Scholastic Academy,cps_elem,District,Magnet,"PK,K,1,2,3,4,5,6,7,8",BRIGHTON PARK,"4420 S SACRAMENTO Ave, Chicago, IL 60632",41.813007,-87.699364,sourced,cps_school_profiles@2026-09-09+socrata_pb6d-zzuh@2026-09-09+socrata_igwz-8jzy@2026-09-09
610144,Frank W Reilly Elementary School,cps_elem,District,Neighborhood,"PK,K,1,2,3,4,5,6,7,8",AVONDALE,"3650 W SCHOOL St, Chicago, IL 60618",41.941094,-87.719541,sourced,cps_school_profiles@2026-09-09+socrata_pb6d-zzuh@2026-09-09+socrata_igwz-8jzy@2026-09-09
609926,Franklin Elementary Fine Arts Center,cps_elem,District,Magnet,"K,1,2,3,4,5,6,7,8",NEAR NORTH SIDE,"225 W EVERGREEN Ave, Chicago, IL 60610",41.9066,-87.635513,sourced,cps_school_profiles@2026-09-09+socrata_pb6d-zzuh@2026-09-09+socrata_igwz-8jzy@2026-09-09
610165,Franz Peter Schubert Elementary School,cps_elem,District,Neighborhood,"PK,K,1,2,3,4,5",BELMONT CRAGIN,"2727 N LONG Ave, Chicago, IL 60639",41.930403,-87.76119,sourced,cps_school_profiles@2026-09-09+socrata_pb6d-zzuh@2026-09-09+socrata_igwz-8jzy@2026-09-09
610503,Frazier Prospective IB Magnet ES,cps_elem,District,Magnet,"K,1,2,3,4,5,6,7,8",NORTH LAWNDALE,"4027 W GRENSHAW St, Chicago, IL 60624",41.86698,-87.727244,sourced,cps_school_profiles@2026-09-09+socrata_pb6d-zzuh@2026-09-09+socrata_igwz-8jzy@2026-09-09
609854,Frederic Chopin Elementary School,cps_elem,District,Neighborhood,"PK,K,1,2,3,4,5,6,7,8",WEST TOWN,"2450 W RICE St, Chicago, IL 60622",41.896713,-87.688937,sourced,cps_school_profiles@2026-09-09+socrata_pb6d-zzuh@2026-09-09+socrata_igwz-8jzy@2026-09-09
609930,Frederick Funston Elementary School,cps_elem,District,Neighborhood,"PK,K,1,2,3,4,5,6,7,8",LOGAN SQUARE,"2010 N CENTRAL PARK Ave, Chicago, IL 60647",41.917617,-87.716892,sourced,cps_school_profiles@2026-09-09+socrata_pb6d-zzuh@2026-09-09+socrata_igwz-8jzy@2026-09-09
610163,Frederick Stock Elementary School,cps_elem,District,Neighborhood,PK,EDISON PARK,"7507 W BIRCHWOOD Ave, Chicago, IL 60631",42.016892,-87.814195,sourced,cps_school_profiles@2026-09-09+socrata_pb6d-zzuh@2026-09-09+socrata_igwz-8jzy@2026-09-09
610010,Friedrich L. Jahn Elementary of the Fine Arts,cps_elem,District,Neighborhood,"PK,K,1,2,3,4,5,6,7,8",NORTH CENTER,"3149 N WOLCOTT Ave, Chicago, IL 60657",41.939248,-87.67581,sourced,cps_school_profiles@2026-09-09+socrata_pb6d-zzuh@2026-09-09+socrata_igwz-8jzy@2026-09-09
610009,Galileo Math & Science Scholastic Academy ES,cps_elem,District,Magnet,"K,1,2,3,4,5,6,7,8",NEAR WEST SIDE,"820 S CARPENTER St, Chicago, IL 60607",41.871255,-87.653366,sourced,cps_school_profiles@2026-09-09+socrata_pb6d-zzuh@2026-09-09+socrata_igwz-8jzy@2026-09-09
610293,Genevieve Melody Elementary School,cps_elem,District,Neighborhood,"PK,K,1,2,3,4,5,6,7,8",WEST GARFIELD PARK,"3937 W WILCOX St, Chicago, IL 60624",41.878799,-87.724661,sourced,cps_school_profiles@2026-09-09+socrata_pb6d-zzuh@2026-09-09+socrata_igwz-8jzy@2026-09-09
609779,George Armstrong International Studies ES,cps_elem,District,Neighborhood,"PK,K,1,2,3,4,5,6,7,8",WEST RIDGE,"2110 W GREENLEAF Ave, Chicago, IL 60645",42.01015,-87.684442,sourced,cps_school_profiles@2026-09-09+socrata_pb6d-zzuh@2026-09-09+socrata_igwz-8jzy@2026-09-09
610196,George B Swift Elementary Specialty School,cps_elem,District,Neighborhood,"PK,K,1,2,3,4,5,6,7,8",EDGEWATER,"5900 N WINTHROP Ave, Chicago, IL 60660",41.989139,-87.658296,sourced,cps_school_profiles@2026-09-09+socrata_pb6d-zzuh@2026-09-09+socrata_igwz-8jzy@2026-09-09
609849,George F Cassell Elementary School,cps_elem,District,Neighborhood,"K,1,2,3,4,5,6,7,8",MOUNT GREENWOOD,"11314 S SPAULDING Ave, Chicago, IL 60655",41.687347,-87.703215,sourced,cps_school_profiles@2026-09-09+socrata_pb6d-zzuh@2026-09-09+socrata_igwz-8jzy@2026-09-09
610305,George Leland Elementary School,cps_elem,District,Neighborhood,"PK,K,1,2,3,4,5,6,7,8",AUSTIN,"512 S LAVERGNE Ave, Chicago, IL 60644",41.873587,-87.749276,sourced,cps_school_profiles@2026-09-09+socrata_pb6d-zzuh@2026-09-09+socrata_igwz-8jzy@2026-09-09
610139,George M Pullman Elementary School,cps_elem,District,Neighborhood,"PK,K,1,2,3,4,5,6,7,8",PULLMAN,"11311 S FORRESTVILLE Ave, Chicago, IL 60628",41.688819,-87.609431,sourced,cps_school_profiles@2026-09-09+socrata_pb6d-zzuh@2026-09-09+socrata_igwz-8jzy@2026-09-09
610048,George Manierre Elementary School,cps_elem,District,Neighborhood,"PK,K,1,2,3,4,5,6,7,8",NEAR NORTH SIDE,"1420 N HUDSON Ave, Chicago, IL 60610",41.908247,-87.639827,sourced,cps_school_profiles@2026-09-09+socrata_pb6d-zzuh@2026-09-09+socrata_igwz-8jzy@2026-09-09
609795,George Rogers Clark Elementary School,cps_elem,District,Neighborhood,"PK,K,1,2,3,4,5,6,7,8",AUSTIN,"1045 S MONITOR Ave, Chicago, IL 60644",41.867813,-87.770418,sourced,cps_school_profiles@2026-09-09+socrata_pb6d-zzuh@2026-09-09+socrata_igwz-8jzy@2026-09-09
609900,George W Curtis Elementary School,cps_elem,District,Neighborhood,"PK,K,1,2,3,4,5,6,7,8",ROSELAND,"32 E 115TH St, Chicago, IL 60628",41.685418,-87.621653,sourced,cps_school_profiles@2026-09-09+socrata_pb6d-zzuh@2026-09-09+socrata_igwz-8jzy@2026-09-09
610202,George W Tilton Elementary School,cps_elem,District,Neighborhood,"PK,K,1,2,3,4,5,6,7,8",WEST GARFIELD PARK,"223 N KEELER Ave, Chicago, IL 60624",41.884102,-87.730566,sourced,cps_school_profiles@2026-09-09+socrata_pb6d-zzuh@2026-09-09+socrata_igwz-8jzy@2026-09-09
609845,George Washington Carver Primary School,cps_elem,District,Neighborhood,"PK,K,1,2,3,4,5,6,7,8",RIVERDALE,"801 E 133RD Pl, Chicago, IL 60827-1494",41.65254,-87.599516,sourced,cps_school_profiles@2026-09-09+socrata_pb6d-zzuh@2026-09-09+socrata_igwz-8jzy@2026-09-09
610219,George Washington Elementary School,cps_elem,District,Neighborhood,"PK,K,1,2,3,4,5,6,7,8",EAST SIDE,"3611 E 114TH St, Chicago, IL 60617",41.688131,-87.536015,sourced,cps_school_profiles@2026-09-09+socrata_pb6d-zzuh@2026-09-09+socrata_igwz-8jzy@2026-09-09
609920,Gerald Delgado Kanoon Elementary Magnet School,cps_elem,District,Neighborhood,"PK,K,1,2,3,4,5,6,7,8",SOUTH LAWNDALE,"2233 S KEDZIE Ave, Chicago, IL 60623",41.850771,-87.705112,sourced,cps_school_profiles@2026-09-09+socrata_pb6d-zzuh@2026-09-09+socrata_igwz-8jzy@2026-09-09
609857,Grover Cleveland Elementary School,cps_elem,District,Neighborhood,"PK,K,1,2,3,4,5,6,7,8",IRVING PARK,"3121 W BYRON St, Chicago, IL 60618",41.952042,-87.706443,sourced,cps_school_profiles@2026-09-09+socrata_pb6d-zzuh@2026-09-09+socrata_igwz-8jzy@2026-09-09
610182,Hannah G Solomon Elementary School,cps_elem,District,Neighborhood,"PK,K,1,2,3,4,5,6,7,8",NORTH PARK,"6206 N HAMLIN Ave, Chicago, IL 60659",41.993942,-87.724043,sourced,cps_school_profiles@2026-09-09+socrata_pb6d-zzuh@2026-09-09+socrata_igwz-8jzy@2026-09-09
610068,Hanson Park Elementary School,cps_elem,District,Neighborhood,"PK,K,1,2,3,4,5,6,7,8",BELMONT CRAGIN,"5411 W FULLERTON Ave, Chicago, IL 60639",41.923955,-87.761515,sourced,cps_school_profiles@2026-09-09+socrata_pb6d-zzuh@2026-09-09+socrata_igwz-8jzy@2026-09-09
610124,Harold Washington Elementary School,cps_elem,District,Neighborhood,"PK,K,1,2,3,4,5,6,7,8",BURNSIDE,"9130 S UNIVERSITY Ave, Chicago, IL 60619",41.728534,-87.596257,sourced,cps_school_profiles@2026-09-09+socrata_pb6d-zzuh@2026-09-09+socrata_igwz-8jzy@2026-09-09
610192,Harriet Beecher Stowe Elementary School,cps_elem,District,Neighborhood,"PK,K,1,2,3,4,5,6,7,8",HUMBOLDT PARK,"3444 W WABANSIA Ave, Chicago, IL 60647",41.911938,-87.713318,sourced,cps_school_profiles@2026-09-09+socrata_pb6d-zzuh@2026-09-09+socrata_igwz-8jzy@2026-09-09
610158,Harriet E Sayre Elementary Language Academy,cps_elem,District,Neighborhood,"PK,K,1,2,3,4,5,6,7,8",AUSTIN,"1850 N NEWLAND Ave, Chicago, IL 60707",41.914151,-87.798721,sourced,cps_school_profiles@2026-09-09+socrata_pb6d-zzuh@2026-09-09+socrata_igwz-8jzy@2026-09-09
609773,Harriet Tubman Elementary School,cps_elem,District,Neighborhood,"PK,K,1,2,3,4,5,6,7,8",LAKE VIEW,"2851 N SEMINARY Ave, Chicago, IL 60657",41.934126,-87.656229,sourced,cps_school_profiles@2026-09-09+socrata_pb6d-zzuh@2026-09-09+socrata_igwz-8jzy@2026-09-09
609974,Hawthorne Elementary Scholastic Academy,cps_elem,District,Magnet,"K,1,2,3,4,5,6,7,8",LAKE VIEW,"3319 N CLIFTON Ave, Chicago, IL 60657",41.942275,-87.657709,sourced,cps_school_profiles@2026-09-09+socrata_pb6d-zzuh@2026-09-09+socrata_igwz-8jzy@2026-09-09
609985,Helen M Hefferan Elementary School,cps_elem,District,Neighborhood,"PK,K,1,2,3,4,5,6,7,8",WEST GARFIELD PARK,"4409 W WILCOX St, Chicago, IL 60624",41.878665,-87.735802,sourced,cps_school_profiles@2026-09-09+socrata_pb6d-zzuh@2026-09-09+socrata_igwz-8jzy@2026-09-09
610122,Helen Peirce International Studies ES,cps_elem,District,Neighborhood,"PK,K,1,2,3,4,5,6,7,8",EDGEWATER,"1423 W BRYN MAWR Ave, Chicago, IL 60660",41.983456,-87.66585,sourced,cps_school_profiles@2026-09-09+socrata_pb6d-zzuh@2026-09-09+socrata_igwz-8jzy@2026-09-09
609972,Helge A Haugan Elementary School,cps_elem,District,Neighborhood,"PK,K,1,2,3,4,5,6,7,8",ALBANY PARK,"4540 N HAMLIN Ave, Chicago, IL 60625",41.964029,-87.723128,sourced,cps_school_profiles@2026-09-09+socrata_pb6d-zzuh@2026-09-09+socrata_igwz-8jzy@2026-09-09
609856,Henry Clay Elementary School,cps_elem,District,Neighborhood,"PK,K,1,2,3,4,5,6,7,8",HEGEWISCH,"13231 S BURLEY Ave, Chicago, IL 60633",41.654558,-87.544614,sourced,cps_school_profiles@2026-09-09+socrata_pb6d-zzuh@2026-09-09+socrata_igwz-8jzy@2026-09-09
610040,Henry D Lloyd Elementary School,cps_elem,District,Neighborhood,"PK,K,1,2,3,4,5",BELMONT CRAGIN,"2103 N LAMON Ave, Chicago, IL 60639",41.918814,-87.748515,sourced,cps_school_profiles@2026-09-09+socrata_pb6d-zzuh@2026-09-09+socrata_igwz-8jzy@2026-09-09
610092,Henry H Nash Elementary School,cps_elem,District,Neighborhood,"PK,K,1,2,3,4,5,6,7,8",AUSTIN,"4837 W ERIE St, Chicago, IL 60644-1720",41.89181,-87.747936,sourced,cps_school_profiles@2026-09-09+socrata_pb6d-zzuh@2026-09-09+socrata_igwz-8jzy@2026-09-09
610279,Henry O Tanner Elementary School,cps_elem,District,Neighborhood,"PK,K,1,2,3,4,5,6,7,8",GREATER GRAND CROSSING,"7350 S EVANS Ave, Chicago, IL 60619",41.760673,-87.606791,sourced,cps_school_profiles@2026-09-09+socrata_pb6d-zzuh@2026-09-09+socrata_igwz-8jzy@2026-09-09
609861,Henry R Clissold Elementary School,cps_elem,District,Neighborhood,"PK,K,1,2,3,4,5,6,7,8",MORGAN PARK,"2350 W 110TH Pl, Chicago, IL 60643",41.693026,-87.680897,sourced,cps_school_profiles@2026-09-09+socrata_pb6d-zzuh@2026-09-09+socrata_igwz-8jzy@2026-09-09
609798,Hiram H Belding Elementary School,cps_elem,District,Neighborhood,"PK,K,1,2,3,4,5,6,7,8",IRVING PARK,"4257 N TRIPP Ave, Chicago, IL 60641",41.958938,-87.73402,sourced,cps_school_profiles@2026-09-09+socrata_pb6d-zzuh@2026-09-09+socrata_igwz-8jzy@2026-09-09
609850,Horace Greeley Elementary School,cps_elem,District,Neighborhood,"PK,K,1,2,3,4,5,6,7,8",LAKE VIEW,"832 W SHERIDAN Rd, Chicago, IL 60613",41.95281,-87.65098,sourced,cps_school_profiles@2026-09-09+socrata_pb6d-zzuh@2026-09-09+socrata_igwz-8jzy@2026-09-09
610052,Horace Mann Elementary School,cps_elem,District,Neighborhood,"PK,K,1,2,3,4,5,6,7,8",SOUTH CHICAGO,"8050 S CHAPPEL Ave, Chicago, IL 60617",41.748274,-87.574816,sourced,cps_school_profiles@2026-09-09+socrata_pb6d-zzuh@2026-09-09+socrata_igwz-8jzy@2026-09-09
610110,Ida B Wells Preparatory Elementary Academy,cps_elem,District,Small,"PK,K,1,2,3,4,5,6,7,8",DOUGLAS,"249 E 37TH St, Chicago, IL 60653",41.827355,-87.61978,sourced,cps_school_profiles@2026-09-09+socrata_pb6d-zzuh@2026-09-09+socrata_igwz-8jzy@2026-09-09
610078,Inter-American Elementary Magnet School,cps_elem,District,Magnet,"PK,K,1,2,3,4,5,6,7,8",LAKE VIEW,"851 W WAVELAND Ave, Chicago, IL 60613",41.949003,-87.651573,sourced,cps_school_profiles@2026-09-09+socrata_pb6d-zzuh@2026-09-09+socrata_igwz-8jzy@2026-09-09
609848,Ira F Aldridge Elementary School,cps_elem,District,Neighborhood,"PK,K,1,2,3,4,5,6,7,8",RIVERDALE,"630 E 131ST St, Chicago, IL 60827",41.657405,-87.606474,sourced,cps_school_profiles@2026-09-09+socrata_pb6d-zzuh@2026-09-09+socrata_igwz-8jzy@2026-09-09
610532,Irene C. Hernandez Middle School for the Advancement of Science,cps_elem,District,Neighborhood,"6,7,8",GAGE PARK,"3510 W 55TH St, Chicago, IL 60632",41.793479,-87.71137,sourced,cps_school_profiles@2026-09-09+socrata_pb6d-zzuh@2026-09-09+socrata_igwz-8jzy@2026-09-09
610125,Irma C Ruiz Elementary School,cps_elem,District,Neighborhood,"PK,K,1,2,3,4,5,6,7,8",LOWER WEST SIDE,"2410 S LEAVITT St, Chicago, IL 60608",41.848101,-87.680745,sourced,cps_school_profiles@2026-09-09+socrata_pb6d-zzuh@2026-09-09+socrata_igwz-8jzy@2026-09-09
610276,Irvin C Mollison Elementary School,cps_elem,District,Neighborhood,"PK,K,1,2,3,4,5,6,7,8",GRAND BOULEVARD,"4415 S DR MARTIN L KING JR Dr, Chicago, IL 60653",41.814358,-87.616618,sourced,cps_school_profiles@2026-09-09+socrata_pb6d-zzuh@2026-09-09+socrata_igwz-8jzy@2026-09-09
610103,Isabelle C O'Keeffe Elementary School,cps_elem,District,Neighborhood,"PK,K,1,2,3,4,5,6,7,8",SOUTH SHORE,"6940 S MERRILL Ave, Chicago, IL 60649",41.768602,-87.572806,sourced,cps_school_profiles@2026-09-09+socrata_pb6d-zzuh@2026-09-09+socrata_igwz-8jzy@2026-09-09
610256,Jackie Robinson Elementary School,cps_elem,District,Neighborhood,"PK,K,1,2,3",OAKLAND,"4225 S LAKE PARK Ave, Chicago, IL 60653",41.817349,-87.599067,sourced,cps_school_profiles@2026-09-09+socrata_pb6d-zzuh@2026-09-09+socrata_igwz-8jzy@2026-09-09
609797,Jacob Beidler Elementary School,cps_elem,District,Neighborhood,"PK,K,1,2,3,4,5,6,7,8",EAST GARFIELD PARK,"3151 W WALNUT St, Chicago, IL 60612",41.885321,-87.705855,sourced,cps_school_profiles@2026-09-09+socrata_pb6d-zzuh@2026-09-09+socrata_igwz-8jzy@2026-09-09
609912,James B Farnsworth Elementary School,cps_elem,District,Neighborhood,"PK,K,1,2,3,4,5,6,7,8",JEFFERSON PARK,"5414 N LINDER Ave, Chicago, IL 60630",41.97979,-87.766072,sourced,cps_school_profiles@2026-09-09+socrata_pb6d-zzuh@2026-09-09+socrata_igwz-8jzy@2026-09-09
610070,James B McPherson Elementary School,cps_elem,District,Neighborhood,"PK,K,1,2,3,4,5,6,7,8",LINCOLN SQUARE,"4728 N WOLCOTT Ave, Chicago, IL 60640",41.967847,-87.676288,sourced,cps_school_profiles@2026-09-09+socrata_pb6d-zzuh@2026-09-09+socrata_igwz-8jzy@2026-09-09
610066,James E McDade Elementary Classical School,cps_elem,District,Classical,"K,1,2,3,4,5,6,7,8",CHATHAM,"8801 S INDIANA Ave, Chicago, IL 60619",41.73455,-87.619214,sourced,cps_school_profiles@2026-09-09+socrata_pb6d-zzuh@2026-09-09+socrata_igwz-8jzy@2026-09-09
609928,James Farmer Jr Elementary School,cps_elem,District,Neighborhood,"PK,K,1,2,3,4,5,6,7,8",GRAND BOULEVARD,"4214 S ST LAWRENCE Ave, Chicago, IL 60653",41.818003,-87.611784,sourced,cps_school_profiles@2026-09-09+socrata_pb6d-zzuh@2026-09-09+socrata_igwz-8jzy@2026-09-09
609803,James G Blaine Elementary School,cps_elem,District,Neighborhood,"PK,K,1,2,3,4,5,6,7,8",LAKE VIEW,"1420 W GRACE St, Chicago, IL 60613",41.950781,-87.664968,sourced,cps_school_profiles@2026-09-09+socrata_pb6d-zzuh@2026-09-09+socrata_igwz-8jzy@2026-09-09
609983,James Hedges Elementary School,cps_elem,District,Neighborhood,"PK,K,1,2,3,4,5,6,7,8",NEW CITY,"4747 S WINCHESTER Ave, Chicago, IL 60609",41.807112,-87.673327,sourced,cps_school_profiles@2026-09-09+socrata_pb6d-zzuh@2026-09-09+socrata_igwz-8jzy@2026-09-09
610047,James Madison Elementary School,cps_elem,District,Neighborhood,"PK,K,1,2,3,4,5,6,7,8",SOUTH SHORE,"7433 S DORCHESTER Ave, Chicago, IL 60619",41.759548,-87.590712,sourced,cps_school_profiles@2026-09-09+socrata_pb6d-zzuh@2026-09-09+socrata_igwz-8jzy@2026-09-09
610200,James N Thorp Elementary School,cps_elem,District,Neighborhood,"PK,K,1,2,3,4,5,6,7,8",SOUTH CHICAGO,"8914 S BUFFALO Ave, Chicago, IL 60617",41.733324,-87.54428,sourced,cps_school_profiles@2026-09-09+socrata_pb6d-zzuh@2026-09-09+socrata_igwz-8jzy@2026-09-09
610107,James Otis Elementary School,cps_elem,District,Neighborhood,"PK,K,1,2,3,4,5,6,7,8",WEST TOWN,"525 N ARMOUR St, Chicago, IL 60642",41.891806,-87.665426,sourced,cps_school_profiles@2026-09-09+socrata_pb6d-zzuh@2026-09-09+socrata_igwz-8jzy@2026-09-09
609891,James R Doolittle Jr Elementary School,cps_elem,District,Neighborhood,"PK,K,1,2,3,4,5,6,7,8",DOUGLAS,"535 E 35TH St, Chicago, IL 60616",41.831121,-87.612275,sourced,cps_school_profiles@2026-09-09+socrata_pb6d-zzuh@2026-09-09+socrata_igwz-8jzy@2026-09-09
610044,James Russell Lowell Elementary School,cps_elem,District,Neighborhood,"PK,K,1,2,3,4,5,6,7,8",HUMBOLDT PARK,"3320 W HIRSCH St, Chicago, IL 60651",41.90652,-87.710217,sourced,cps_school_profiles@2026-09-09+socrata_pb6d-zzuh@2026-09-09+socrata_igwz-8jzy@2026-09-09
610174,James Shields Elementary School,cps_elem,District,Neighborhood,"PK,K,1,2,3,4",BRIGHTON PARK,"4250 S ROCKWELL St, Chicago, IL 60632",41.815909,-87.689647,sourced,cps_school_profiles@2026-09-09+socrata_pb6d-zzuh@2026-09-09+socrata_igwz-8jzy@2026-09-09
610559,James Shields Middle School,cps_elem,District,Neighborhood,"5,6,7,8",BRIGHTON PARK,"2611 W 48TH St, Chicago, IL 60632",41.806491,-87.68978,sourced,cps_school_profiles@2026-09-09+socrata_pb6d-zzuh@2026-09-09+socrata_igwz-8jzy@2026-09-09
610213,James Wadsworth Elementary School,cps_elem,District,Neighborhood,"PK,K,1,2,3,4,5,6,7,8",WOODLAWN,"6650 S ELLIS Ave, Chicago, IL 60637",41.773478,-87.601018,sourced,cps_school_profiles@2026-09-09+socrata_pb6d-zzuh@2026-09-09+socrata_igwz-8jzy@2026-09-09
610217,James Ward Elementary School,cps_elem,District,Neighborhood,"PK,K,1,2,3,4,5,6,7,8",ARMOUR SQUARE,"2701 S SHIELDS Ave, Chicago, IL 60616",41.84398,-87.635356,sourced,cps_school_profiles@2026-09-09+socrata_pb6d-zzuh@2026-09-09+socrata_igwz-8jzy@2026-09-09
610274,James Weldon Johnson STEAM Elementary School,cps_elem,District,Neighborhood,"PK,K,1,2,3,4,5,6,7,8",NORTH LAWNDALE,"1420 S ALBANY Ave, Chicago, IL 60623",41.861836,-87.703139,sourced,cps_school_profiles@2026-09-09+socrata_pb6d-zzuh@2026-09-09+socrata_igwz-8jzy@2026-09-09
610093,Jane A Neil Elementary School,cps_elem,District,Neighborhood,"PK,K,1,2,3,4,5,6,7,8",CHATHAM,"8555 S MICHIGAN Ave, Chicago, IL 60619",41.738407,-87.620933,sourced,cps_school_profiles@2026-09-09+socrata_pb6d-zzuh@2026-09-09+socrata_igwz-8jzy@2026-09-09
609772,Jane Addams Elementary School,cps_elem,District,Neighborhood,"PK,K,1,2,3,4,5,6,7,8",EAST SIDE,"10810 S AVENUE H, Chicago, IL 60617-6726",41.698739,-87.532976,sourced,cps_school_profiles@2026-09-09+socrata_pb6d-zzuh@2026-09-09+socrata_igwz-8jzy@2026-09-09
609796,Jean Baptiste Beaubien Elementary School,cps_elem,District,Regional gifted center,"PK,K,1,2,3,4,5,6,7,8",JEFFERSON PARK,"5025 N LARAMIE Ave, Chicago, IL 60630",41.972394,-87.757565,sourced,cps_school_profiles@2026-09-09+socrata_pb6d-zzuh@2026-09-09+socrata_igwz-8jzy@2026-09-09
610271,Jensen Elementary Scholastic Academy,cps_elem,District,Magnet,"PK,K,1,2,3,4,5,6,7,8",EAST GARFIELD PARK,"3030 W HARRISON St, Chicago, IL 60612",41.873815,-87.702241,sourced,cps_school_profiles@2026-09-09+socrata_pb6d-zzuh@2026-09-09+socrata_igwz-8jzy@2026-09-09
609943,Jesse Owens Elementary Community Academy,cps_elem,District,Neighborhood,"PK,K,1,2,3,4,5,6,7,8",WEST PULLMAN,"12302 S STATE St, Chicago, IL 60628",41.670618,-87.622546,sourced,cps_school_profiles@2026-09-09+socrata_pb6d-zzuh@2026-09-09+socrata_igwz-8jzy@2026-09-09
610173,Jesse Sherwood Elementary School,cps_elem,District,Neighborhood,"PK,K,1,2,3,4,5,6,7,8",ENGLEWOOD,"245 W 57TH St, Chicago, IL 60621",41.7908,-87.632279,sourced,cps_school_profiles@2026-09-09+socrata_pb6d-zzuh@2026-09-09+socrata_igwz-8jzy@2026-09-09
609942,Johann W von Goethe Elementary School,cps_elem,District,Neighborhood,"PK,K,1,2,3,4,5,6,7,8",LOGAN SQUARE,"2236 N ROCKWELL St, Chicago, IL 60647",41.922831,-87.6929,sourced,cps_school_profiles@2026-09-09+socrata_pb6d-zzuh@2026-09-09+socrata_igwz-8jzy@2026-09-09
610216,John A Walsh Elementary School,cps_elem,District,Neighborhood,"PK,K,1,2,3,4,5,6,7,8",LOWER WEST SIDE,"2015 S PEORIA St, Chicago, IL 60608",41.854836,-87.648086,sourced,cps_school_profiles@2026-09-09+socrata_pb6d-zzuh@2026-09-09+socrata_igwz-8jzy@2026-09-09
609894,John B Drake Elementary School,cps_elem,District,Neighborhood,"PK,K,1,2,3,4,5,6,7,8",DOUGLAS,"2710 S DEARBORN St, Chicago, IL 60616",41.844043,-87.628553,sourced,cps_school_profiles@2026-09-09+socrata_pb6d-zzuh@2026-09-09+socrata_igwz-8jzy@2026-09-09
610089,John B Murphy Elementary School,cps_elem,District,Neighborhood,"PK,K,1,2,3,4,5,6,7,8",IRVING PARK,"3539 W GRACE St, Chicago, IL 60618",41.950078,-87.716832,sourced,cps_school_profiles@2026-09-09+socrata_pb6d-zzuh@2026-09-09+socrata_igwz-8jzy@2026-09-09
609789,John Barry Elementary School,cps_elem,District,Neighborhood,"PK,K,1,2,3,4,5,6",HERMOSA,"2828 N KILBOURN Ave, Chicago, IL 60641",41.932511,-87.739388,sourced,cps_school_profiles@2026-09-09+socrata_pb6d-zzuh@2026-09-09+socrata_igwz-8jzy@2026-09-09
609829,John C Burroughs Elementary School,cps_elem,District,Neighborhood,"PK,K,1,2,3,4,5,6,7,8",BRIGHTON PARK,"3542 S WASHTENAW Ave, Chicago, IL 60632",41.828868,-87.692457,sourced,cps_school_profiles@2026-09-09+socrata_pb6d-zzuh@2026-09-09+socrata_igwz-8jzy@2026-09-09
609866,John C Coonley Elementary School,cps_elem,District,Regional gifted center,"K,1,2,3,4,5,6,7,8",NORTH CENTER,"4046 N LEAVITT St, Chicago, IL 60618",41.955553,-87.683765,sourced,cps_school_profiles@2026-09-09+socrata_pb6d-zzuh@2026-09-09+socrata_igwz-8jzy@2026-09-09
609893,John C Dore Elementary School,cps_elem,District,Neighborhood,"PK,K,1,2,3,4,5,6,7,8",CLEARING,"7134 W 65TH St, Chicago, IL 60638-4606",41.773899,-87.799359,sourced,cps_school_profiles@2026-09-09+socrata_pb6d-zzuh@2026-09-09+socrata_igwz-8jzy@2026-09-09
609959,John Charles Haines Elementary School,cps_elem,District,Neighborhood,"PK,K,1,2,3,4,5,6,7,8",ARMOUR SQUARE,"247 W 23RD Pl, Chicago, IL 60616",41.849958,-87.633806,sourced,cps_school_profiles@2026-09-09+socrata_pb6d-zzuh@2026-09-09+socrata_igwz-8jzy@2026-09-09
610176,John D Shoop Math-Science Technical Academy ES,cps_elem,District,Neighborhood,"PK,K,1,2,3,4,5,6,7,8",MORGAN PARK,"11140 S BISHOP St, Chicago, IL 60643",41.690919,-87.658669,sourced,cps_school_profiles@2026-09-09+socrata_pb6d-zzuh@2026-09-09+socrata_igwz-8jzy@2026-09-09
609898,John F Eberhart Elementary School,cps_elem,District,Neighborhood,"PK,K,1,2,3,4,5,6,7,8",CHICAGO LAWN,"3400 W 65TH Pl, Chicago, IL 60629",41.77442,-87.707953,sourced,cps_school_profiles@2026-09-09+socrata_pb6d-zzuh@2026-09-09+socrata_igwz-8jzy@2026-09-09
609919,John Fiske Elementary School,cps_elem,District,Neighborhood,"PK,K,1,2,3,4,5,6,7,8",WOODLAWN,"6020 S LANGLEY Ave, Chicago, IL 60637",41.785183,-87.608633,sourced,cps_school_profiles@2026-09-09+socrata_pb6d-zzuh@2026-09-09+socrata_igwz-8jzy@2026-09-09
610263,John Foster Dulles Elementary School,cps_elem,District,Neighborhood,"PK,K,1,2,3,4,5,6,7,8",GREATER GRAND CROSSING,"6311 S CALUMET Ave, Chicago, IL 60637",41.7799,-87.617214,sourced,cps_school_profiles@2026-09-09+socrata_pb6d-zzuh@2026-09-09+socrata_igwz-8jzy@2026-09-09
610228,John Greenleaf Whittier Elementary School,cps_elem,District,Neighborhood,"PK,K,1,2,3,4,5,6,7,8",LOWER WEST SIDE,"1900 W 23RD St, Chicago, IL 60608",41.850481,-87.673392,sourced,cps_school_profiles@2026-09-09+socrata_pb6d-zzuh@2026-09-09+socrata_igwz-8jzy@2026-09-09
609964,John H Hamline Elementary School,cps_elem,District,Neighborhood,"PK,K,1,2,3,4,5,6,7,8",NEW CITY,"4747 S BISHOP St, Chicago, IL 60609",41.807242,-87.661175,sourced,cps_school_profiles@2026-09-09+socrata_pb6d-zzuh@2026-09-09+socrata_igwz-8jzy@2026-09-09
610026,John H Kinzie Elementary School,cps_elem,District,Neighborhood,"PK,K,1,2,3,4,5,6,7,8",GARFIELD RIDGE,"5625 S MOBILE Ave, Chicago, IL 60638",41.789965,-87.779483,sourced,cps_school_profiles@2026-09-09+socrata_pb6d-zzuh@2026-09-09+socrata_igwz-8jzy@2026-09-09
610207,John H Vanderpoel Elementary Magnet School,cps_elem,District,Magnet,"K,1,2,3,4,5,6,7,8",BEVERLY,"9510 S PROSPECT Ave, Chicago, IL 60643",41.720817,-87.665559,sourced,cps_school_profiles@2026-09-09+socrata_pb6d-zzuh@2026-09-09+socrata_igwz-8jzy@2026-09-09
609971,John Harvard Elementary School of Excellence,cps_elem,District,Neighborhood,"PK,K,1,2,3,4,5,6,7,8",GREATER GRAND CROSSING,"7525 S HARVARD, Chicago, IL 60620",41.757341,-87.632737,sourced,cps_school_profiles@2026-09-09+socrata_pb6d-zzuh@2026-09-09+socrata_igwz-8jzy@2026-09-09
609975,John Hay Elementary Community Academy,cps_elem,District,Neighborhood,"PK,K,1,2,3,4,5,6,7,8",AUSTIN,"1018 N LARAMIE Ave, Chicago, IL 60651",41.899171,-87.755813,sourced,cps_school_profiles@2026-09-09+socrata_pb6d-zzuh@2026-09-09+socrata_igwz-8jzy@2026-09-09
609782,John J Audubon Elementary School,cps_elem,District,Neighborhood,"PK,K,1,2,3,4,5,6,7,8",NORTH CENTER,"3500 N HOYNE Ave, Chicago, IL 60618",41.945062,-87.681041,sourced,cps_school_profiles@2026-09-09+socrata_pb6d-zzuh@2026-09-09+socrata_igwz-8jzy@2026-09-09
610126,John J Pershing STEAM Magnet Elementary School,cps_elem,District,Magnet,"PK,K,1,2,3,4,5,6,7,8",DOUGLAS,"3200 S CALUMET Ave, Chicago, IL 60616",41.836527,-87.618338,sourced,cps_school_profiles@2026-09-09+socrata_pb6d-zzuh@2026-09-09+socrata_igwz-8jzy@2026-09-09
610054,John L Marsh Elementary School,cps_elem,District,Neighborhood,"PK,K,1,2,3,4,5,6,7,8",SOUTH DEERING,"9822 S EXCHANGE Ave, Chicago, IL 60617",41.716588,-87.552483,sourced,cps_school_profiles@2026-09-09+socrata_pb6d-zzuh@2026-09-09+socrata_igwz-8jzy@2026-09-09
610180,John M Smyth Elementary School,cps_elem,District,Magnet,"PK,K,1,2,3,4,5,6,7,8",NEAR WEST SIDE,"1059 W 13TH St, Chicago, IL 60608",41.865351,-87.653445,sourced,cps_school_profiles@2026-09-09+socrata_pb6d-zzuh@2026-09-09+socrata_igwz-8jzy@2026-09-09
609954,John Milton Gregory Elementary School,cps_elem,District,Neighborhood,"PK,K,1,2,3,4,5,6,7,8",EAST GARFIELD PARK,"3715 W POLK St, Chicago, IL 60624",41.870742,-87.718666,sourced,cps_school_profiles@2026-09-09+socrata_pb6d-zzuh@2026-09-09+socrata_igwz-8jzy@2026-09-09
610111,John Palmer Elementary School,cps_elem,District,Neighborhood,"PK,K,1,2,3,4,5,6,7,8",ALBANY PARK,"5051 N KENNETH Ave, Chicago, IL 60630",41.973289,-87.739213,sourced,cps_school_profiles@2026-09-09+socrata_pb6d-zzuh@2026-09-09+socrata_igwz-8jzy@2026-09-09
610184,John Spry Elementary Community School,cps_elem,District,Neighborhood,"PK,K,1,2,3,4,5,6,7,8",SOUTH LAWNDALE,"2400 S MARSHALL Blvd, Chicago, IL 60623",41.847747,-87.700184,sourced,cps_school_profiles@2026-09-09+socrata_pb6d-zzuh@2026-09-09+socrata_igwz-8jzy@2026-09-09
610269,John T McCutcheon Elementary School,cps_elem,District,Neighborhood,"PK,K,1,2,3,4,5,6,7,8",UPTOWN,"4865 N SHERIDAN Rd, Chicago, IL 60640",41.970949,-87.654758,sourced,cps_school_profiles@2026-09-09+socrata_pb6d-zzuh@2026-09-09+socrata_igwz-8jzy@2026-09-09
610130,John T Pirie Fine Arts & Academic Center ES,cps_elem,District,Neighborhood,"PK,K,1,2,3,4,5,6",CHATHAM,"650 E 85TH St, Chicago, IL 60619",41.74034,-87.607891,sourced,cps_school_profiles@2026-09-09+socrata_pb6d-zzuh@2026-09-09+socrata_igwz-8jzy@2026-09-09
609864,John W Cook Elementary School,cps_elem,District,Neighborhood,"PK,K,1,2,3,4,5,6,7,8",AUBURN GRESHAM,"8150 S BISHOP St, Chicago, IL 60620",41.745237,-87.659775,sourced,cps_school_profiles@2026-09-09+socrata_pb6d-zzuh@2026-09-09+socrata_igwz-8jzy@2026-09-09
609937,John W Garvy Elementary School,cps_elem,District,Neighborhood,"K,1,2,3,4,5,6,7,8",NORWOOD PARK,"5225 N OAK PARK Ave, Chicago, IL 60656",41.976352,-87.796235,sourced,cps_school_profiles@2026-09-09+socrata_pb6d-zzuh@2026-09-09+socrata_igwz-8jzy@2026-09-09
610225,John Whistler Elementary School,cps_elem,District,Neighborhood,"PK,K,1,2,3,4,5,6,7,8",WEST PULLMAN,"11533 S ADA St, Chicago, IL 60643",41.683907,-87.655384,sourced,cps_school_profiles@2026-09-09+socrata_pb6d-zzuh@2026-09-09+socrata_igwz-8jzy@2026-09-09
610199,Johnnie Colemon Elementary Academy,cps_elem,District,Neighborhood,"PK,K,1,2,3,4,5,6,7,8",WEST PULLMAN,"1441 W 119TH St, Chicago, IL 60643",41.677505,-87.658111,sourced,cps_school_profiles@2026-09-09+socrata_pb6d-zzuh@2026-09-09+socrata_igwz-8jzy@2026-09-09
609828,Jonathan Burr Elementary School,cps_elem,District,Neighborhood,"K,1,2,3,4,5,6,7,8",WEST TOWN,"1621 W WABANSIA Ave, Chicago, IL 60622",41.912358,-87.668661,sourced,cps_school_profiles@2026-09-09+socrata_pb6d-zzuh@2026-09-09+socrata_igwz-8jzy@2026-09-09
610159,Jonathan Y Scammon Elementary School,cps_elem,District,Neighborhood,"PK,K,1,2,3,4,5,6,7,8",IRVING PARK,"4201 W HENDERSON St, Chicago, IL 60641",41.941678,-87.732179,sourced,cps_school_profiles@2026-09-09+socrata_pb6d-zzuh@2026-09-09+socrata_igwz-8jzy@2026-09-09
609865,Jordan Elementary Community School,cps_elem,District,Neighborhood,"PK,K,1,2,3,4,5,6,7,8",ROGERS PARK,"7414 N WOLCOTT Ave, Chicago, IL 60626",42.017088,-87.677763,sourced,cps_school_profiles@2026-09-09+socrata_pb6d-zzuh@2026-09-09+socrata_igwz-8jzy@2026-09-09
610313,Jose De Diego Elementary Community Academy,cps_elem,District,Neighborhood,"PK,K,1,2,3,4,5,6,7,8",WEST TOWN,"1313 N CLAREMONT Ave, Chicago, IL 60622",41.905294,-87.685756,sourced,cps_school_profiles@2026-09-09+socrata_pb6d-zzuh@2026-09-09+socrata_igwz-8jzy@2026-09-09
609950,Josefa Ortiz De Dominguez Elementary School,cps_elem,District,Neighborhood,"PK,K,1,2",SOUTH LAWNDALE,"3000 S LAWNDALE Ave, Chicago, IL 60623",41.838791,-87.71719,sourced,cps_school_profiles@2026-09-09+socrata_pb6d-zzuh@2026-09-09+socrata_igwz-8jzy@2026-09-09
610242,Joseph Brennemann Elementary School,cps_elem,District,Neighborhood,"PK,K,1,2,3,4,5,6,7,8",UPTOWN,"4251 N CLARENDON Ave, Chicago, IL 60613",41.959984,-87.649749,sourced,cps_school_profiles@2026-09-09+socrata_pb6d-zzuh@2026-09-09+socrata_igwz-8jzy@2026-09-09
609938,Joseph E Gary Elementary School,cps_elem,District,Neighborhood,"PK,3,4,5,6,7,8",SOUTH LAWNDALE,"3740 W 31ST St, Chicago, IL 60623",41.837065,-87.718697,sourced,cps_school_profiles@2026-09-09+socrata_pb6d-zzuh@2026-09-09+socrata_igwz-8jzy@2026-09-09
610015,Joseph Jungman STEM Magnet Elementary School,cps_elem,District,Neighborhood,"PK,K,1,2,3,4,5,6,7,8",LOWER WEST SIDE,"1746 S MILLER St, Chicago, IL 60608",41.858065,-87.652302,sourced,cps_school_profiles@2026-09-09+socrata_pb6d-zzuh@2026-09-09+socrata_igwz-8jzy@2026-09-09
609925,Joseph Kellman Corporate Community ES,cps_elem,District,Neighborhood,"PK,K,1,2,3,4,5,6,7,8",EAST GARFIELD PARK,"3030 W ARTHINGTON St, Chicago, IL 60612",41.870168,-87.702163,sourced,cps_school_profiles@2026-09-09+socrata_pb6d-zzuh@2026-09-09+socrata_igwz-8jzy@2026-09-09
610043,Joseph Lovett Elementary School,cps_elem,District,Neighborhood,"PK,K,1,2,3,4,5,6,7,8",AUSTIN,"6333 W BLOOMINGDALE Ave, Chicago, IL 60639",41.912718,-87.783919,sourced,cps_school_profiles@2026-09-09+socrata_pb6d-zzuh@2026-09-09+socrata_igwz-8jzy@2026-09-09
610218,Joseph Warren Elementary School,cps_elem,District,Neighborhood,"PK,K,1,2,3,4,5,6,7,8",CALUMET HEIGHTS,"9239 S JEFFERY Ave, Chicago, IL 60617",41.726763,-87.575353,sourced,cps_school_profiles@2026-09-09+socrata_pb6d-zzuh@2026-09-09+socrata_igwz-8jzy@2026-09-09
610041,Josephine C Locke Elementary School,cps_elem,District,Neighborhood,"PK,K,1,2,3,4,5,6,7,8",MONTCLARE,"2828 N OAK PARK Ave, Chicago, IL 60634",41.931762,-87.795604,sourced,cps_school_profiles@2026-09-09+socrata_pb6d-zzuh@2026-09-09+socrata_igwz-8jzy@2026-09-09
610019,Joshua D Kershaw Elementary School,cps_elem,District,Magnet,"PK,K,1,2,3,4,5,6,7,8",ENGLEWOOD,"6450 S LOWE Ave, Chicago, IL 60621",41.776453,-87.640892,sourced,cps_school_profiles@2026-09-09+socrata_pb6d-zzuh@2026-09-09+socrata_igwz-8jzy@2026-09-09
610129,Josiah Pickard Elementary School,cps_elem,District,Neighborhood,"PK,K,1,2,3,4,5,6,7,8",LOWER WEST SIDE,"2301 W 21ST Pl, Chicago, IL 60608",41.8529,-87.683291,sourced,cps_school_profiles@2026-09-09+socrata_pb6d-zzuh@2026-09-09+socrata_igwz-8jzy@2026-09-09
610022,Joyce Kilmer International Academy,cps_elem,District,Neighborhood,"PK,K,1,2,3,4,5,6,7,8",ROGERS PARK,"6700 N GREENVIEW Ave, Chicago, IL 60626",42.00364,-87.668222,sourced,cps_school_profiles@2026-09-09+socrata_pb6d-zzuh@2026-09-09+socrata_igwz-8jzy@2026-09-09
610000,Julia Ward Howe Elementary School of Excellence,cps_elem,District,Neighborhood,"PK,K,1,2,3,4,5,6,7,8",AUSTIN,"720 N LOREL Ave, Chicago, IL 60644",41.893612,-87.759398,sourced,cps_school_profiles@2026-09-09+socrata_pb6d-zzuh@2026-09-09+socrata_igwz-8jzy@2026-09-09
610016,Kate S Kellogg Elementary School,cps_elem,District,Neighborhood,"K,1,2,3,4,5,6,7,8",BEVERLY,"9241 S LEAVITT St, Chicago, IL 60643-6318",41.725263,-87.677233,sourced,cps_school_profiles@2026-09-09+socrata_pb6d-zzuh@2026-09-09+socrata_igwz-8jzy@2026-09-09
610033,LaSalle Elementary Language Academy,cps_elem,District,Magnet,"K,1,2,3,4,5,6,7,8",LINCOLN PARK,"1734 N ORLEANS St, Chicago, IL 60614",41.9139,-87.637565,sourced,cps_school_profiles@2026-09-09+socrata_pb6d-zzuh@2026-09-09+socrata_igwz-8jzy@2026-09-09
610520,LaSalle II Magnet Elementary School,cps_elem,District,Magnet,"PK,K,1,2,3,4,5,6,7,8",WEST TOWN,"1148 N HONORE St, Chicago, IL 60622",41.902914,-87.673696,sourced,cps_school_profiles@2026-09-09+socrata_pb6d-zzuh@2026-09-09+socrata_igwz-8jzy@2026-09-09
610368,Langston Hughes Elementary School,cps_elem,District,Neighborhood,"PK,K,1,2,3,4,5,6,7,8",ROSELAND,"240 W 104TH St, Chicago, IL 60628",41.705342,-87.629869,sourced,cps_school_profiles@2026-09-09+socrata_pb6d-zzuh@2026-09-09+socrata_igwz-8jzy@2026-09-09
609910,Laughlin Falconer Elementary School,cps_elem,District,Neighborhood,"PK,K,1,2,3,4,5,6,7,8",BELMONT CRAGIN,"3020 N LAMON Ave, Chicago, IL 60641",41.935785,-87.749331,sourced,cps_school_profiles@2026-09-09+socrata_pb6d-zzuh@2026-09-09+socrata_igwz-8jzy@2026-09-09
610133,Laura S Ward Elementary School,cps_elem,District,Neighborhood,"PK,K,1,2,3,4,5,6,7,8",HUMBOLDT PARK,"646 N LAWNDALE Ave, Chicago, IL 60624",41.893236,-87.718797,sourced,cps_school_profiles@2026-09-09+socrata_pb6d-zzuh@2026-09-09+socrata_igwz-8jzy@2026-09-09
610034,Lawndale Elementary Community Academy,cps_elem,District,Neighborhood,"PK,K,1,2,3,4,5,6,7,8",NORTH LAWNDALE,"3500 W DOUGLAS Blvd, Chicago, IL 60623",41.86296,-87.712957,sourced,cps_school_profiles@2026-09-09+socrata_pb6d-zzuh@2026-09-09+socrata_igwz-8jzy@2026-09-09
610024,Lazaro Cardenas Elementary School,cps_elem,District,Neighborhood,"PK,K,1,2,3,4,5,6,7,8",SOUTH LAWNDALE,"2345 S MILLARD Ave, Chicago, IL 60623",41.848488,-87.716017,sourced,cps_school_profiles@2026-09-09+socrata_pb6d-zzuh@2026-09-09+socrata_igwz-8jzy@2026-09-09
609907,Leif Ericson Elementary Scholastic Academy,cps_elem,District,Magnet,"PK,K,1,2,3,4,5,6,7,8",EAST GARFIELD PARK,"3600 W 5TH Ave, Chicago, IL 60624",41.875744,-87.715804,sourced,cps_school_profiles@2026-09-09+socrata_pb6d-zzuh@2026-09-09+socrata_igwz-8jzy@2026-09-09
610298,Lenart Elementary Regional Gifted Center,cps_elem,District,Regional gifted center,"PK,K,1,2,3,4,5,6,7,8",CHATHAM,"8101 S LASALLE St, Chicago, IL 60620",41.747186,-87.62804,sourced,cps_school_profiles@2026-09-09+socrata_pb6d-zzuh@2026-09-09+socrata_igwz-8jzy@2026-09-09
610036,Leslie Lewis Elementary School,cps_elem,District,Neighborhood,"PK,K,1,2,3,4,5,6,7,8",AUSTIN,"1431 N LEAMINGTON Ave, Chicago, IL 60651",41.906826,-87.75455,sourced,cps_school_profiles@2026-09-09+socrata_pb6d-zzuh@2026-09-09+socrata_igwz-8jzy@2026-09-09
609793,Lillian R. Nicholson STEM Academy,cps_elem,District,Neighborhood,"PK,K,1,2,3,4,5,6,7,8",ENGLEWOOD,"6006 S PEORIA St, Chicago, IL 60621",41.784942,-87.647453,sourced,cps_school_profiles@2026-09-09+socrata_pb6d-zzuh@2026-09-09+socrata_igwz-8jzy@2026-09-09
609807,Lionel Hampton Fine & Performing Arts ES,cps_elem,District,Neighborhood,"PK,K,1,2,3,4,5,6,7,8",ASHBURN,"3434 W 77TH St, Chicago, IL 60652",41.753457,-87.708731,sourced,cps_school_profiles@2026-09-09+socrata_pb6d-zzuh@2026-09-09+socrata_igwz-8jzy@2026-09-09
609834,Little Village Elementary School,cps_elem,District,Neighborhood,"PK,K,1,2,3,4,5,6,7,8",SOUTH LAWNDALE,"2620 S LAWNDALE Ave, Chicago, IL 60623",41.843698,-87.717319,sourced,cps_school_profiles@2026-09-09+socrata_pb6d-zzuh@2026-09-09+socrata_igwz-8jzy@2026-09-09
610074,Logan Square Elementary School,cps_elem,District,Neighborhood,"PK,K,1,2,3,4,5,6,7,8",LOGAN SQUARE,"3651 W SCHUBERT Ave, Chicago, IL 60647",41.929989,-87.719224,sourced,cps_school_profiles@2026-09-09+socrata_pb6d-zzuh@2026-09-09+socrata_igwz-8jzy@2026-09-09
609809,Lorenz Brentano Math & Science Academy ES,cps_elem,District,Neighborhood,"PK,K,1,2,3,4,5,6,7,8",LOGAN SQUARE,"2723 N FAIRFIELD Ave, Chicago, IL 60647",41.930966,-87.696294,sourced,cps_school_profiles@2026-09-09+socrata_pb6d-zzuh@2026-09-09+socrata_igwz-8jzy@2026-09-09
610094,Louis Nettelhorst Elementary School,cps_elem,District,Neighborhood,"PK,K,1,2,3,4,5,6,7,8",LAKE VIEW,"3252 N BROADWAY St, Chicago, IL 60657",41.941637,-87.644561,sourced,cps_school_profiles@2026-09-09+socrata_pb6d-zzuh@2026-09-09+socrata_igwz-8jzy@2026-09-09
610117,Louis Pasteur Elementary School,cps_elem,District,Neighborhood,"PK,K,1,2,3,4",WEST ELSDON,"5825 S KOSTNER Ave, Chicago, IL 60629",41.786895,-87.732666,sourced,cps_school_profiles@2026-09-09+socrata_pb6d-zzuh@2026-09-09+socrata_igwz-8jzy@2026-09-09
609774,Louisa May Alcott College Preparatory ES,cps_elem,District,Neighborhood,"PK,K,1,2,3,4,5,6,7,8",LINCOLN PARK,"2625 N ORCHARD St, Chicago, IL 60614-1573",41.92985,-87.646413,sourced,cps_school_profiles@2026-09-09+socrata_pb6d-zzuh@2026-09-09+socrata_igwz-8jzy@2026-09-09
610237,Ludwig Van Beethoven Elementary School,cps_elem,District,Neighborhood,"PK,K,1,2,3,4,5,6,7,8",GRAND BOULEVARD,"25 W 47TH St, Chicago, IL 60609",41.809135,-87.627137,sourced,cps_school_profiles@2026-09-09+socrata_pb6d-zzuh@2026-09-09+socrata_igwz-8jzy@2026-09-09
610108,Luke O'Toole Elementary School,cps_elem,District,Neighborhood,"PK,K,1,2,3,4,5,6,7,8",WEST ENGLEWOOD,"6550 S SEELEY Ave, Chicago, IL 60636",41.774571,-87.674865,sourced,cps_school_profiles@2026-09-09+socrata_pb6d-zzuh@2026-09-09+socrata_igwz-8jzy@2026-09-09
609818,Luther Burbank Elementary School,cps_elem,District,Neighborhood,"PK,K,1,2,3,4,5,6,7,8",BELMONT CRAGIN,"2035 N MOBILE Ave, Chicago, IL 60639",41.917598,-87.7827,sourced,cps_school_profiles@2026-09-09+socrata_pb6d-zzuh@2026-09-09+socrata_igwz-8jzy@2026-09-09
609817,Lyman A Budlong Elementary School,cps_elem,District,Neighborhood,"PK,K,1,2,3,4,5,6,7,8",LINCOLN SQUARE,"2701 W FOSTER Ave, Chicago, IL 60625",41.975754,-87.696556,sourced,cps_school_profiles@2026-09-09+socrata_pb6d-zzuh@2026-09-09+socrata_igwz-8jzy@2026-09-09
610369,Mahalia Jackson Elementary School,cps_elem,District,Neighborhood,"PK,K,1,2,3,4,5,6,7,8",AUBURN GRESHAM,"917 W 88TH St, Chicago, IL 60620",41.734125,-87.646767,sourced,cps_school_profiles@2026-09-09+socrata_pb6d-zzuh@2026-09-09+socrata_igwz-8jzy@2026-09-09
610197,Mancel Talcott Elementary School,cps_elem,District,Neighborhood,"PK,K,1,2,3,4,5,6,7,8",WEST TOWN,"1840 W OHIO St, Chicago, IL 60622",41.892405,-87.673723,sourced,cps_school_profiles@2026-09-09+socrata_pb6d-zzuh@2026-09-09+socrata_igwz-8jzy@2026-09-09
609872,Manuel Perez Elementary School,cps_elem,District,Neighborhood,"PK,K,1,2,3,4,5,6,7,8",LOWER WEST SIDE,"1241 W 19TH St, Chicago, IL 60608",41.856029,-87.65798,sourced,cps_school_profiles@2026-09-09+socrata_pb6d-zzuh@2026-09-09+socrata_igwz-8jzy@2026-09-09
610128,Marcus Moziah Garvey Elementary School,cps_elem,District,Neighborhood,"PK,K,1,2,3,4,5,6,7,8",WASHINGTON HEIGHTS,"10309 S MORGAN St, Chicago, IL 60643",41.706603,-87.647577,sourced,cps_school_profiles@2026-09-09+socrata_pb6d-zzuh@2026-09-09+socrata_igwz-8jzy@2026-09-09
610017,Maria Saucedo STEAM Magnet Academy,cps_elem,District,Magnet,"PK,K,1,2,3,4,5,6,7,8",SOUTH LAWNDALE,"2850 W 24TH Blvd, Chicago, IL 60623",41.847941,-87.697316,sourced,cps_school_profiles@2026-09-09+socrata_pb6d-zzuh@2026-09-09+socrata_igwz-8jzy@2026-09-09
610544,Mariano Azuela Elementary School,cps_elem,District,Neighborhood,"K,1,2,3,4,5,6,7,8",WEST LAWN,"4707 W MARQUETTE Rd, Chicago, IL 60629",41.771079,-87.73992,sourced,cps_school_profiles@2026-09-09+socrata_pb6d-zzuh@2026-09-09+socrata_igwz-8jzy@2026-09-09
610081,Mark Sheridan Math & Science Academy,cps_elem,District,Magnet,"K,1,2,3,4,5,6,7,8",BRIDGEPORT,"533 W 27TH St, Chicago, IL 60616",41.8444,-87.64134,sourced,cps_school_profiles@2026-09-09+socrata_pb6d-zzuh@2026-09-09+socrata_igwz-8jzy@2026-09-09
610177,Mark Skinner Elementary School,cps_elem,District,Classical,"PK,K,1,2,3,4,5,6,7,8",NEAR WEST SIDE,"1260 W ADAMS St, Chicago, IL 60607",41.879103,-87.659419,sourced,cps_school_profiles@2026-09-09+socrata_pb6d-zzuh@2026-09-09+socrata_igwz-8jzy@2026-09-09
610206,Mark Twain Elementary School,cps_elem,District,Neighborhood,"PK,K,1,2,3,4,5,6,7,8",GARFIELD RIDGE,"5134 S LOTUS Ave, Chicago, IL 60638",41.799046,-87.758928,sourced,cps_school_profiles@2026-09-09+socrata_pb6d-zzuh@2026-09-09+socrata_igwz-8jzy@2026-09-09
610053,Marquette Elementary School,cps_elem,District,Neighborhood,"PK,K,1,2,3,4,5,6,7,8",CHICAGO LAWN,"6550 S RICHMOND St, Chicago, IL 60629",41.773881,-87.69703,sourced,cps_school_profiles@2026-09-09+socrata_pb6d-zzuh@2026-09-09+socrata_igwz-8jzy@2026-09-09
610152,Martha Ruggles Elementary School,cps_elem,District,Neighborhood,"PK,K,1,2,3,4,5,6,7,8",GREATER GRAND CROSSING,"7831 S PRAIRIE Ave, Chicago, IL 60619",41.751946,-87.618066,sourced,cps_school_profiles@2026-09-09+socrata_pb6d-zzuh@2026-09-09+socrata_igwz-8jzy@2026-09-09
610539,Marvin Camras Elementary School,cps_elem,District,Neighborhood,"PK,K,1,2,3,4,5,6,7,8",BELMONT CRAGIN,"3000 N MANGO Ave, Chicago, IL 60634",41.934931,-87.770127,sourced,cps_school_profiles@2026-09-09+socrata_pb6d-zzuh@2026-09-09+socrata_igwz-8jzy@2026-09-09
610355,Mary E Courtenay Elementary Language Arts Center,cps_elem,District,Small,"PK,K,1,2,3,4,5,6,7,8",UPTOWN,"4420 N BEACON St, Chicago, IL 60640",41.962308,-87.663853,sourced,cps_school_profiles@2026-09-09+socrata_pb6d-zzuh@2026-09-09+socrata_igwz-8jzy@2026-09-09
610312,Mary E McDowell Elementary School,cps_elem,District,Neighborhood,"PK,K,1,2,3,4,5",CALUMET HEIGHTS,"1419 E 89TH St, Chicago, IL 60619",41.733132,-87.58959,sourced,cps_school_profiles@2026-09-09+socrata_pb6d-zzuh@2026-09-09+socrata_igwz-8jzy@2026-09-09
610127,Mary Gage Peterson Elementary School,cps_elem,District,Neighborhood,"PK,K,1,2,3,4,5,6,7,8",NORTH PARK,"5510 N CHRISTIANA Ave, Chicago, IL 60625",41.981557,-87.712583,sourced,cps_school_profiles@2026-09-09+socrata_pb6d-zzuh@2026-09-09+socrata_igwz-8jzy@2026-09-09
610046,Mary Lyon Elementary School,cps_elem,District,Neighborhood,"PK,K,1,2,3,4,5,6,7,8",BELMONT CRAGIN,"2941 N MCVICKER Ave, Chicago, IL 60634",41.934192,-87.777174,sourced,cps_school_profiles@2026-09-09+socrata_pb6d-zzuh@2026-09-09+socrata_igwz-8jzy@2026-09-09
609935,Matthew Gallistel Elementary Language Academy,cps_elem,District,Magnet,"PK,K,1,2,3,4,5,6,7,8",EAST SIDE,"10347 S EWING Ave, Chicago, IL 60617",41.706801,-87.535175,sourced,cps_school_profiles@2026-09-09+socrata_pb6d-zzuh@2026-09-09+socrata_igwz-8jzy@2026-09-09
610362,Medgar Evers Elementary School,cps_elem,District,Neighborhood,"PK,K,1,2,3,4,5,6,7,8",WASHINGTON HEIGHTS,"9811 S LOWE Ave, Chicago, IL 60628",41.715665,-87.639305,sourced,cps_school_profiles@2026-09-09+socrata_pb6d-zzuh@2026-09-09+socrata_igwz-8jzy@2026-09-09
610055,Michael Faraday Elementary School,cps_elem,District,Neighborhood,"PK,K,1,2,3,4,5,6,7,8",EAST GARFIELD PARK,"3250 W MONROE St, Chicago, IL 60624",41.879714,-87.708092,sourced,cps_school_profiles@2026-09-09+socrata_pb6d-zzuh@2026-09-09+socrata_igwz-8jzy@2026-09-09
609832,Michael M Byrne Elementary School,cps_elem,District,Neighborhood,"K,1,2,3,4,5,6,7,8",GARFIELD RIDGE,"5329 S OAK PARK Ave, Chicago, IL 60638",41.795031,-87.791544,sourced,cps_school_profiles@2026-09-09+socrata_pb6d-zzuh@2026-09-09+socrata_igwz-8jzy@2026-09-09
610208,Mildred I Lavizzo Elementary School,cps_elem,District,Neighborhood,"PK,K,1,2,3,4,5,6,7,8",ROSELAND,"138 W 109TH St, Chicago, IL 60628",41.696262,-87.627148,sourced,cps_school_profiles@2026-09-09+socrata_pb6d-zzuh@2026-09-09+socrata_igwz-8jzy@2026-09-09
609830,Milton Brunson Elementary School,cps_elem,District,Neighborhood,"PK,K,1,2,3,4,5,6,7,8",AUSTIN,"932 N CENTRAL Ave, Chicago, IL 60651",41.897663,-87.765606,sourced,cps_school_profiles@2026-09-09+socrata_pb6d-zzuh@2026-09-09+socrata_igwz-8jzy@2026-09-09
610011,Minnie Mars Jamieson Elementary School,cps_elem,District,Neighborhood,"PK,K,1,2,3,4,5,6,7,8",WEST RIDGE,"5650 N MOZART St, Chicago, IL 60659",41.984641,-87.700529,sourced,cps_school_profiles@2026-09-09+socrata_pb6d-zzuh@2026-09-09+socrata_igwz-8jzy@2026-09-09
610062,Minnie Miñoso Academy,cps_elem,District,Neighborhood,"PK,K,1,2,3,4,5,6,7,8",BRIDGEPORT,"3527 S WALLACE St, Chicago, IL 60609",41.829993,-87.641103,sourced,cps_school_profiles@2026-09-09+socrata_pb6d-zzuh@2026-09-09+socrata_igwz-8jzy@2026-09-09
610203,Monarcas Academy,cps_elem,District,Neighborhood,"PK,K,1,2,3,4,5",GAGE PARK,"5815 S HOMAN Ave, Chicago, IL 60629",41.787523,-87.708179,sourced,cps_school_profiles@2026-09-09+socrata_pb6d-zzuh@2026-09-09+socrata_igwz-8jzy@2026-09-09
610257,Morton School of Excellence,cps_elem,District,Neighborhood,"PK,K,1,2,3,4,5,6,7,8",HUMBOLDT PARK,"431 N TROY St, Chicago, IL 60612",41.889178,-87.705108,sourced,cps_school_profiles@2026-09-09+socrata_pb6d-zzuh@2026-09-09+socrata_igwz-8jzy@2026-09-09
609804,Mosaic School of Fine Arts,cps_elem,District,Neighborhood,"PK,K,1,2,3,4,5,6,7,8",WEST RIDGE,"6710 N WASHTENAW Ave, Chicago, IL 60645",42.003412,-87.697463,sourced,cps_school_profiles@2026-09-09+socrata_pb6d-zzuh@2026-09-09+socrata_igwz-8jzy@2026-09-09
610082,Mount Greenwood Elementary School,cps_elem,District,Neighborhood,"PK,K,1,2,3,4,5,6,7,8",MOUNT GREENWOOD,"10841 S HOMAN Ave, Chicago, IL 60655",41.695734,-87.70581,sourced,cps_school_profiles@2026-09-09+socrata_pb6d-zzuh@2026-09-09+socrata_igwz-8jzy@2026-09-09
610086,Mount Vernon Elementary School,cps_elem,District,Neighborhood,"PK,K,1,2,3,4,5,6,7,8",WASHINGTON HEIGHTS,"10540 S MORGAN St, Chicago, IL 60643",41.701952,-87.647652,sourced,cps_school_profiles@2026-09-09+socrata_pb6d-zzuh@2026-09-09+socrata_igwz-8jzy@2026-09-09
609806,Myra Bradwell Communications Arts & Sciences ES,cps_elem,District,Neighborhood,"PK,K,1,2,3,4,5,6,7,8",SOUTH SHORE,"7736 S BURNHAM Ave, Chicago, IL 60649",41.754365,-87.557142,sourced,cps_school_profiles@2026-09-09+socrata_pb6d-zzuh@2026-09-09+socrata_igwz-8jzy@2026-09-09
609960,Nathan Hale Elementary School,cps_elem,District,Neighborhood,"PK,K,1,2,3,4,5,6,7,8",CLEARING,"6140 S MELVINA Ave, Chicago, IL 60638",41.780192,-87.776579,sourced,cps_school_profiles@2026-09-09+socrata_pb6d-zzuh@2026-09-09+socrata_igwz-8jzy@2026-09-09
609876,Nathan S Davis Elementary School,cps_elem,District,Neighborhood,"PK,K,1,2,3,4,5,6,7,8",BRIGHTON PARK,"3014 W 39TH Pl, Chicago, IL 60632",41.821852,-87.700202,sourced,cps_school_profiles@2026-09-09+socrata_pb6d-zzuh@2026-09-09+socrata_igwz-8jzy@2026-09-09
609952,Nathanael Greene Elementary School,cps_elem,District,Neighborhood,"PK,K,1,2,3,4,5",MCKINLEY PARK,"3525 S HONORE St, Chicago, IL 60609",41.829669,-87.671492,sourced,cps_school_profiles@2026-09-09+socrata_pb6d-zzuh@2026-09-09+socrata_igwz-8jzy@2026-09-09
610231,National Teachers Elementary Academy,cps_elem,District,Neighborhood,"PK,K,1,2,3,4,5,6,7,8",NEAR SOUTH SIDE,"55 W CERMAK Rd, Chicago, IL 60616",41.8528,-87.629308,sourced,cps_school_profiles@2026-09-09+socrata_pb6d-zzuh@2026-09-09+socrata_igwz-8jzy@2026-09-09
610284,New Field Elementary School,cps_elem,District,Neighborhood,"PK,K,1,2,3,4",ROGERS PARK,"1707 W MORSE Ave, Chicago, IL 60626",42.007703,-87.673168,sourced,cps_school_profiles@2026-09-09+socrata_pb6d-zzuh@2026-09-09+socrata_igwz-8jzy@2026-09-09
609792,Newton Bateman Elementary School,cps_elem,District,Neighborhood,"PK,K,1,2,3,4,5,6,7,8",IRVING PARK,"4220 N RICHMOND St, Chicago, IL 60618",41.95822,-87.702151,sourced,cps_school_profiles@2026-09-09+socrata_pb6d-zzuh@2026-09-09+socrata_igwz-8jzy@2026-09-09
609961,Ninos Heroes Elementary Academic Center,cps_elem,District,Neighborhood,"PK,K,1,2,3,4,5,6,7,8",SOUTH CHICAGO,"8344 S COMMERCIAL Ave, Chicago, IL 60617",41.743753,-87.551862,sourced,cps_school_profiles@2026-09-09+socrata_pb6d-zzuh@2026-09-09+socrata_igwz-8jzy@2026-09-09
609810,Norman A Bridge Elementary School,cps_elem,District,Neighborhood,"PK,K,1,2,3,4,5,6,7,8",DUNNING,"3800 N NEW ENGLAND Ave, Chicago, IL 60634",41.949114,-87.798669,sourced,cps_school_profiles@2026-09-09+socrata_pb6d-zzuh@2026-09-09+socrata_igwz-8jzy@2026-09-09
610354,North River Elementary School,cps_elem,District,Small,"PK,K,1,2,3,4,5,6,7,8",ALBANY PARK,"3729 W LELAND Ave, Chicago, IL 60625-5706",41.966411,-87.721226,sourced,cps_school_profiles@2026-09-09+socrata_pb6d-zzuh@2026-09-09+socrata_igwz-8jzy@2026-09-09
610051,Northwest Middle School,cps_elem,District,Neighborhood,"6,7,8",BELMONT CRAGIN,"5252 W PALMER St, Chicago, IL 60639",41.920611,-87.757921,sourced,cps_school_profiles@2026-09-09+socrata_pb6d-zzuh@2026-09-09+socrata_igwz-8jzy@2026-09-09
610099,Norwood Park Elementary School,cps_elem,District,Neighborhood,"PK,K,1,2,3,4,5,6,7,8",NORWOOD PARK,"5900 N NINA Ave, Chicago, IL 60631",41.988153,-87.802979,sourced,cps_school_profiles@2026-09-09+socrata_pb6d-zzuh@2026-09-09+socrata_igwz-8jzy@2026-09-09
610201,Ole A Thorp Elementary Scholastic Academy,cps_elem,District,Magnet,"K,1,2,3,4,5,6,7,8",DUNNING,"6024 W WARWICK Ave, Chicago, IL 60634",41.948571,-87.777631,sourced,cps_school_profiles@2026-09-09+socrata_pb6d-zzuh@2026-09-09+socrata_igwz-8jzy@2026-09-09
610300,Oliver S Westcott Elementary School,cps_elem,District,Neighborhood,"PK,K,1,2,3,4,5,6,7,8",CHATHAM,"409 W 80TH St, Chicago, IL 60620",41.748868,-87.634751,sourced,cps_school_profiles@2026-09-09+socrata_pb6d-zzuh@2026-09-09+socrata_igwz-8jzy@2026-09-09
609997,Oliver Wendell Holmes Elementary School,cps_elem,District,Neighborhood,"PK,K,1,2,3,4,5,6,7,8",ENGLEWOOD,"955 W GARFIELD Blvd, Chicago, IL 60621",41.793788,-87.649795,sourced,cps_school_profiles@2026-09-09+socrata_pb6d-zzuh@2026-09-09+socrata_igwz-8jzy@2026-09-09
610105,Oriole Park Elementary School,cps_elem,District,Neighborhood,"PK,K,1,2,3,4,5,6,7,8",NORWOOD PARK,"5424 N OKETO Ave, Chicago, IL 60656",41.978501,-87.812054,sourced,cps_school_profiles@2026-09-09+socrata_pb6d-zzuh@2026-09-09+socrata_igwz-8jzy@2026-09-09
610329,Orozco Fine Arts & Sciences Elementary School,cps_elem,District,Neighborhood,"PK,K,1,2,3,4,5,6,7,8",LOWER WEST SIDE,"1940 W 18TH St, Chicago, IL 60608",41.857755,-87.67521,sourced,cps_school_profiles@2026-09-09+socrata_pb6d-zzuh@2026-09-09+socrata_igwz-8jzy@2026-09-09
609811,Orville T Bright Elementary School,cps_elem,District,Neighborhood,"PK,K,1,2,3,4,5,6,7,8",SOUTH DEERING,"10740 S CALHOUN Ave, Chicago, IL 60617",41.699726,-87.562084,sourced,cps_school_profiles@2026-09-09+socrata_pb6d-zzuh@2026-09-09+socrata_igwz-8jzy@2026-09-09
610367,Oscar DePriest Elementary School,cps_elem,District,Neighborhood,"PK,K,1,2,3,4,5,6,7,8",AUSTIN,"139 S PARKSIDE Ave, Chicago, IL 60644",41.877979,-87.766298,sourced,cps_school_profiles@2026-09-09+socrata_pb6d-zzuh@2026-09-09+socrata_igwz-8jzy@2026-09-09
610059,Oscar Mayer Magnet School,cps_elem,District,Magnet,"PK,K,1,2,3,4,5,6,7,8",LINCOLN PARK,"2250 N CLIFTON Ave, Chicago, IL 60614",41.923204,-87.657287,sourced,cps_school_profiles@2026-09-09+socrata_pb6d-zzuh@2026-09-09+socrata_igwz-8jzy@2026-09-09
610021,Pablo Casals Elementary School,cps_elem,District,Neighborhood,"PK,K,1,2,3,4,5,6,7,8",HUMBOLDT PARK,"3501 W POTOMAC Ave, Chicago, IL 60651",41.904503,-87.714234,sourced,cps_school_profiles@2026-09-09+socrata_pb6d-zzuh@2026-09-09+socrata_igwz-8jzy@2026-09-09
610115,Park Manor Elementary School,cps_elem,District,Neighborhood,"PK,K,1,2,3,4,5,6,7,8",GREATER GRAND CROSSING,"7037 S RHODES Ave, Chicago, IL 60637",41.766477,-87.611546,sourced,cps_school_profiles@2026-09-09+socrata_pb6d-zzuh@2026-09-09+socrata_igwz-8jzy@2026-09-09
610116,Parkside Elementary Community Academy,cps_elem,District,Neighborhood,"PK,K,1,2,3,4,5,6,7,8",SOUTH SHORE,"6938 S EAST END Ave, Chicago, IL 60649",41.768555,-87.582954,sourced,cps_school_profiles@2026-09-09+socrata_pb6d-zzuh@2026-09-09+socrata_igwz-8jzy@2026-09-09
609988,Patrick Henry Elementary School,cps_elem,District,Neighborhood,"PK,K,1,2,3,4,5,6,7,8",IRVING PARK,"4250 N SAINT LOUIS Ave, Chicago, IL 60618",41.958989,-87.715632,sourced,cps_school_profiles@2026-09-09+socrata_pb6d-zzuh@2026-09-09+socrata_igwz-8jzy@2026-09-09
610003,Paul Cuffe Math-Science Technology Academy ES,cps_elem,District,Neighborhood,"PK,K,1,2,3,4,5,6,7,8",AUBURN GRESHAM,"8324 S RACINE Ave, Chicago, IL 60620",41.742452,-87.653633,sourced,cps_school_profiles@2026-09-09+socrata_pb6d-zzuh@2026-09-09+socrata_igwz-8jzy@2026-09-09
610146,Paul Revere Elementary School,cps_elem,District,Neighborhood,"PK,K,1,2,3,4,5,6,7,8",GREATER GRAND CROSSING,"1010 E 72ND St, Chicago, IL 60619",41.764196,-87.600177,sourced,cps_school_profiles@2026-09-09+socrata_pb6d-zzuh@2026-09-09+socrata_igwz-8jzy@2026-09-09
609791,Perkins Bass Elementary School,cps_elem,District,Neighborhood,"PK,K,1,2,3,4,5,6,7,8",ENGLEWOOD,"1140 W 66TH St, Chicago, IL 60621",41.774246,-87.653532,sourced,cps_school_profiles@2026-09-09+socrata_pb6d-zzuh@2026-09-09+socrata_igwz-8jzy@2026-09-09
610145,Peter A Reinberg Elementary School,cps_elem,District,Neighborhood,"PK,K,1,2,3,4,5,6,7,8",PORTAGE PARK,"3425 N MAJOR Ave, Chicago, IL 60634",41.943019,-87.768983,sourced,cps_school_profiles@2026-09-09+socrata_pb6d-zzuh@2026-09-09+socrata_igwz-8jzy@2026-09-09
609867,Peter Cooper Elementary Dual Language Academy,cps_elem,District,Neighborhood,"PK,K,1,2,3,4,5,6,7,8",LOWER WEST SIDE,"1624 W 19TH St, Chicago, IL 60608",41.856031,-87.667227,sourced,cps_school_profiles@2026-09-09+socrata_pb6d-zzuh@2026-09-09+socrata_igwz-8jzy@2026-09-09
610147,Philip Rogers Elementary School,cps_elem,District,Neighborhood,"PK,K,1,2,3,4,5,6,7,8",WEST RIDGE,"7345 N WASHTENAW Ave, Chicago, IL 60645",42.015265,-87.697185,sourced,cps_school_profiles@2026-09-09+socrata_pb6d-zzuh@2026-09-09+socrata_igwz-8jzy@2026-09-09
609777,Phillip D Armour Elementary School,cps_elem,District,Neighborhood,"PK,K,1,2,3,4,5,6,7,8",BRIDGEPORT,"950 W 33RD Pl, Chicago, IL 60608",41.833854,-87.650653,sourced,cps_school_profiles@2026-09-09+socrata_pb6d-zzuh@2026-09-09+socrata_igwz-8jzy@2026-09-09
610090,Phillip Murray Elementary Language Academy,cps_elem,District,Magnet,"K,1,2,3,4,5,6,7,8",HYDE PARK,"5335 S KENWOOD Ave, Chicago, IL 60615",41.798535,-87.59334,sourced,cps_school_profiles@2026-09-09+socrata_pb6d-zzuh@2026-09-09+socrata_igwz-8jzy@2026-09-09
609981,Phoebe Apperson Hearst Elementary School,cps_elem,District,Neighborhood,"PK,K,1,2,3,4,5,6,7,8",GARFIELD RIDGE,"4640 S LAMON Ave, Chicago, IL 60638",41.808175,-87.745726,sourced,cps_school_profiles@2026-09-09+socrata_pb6d-zzuh@2026-09-09+socrata_igwz-8jzy@2026-09-09
610013,Pilsen Elementary Community Academy,cps_elem,District,Neighborhood,"PK,K,1,2,3,4,5,6,7,8",LOWER WEST SIDE,"1420 W 17TH St, Chicago, IL 60608",41.858849,-87.662209,sourced,cps_school_profiles@2026-09-09+socrata_pb6d-zzuh@2026-09-09+socrata_igwz-8jzy@2026-09-09
610135,Portage Park Elementary School,cps_elem,District,Neighborhood,"PK,K,1,2,3,4,5,6,7,8",PORTAGE PARK,"5330 W BERTEAU Ave, Chicago, IL 60641",41.956988,-87.761007,sourced,cps_school_profiles@2026-09-09+socrata_pb6d-zzuh@2026-09-09+socrata_igwz-8jzy@2026-09-09
610138,Pulaski International School of Chicago,cps_elem,District,Neighborhood,"PK,K,1,2,3,4,5,6,7,8",LOGAN SQUARE,"2230 W MCLEAN Ave, Chicago, IL 60647",41.918486,-87.683801,sourced,cps_school_profiles@2026-09-09+socrata_pb6d-zzuh@2026-09-09+socrata_igwz-8jzy@2026-09-09
609842,Rachel Carson Elementary School,cps_elem,District,Neighborhood,"PK,K,1,2,3,4,5,6,7,8",GAGE PARK,"5516 S MAPLEWOOD Ave, Chicago, IL 60629",41.793272,-87.6878,sourced,cps_school_profiles@2026-09-09+socrata_pb6d-zzuh@2026-09-09+socrata_igwz-8jzy@2026-09-09
609902,Ralph H Metcalfe Elementary Community Academy,cps_elem,District,Neighborhood,"PK,K,1,2,3,4,5,6,7,8",WEST PULLMAN,"12339 S NORMAL Ave, Chicago, IL 60628",41.669444,-87.634306,sourced,cps_school_profiles@2026-09-09+socrata_pb6d-zzuh@2026-09-09+socrata_igwz-8jzy@2026-09-09
610141,Ravenswood Elementary School,cps_elem,District,Neighborhood,"PK,K,1,2,3,4,5,6,7,8",LAKE VIEW,"4332 N PAULINA St, Chicago, IL 60613",41.960746,-87.670922,sourced,cps_school_profiles@2026-09-09+socrata_pb6d-zzuh@2026-09-09+socrata_igwz-8jzy@2026-09-09
609903,Richard Edwards Elementary School,cps_elem,District,Neighborhood,"PK,K,1,2,3,4,5,6,7,8",ARCHER HEIGHTS,"4815 S KARLOV Ave, Chicago, IL 60632",41.805542,-87.725856,sourced,cps_school_profiles@2026-09-09+socrata_pb6d-zzuh@2026-09-09+socrata_igwz-8jzy@2026-09-09
610291,Richard Henry Lee Elementary School,cps_elem,District,Neighborhood,"K,1,2,3,4,5,6,7,8",WEST LAWN,"6448 S TRIPP Ave, Chicago, IL 60629",41.775305,-87.728884,sourced,cps_school_profiles@2026-09-09+socrata_pb6d-zzuh@2026-09-09+socrata_igwz-8jzy@2026-09-09
610239,Richard J Daley Elementary Academy,cps_elem,District,Neighborhood,"PK,K,1,2,3,4,5,6,7,8",NEW CITY,"5024 S WOLCOTT Ave, Chicago, IL 60609",41.802343,-87.672206,sourced,cps_school_profiles@2026-09-09+socrata_pb6d-zzuh@2026-09-09+socrata_igwz-8jzy@2026-09-09
610102,Richard J Oglesby Elementary School,cps_elem,District,Neighborhood,"PK,K,1,2,3,4,5,6,7,8",AUBURN GRESHAM,"7646 S GREEN St, Chicago, IL 60620",41.75467,-87.64547,sourced,cps_school_profiles@2026-09-09+socrata_pb6d-zzuh@2026-09-09+socrata_igwz-8jzy@2026-09-09
610234,Richard Yates Elementary School,cps_elem,District,Neighborhood,"PK,K,1,2,3,4,5,6,7,8",LOGAN SQUARE,"1839 N RICHMOND St, Chicago, IL 60647",41.915039,-87.70028,sourced,cps_school_profiles@2026-09-09+socrata_pb6d-zzuh@2026-09-09+socrata_igwz-8jzy@2026-09-09
610350,Robert A Black Magnet Elementary School,cps_elem,District,Magnet,"K,1,2,3,4,5,6,7,8",CALUMET HEIGHTS,"9101 S EUCLID Ave, Chicago, IL 60617-3749",41.729692,-87.576643,sourced,cps_school_profiles@2026-09-09+socrata_pb6d-zzuh@2026-09-09+socrata_igwz-8jzy@2026-09-09
609929,Robert Fulton Elementary School,cps_elem,District,Neighborhood,"PK,K,1,2,3,4,5,6,7,8",NEW CITY,"5300 S HERMITAGE Ave, Chicago, IL 60609",41.79758,-87.668436,sourced,cps_school_profiles@2026-09-09+socrata_pb6d-zzuh@2026-09-09+socrata_igwz-8jzy@2026-09-09
609979,Robert Healy Elementary School,cps_elem,District,Neighborhood,"K,1,2,3,4,5,6,7,8",BRIDGEPORT,"3010 S PARNELL Ave, Chicago, IL 60616",41.839595,-87.640341,sourced,cps_school_profiles@2026-09-09+socrata_pb6d-zzuh@2026-09-09+socrata_igwz-8jzy@2026-09-09
610588,Robert J. Richardson Middle School,cps_elem,District,Neighborhood,"5,6,7,8",WEST LAWN,"6018 S KARLOV, Chicago, IL 60629-4929",41.783826,-87.725422,sourced,cps_school_profiles@2026-09-09+socrata_pb6d-zzuh@2026-09-09+socrata_igwz-8jzy@2026-09-09
609956,Robert L Grimes Elementary School,cps_elem,District,Neighborhood,"PK,K,1,2,3,4,5,6,7,8",CLEARING,"5450 W 64TH Pl, Chicago, IL 60638",41.775464,-87.758803,sourced,cps_school_profiles@2026-09-09+socrata_pb6d-zzuh@2026-09-09+socrata_igwz-8jzy@2026-09-09
610252,Robert Nathaniel Dett Elementary School,cps_elem,District,Neighborhood,"PK,K,1,2,3,4,5,6,7,8",NEAR WEST SIDE,"2131 W MONROE St, Chicago, IL 60612",41.87987,-87.680315,sourced,cps_school_profiles@2026-09-09+socrata_pb6d-zzuh@2026-09-09+socrata_igwz-8jzy@2026-09-09
610029,Rodolfo Lozano Bilingual & International Ctr ES,cps_elem,District,Neighborhood,"PK,K,1,2,3,4,5,6,7,8",WEST TOWN,"1501 N GREENVIEW Ave, Chicago, IL 60642",41.908886,-87.665093,sourced,cps_school_profiles@2026-09-09+socrata_pb6d-zzuh@2026-09-09+socrata_igwz-8jzy@2026-09-09
610091,Ronald Brown Elementary Community Academy,cps_elem,District,Neighborhood,"PK,K,1,2,3,4,5,6,7,8",WEST PULLMAN,"12607 S UNION Ave, Chicago, IL 60628",41.664873,-87.638958,sourced,cps_school_profiles@2026-09-09+socrata_pb6d-zzuh@2026-09-09+socrata_igwz-8jzy@2026-09-09
610282,Ronald E McNair Elementary School,cps_elem,District,Neighborhood,"PK,K,1,2,3,4,5,6,7,8",AUSTIN,"4820 W WALTON St, Chicago, IL 60651",41.897819,-87.746731,sourced,cps_school_profiles@2026-09-09+socrata_pb6d-zzuh@2026-09-09+socrata_igwz-8jzy@2026-09-09
610056,Roswell B Mason Elementary School,cps_elem,District,Small,"PK,K,1,2,3,4,5,6,7,8",NORTH LAWNDALE,"1830 S KEELER Ave, Chicago, IL 60623-2734",41.855029,-87.729806,sourced,cps_school_profiles@2026-09-09+socrata_pb6d-zzuh@2026-09-09+socrata_igwz-8jzy@2026-09-09
610250,Ruben Salazar Elementary Bilingual Center,cps_elem,District,Small,"PK,K,1,2,3,4,5,6,7,8",NEAR NORTH SIDE,"160 W WENDELL St, Chicago, IL 60610",41.901417,-87.633632,sourced,cps_school_profiles@2026-09-09+socrata_pb6d-zzuh@2026-09-09+socrata_igwz-8jzy@2026-09-09
610027,Rudyard Kipling Elementary School,cps_elem,District,Neighborhood,"PK,K,1,2,3,4,5,6,7,8",WASHINGTON HEIGHTS,"9351 S LOWE Ave, Chicago, IL 60620",41.723627,-87.639521,sourced,cps_school_profiles@2026-09-09+socrata_pb6d-zzuh@2026-09-09+socrata_igwz-8jzy@2026-09-09
610606,Rufino Tamayo Elementary School,cps_elem,District,,"K,1,2,3,4,5,6,7,8",,"5135 S CALIFORNIA, Chicago, IL 60632-2124",,,sourced,cps_school_profiles@2026-09-09+none+socrata_igwz-8jzy@2026-09-09
609995,Rufus M Hitch Elementary School,cps_elem,District,Neighborhood,"PK,K,1,2,3,4,5,6,7,8",NORWOOD PARK,"5625 N MCVICKER Ave, Chicago, IL 60646",41.983672,-87.779123,sourced,cps_school_profiles@2026-09-09+socrata_pb6d-zzuh@2026-09-09+socrata_igwz-8jzy@2026-09-09
609863,Ruth Bader Ginsburg Elementary School,cps_elem,District,Neighborhood,"PK,K,1,2,3,4,5,6,7,8",WEST TOWN,"1003 N LEAVITT St, Chicago, IL 60622",41.899566,-87.681938,sourced,cps_school_profiles@2026-09-09+socrata_pb6d-zzuh@2026-09-09+socrata_igwz-8jzy@2026-09-09
610548,STEM Magnet Academy,cps_elem,District,Magnet,"K,1,2,3,4,5,6,7,8",NEAR WEST SIDE,"1522 W FILLMORE St, Chicago, IL 60607",41.868576,-87.664969,sourced,cps_school_profiles@2026-09-09+socrata_pb6d-zzuh@2026-09-09+socrata_igwz-8jzy@2026-09-09
609853,Salmon P Chase Elementary School,cps_elem,District,Neighborhood,"PK,K,1,2,3,4,5,6,7,8",LOGAN SQUARE,"2021 N POINT St, Chicago, IL 60647",41.917993,-87.694562,sourced,cps_school_profiles@2026-09-09+socrata_pb6d-zzuh@2026-09-09+socrata_igwz-8jzy@2026-09-09
610605,Sandra Cisneros Elementary School,cps_elem,District,,"K,1,2,3,4,5,6,7,8",,"2744 W PERSHING, Chicago, IL 60632-1631",,,sourced,cps_school_profiles@2026-09-09+none+socrata_igwz-8jzy@2026-09-09
610155,Sauganash Elementary School,cps_elem,District,Neighborhood,"PK,K,1,2,3,4,5,6,7,8",FOREST GLEN,"6040 N KILPATRICK Ave, Chicago, IL 60646",41.991169,-87.745951,sourced,cps_school_profiles@2026-09-09+socrata_pb6d-zzuh@2026-09-09+socrata_igwz-8jzy@2026-09-09
609805,Scott Joplin Elementary School,cps_elem,District,Neighborhood,"PK,K,1,2,3,4,5,6,7,8",AUBURN GRESHAM,"7931 S HONORE St, Chicago, IL 60620",41.749339,-87.669366,sourced,cps_school_profiles@2026-09-09+socrata_pb6d-zzuh@2026-09-09+socrata_igwz-8jzy@2026-09-09
609968,Sharon Christa McAuliffe Elementary School,cps_elem,District,Neighborhood,"PK,K,1,2,3,4,5,6,7,8",HERMOSA,"1841 N SPRINGFIELD Ave, Chicago, IL 60647",41.914816,-87.723931,sourced,cps_school_profiles@2026-09-09+socrata_pb6d-zzuh@2026-09-09+socrata_igwz-8jzy@2026-09-09
610157,Sidney Sawyer Elementary School,cps_elem,District,Neighborhood,"PK,K,1,2,3,4,5,6,7,8",GAGE PARK,"5248 S SAWYER Ave, Chicago, IL 60632",41.797498,-87.705006,sourced,cps_school_profiles@2026-09-09+socrata_pb6d-zzuh@2026-09-09+socrata_igwz-8jzy@2026-09-09
610521,Sir Miles Davis Magnet Elementary Academy,cps_elem,District,Magnet,"PK,K,1,2,3,4,5,6,7,8",WEST ENGLEWOOD,"6740 S PAULINA St, Chicago, IL 60636-3307",41.771221,-87.66653,sourced,cps_school_profiles@2026-09-09+socrata_pb6d-zzuh@2026-09-09+socrata_igwz-8jzy@2026-09-09
610534,Skinner North,cps_elem,District,Classical,"K,1,2,3,4,5,6,7,8",NEAR NORTH SIDE,"640 W SCOTT St, Chicago, IL 60610",41.905109,-87.644841,sourced,cps_school_profiles@2026-09-09+socrata_pb6d-zzuh@2026-09-09+socrata_igwz-8jzy@2026-09-09
610226,Socorro Sandoval Elementary School,cps_elem,District,Neighborhood,"PK,K,1,2,3,4,5",GAGE PARK,"5534 S SAINT LOUIS Ave, Chicago, IL 60629",41.792346,-87.710987,sourced,cps_school_profiles@2026-09-09+socrata_pb6d-zzuh@2026-09-09+socrata_igwz-8jzy@2026-09-09
610589,Sor Juana Ines de la Cruz ES,cps_elem,District,Neighborhood,"PK,K,1,2,3,4,5,6,7,8",WEST ELSDON,"4034 W 56TH, Chicago, IL 60629-4442",41.791464,-87.72447,sourced,cps_school_profiles@2026-09-09+socrata_pb6d-zzuh@2026-09-09+socrata_igwz-8jzy@2026-09-09
609990,South Loop Elementary School,cps_elem,District,Regional gifted center,"PK,K,1,2,3,4,5,6,7,8",NEAR SOUTH SIDE,"1601 S DEARBORN St, Chicago, IL 60616-1225",41.859741,-87.628349,sourced,cps_school_profiles@2026-09-09+socrata_pb6d-zzuh@2026-09-09+socrata_igwz-8jzy@2026-09-09
610530,South Shore Fine Arts Academy,cps_elem,District,Small,"PK,K,1,2,3,4,5,6,7,8",SOUTH SHORE,"1415 E 70TH St, Chicago, IL 60637",41.767755,-87.590396,sourced,cps_school_profiles@2026-09-09+socrata_pb6d-zzuh@2026-09-09+socrata_igwz-8jzy@2026-09-09
610183,Spencer Technology Academy,cps_elem,District,Neighborhood,"PK,K,1,2,3,4,5,6,7,8",AUSTIN,"214 N LAVERGNE Ave, Chicago, IL 60644",41.884876,-87.750445,sourced,cps_school_profiles@2026-09-09+socrata_pb6d-zzuh@2026-09-09+socrata_igwz-8jzy@2026-09-09
609880,Stephen Decatur Classical Elementary School,cps_elem,District,Classical,"K,1,2,3,4,5,6,7,8",WEST RIDGE,"7030 N SACRAMENTO Ave, Chicago, IL 60645",42.009289,-87.704619,sourced,cps_school_profiles@2026-09-09+socrata_pb6d-zzuh@2026-09-09+socrata_igwz-8jzy@2026-09-09
609933,Stephen F Gale Elementary Community Academy,cps_elem,District,Neighborhood,"PK,K,1,2,3,4,5,6,7,8",ROGERS PARK,"1631 W JONQUIL Ter, Chicago, IL 60626",42.021091,-87.671939,sourced,cps_school_profiles@2026-09-09+socrata_pb6d-zzuh@2026-09-09+socrata_igwz-8jzy@2026-09-09
609976,Stephen K Hayt Elementary School,cps_elem,District,Neighborhood,"PK,K,1,2,3,4,5,6,7,8",EDGEWATER,"1518 W GRANVILLE Ave, Chicago, IL 60660",41.994541,-87.668504,sourced,cps_school_profiles@2026-09-09+socrata_pb6d-zzuh@2026-09-09+socrata_igwz-8jzy@2026-09-09
610191,Stone Elementary Scholastic Academy,cps_elem,District,Magnet,"K,1,2,3,4,5,6,7,8",WEST RIDGE,"6239 N LEAVITT St, Chicago, IL 60659",41.995359,-87.684793,sourced,cps_school_profiles@2026-09-09+socrata_pb6d-zzuh@2026-09-09+socrata_igwz-8jzy@2026-09-09
610405,Suder Montessori Magnet ES,cps_elem,District,Magnet,"PK,K,1,2,3,4,5,6,7,8",NEAR WEST SIDE,"2022 W WASHINGTON Blvd, Chicago, IL 60612",41.883215,-87.677636,sourced,cps_school_profiles@2026-09-09+socrata_pb6d-zzuh@2026-09-09+socrata_igwz-8jzy@2026-09-09
610249,Talman Elementary School,cps_elem,District,Neighborhood,"PK,K,1,2,3,4,5,6,7,8",GAGE PARK,"5450 S TALMAN Ave, Chicago, IL 60632",41.794048,-87.690261,sourced,cps_school_profiles@2026-09-09+socrata_pb6d-zzuh@2026-09-09+socrata_igwz-8jzy@2026-09-09
610396,Tarkington School of Excellence ES,cps_elem,District,Neighborhood,"PK,K,1,2,3,4,5,6,7,8",CHICAGO LAWN,"3330 W 71ST St, Chicago, IL 60629",41.764407,-87.706445,sourced,cps_school_profiles@2026-09-09+socrata_pb6d-zzuh@2026-09-09+socrata_igwz-8jzy@2026-09-09
609921,Telpochcalli Elementary School,cps_elem,District,Neighborhood,"PK,K,1,2,3,4,5,6,7,8",SOUTH LAWNDALE,"2832 W 24TH Blvd, Chicago, IL 60623",41.847947,-87.696006,sourced,cps_school_profiles@2026-09-09+socrata_pb6d-zzuh@2026-09-09+socrata_igwz-8jzy@2026-09-09
610596,The Virtual Academy Elementary School,cps_elem,District,Virtual,"PK,K,1,2,3,4,5,6,7,8",NEAR WEST SIDE,"1326 W 14TH, Chicago, IL 60608-1410",41.863454,-87.659506,sourced,cps_school_profiles@2026-09-09+socrata_pb6d-zzuh@2026-09-09+socrata_igwz-8jzy@2026-09-09
609991,Theodore Herzl Elementary School,cps_elem,District,Neighborhood,"PK,K,1,2,3,4,5,6,7,8",NORTH LAWNDALE,"3711 W DOUGLAS Blvd, Chicago, IL 60623",41.862081,-87.718994,sourced,cps_school_profiles@2026-09-09+socrata_pb6d-zzuh@2026-09-09+socrata_igwz-8jzy@2026-09-09
610178,Theophilus Schmid Elementary School,cps_elem,District,Neighborhood,"PK,K,1,2,3,4,5,6,7,8",PULLMAN,"9755 S GREENWOOD Ave, Chicago, IL 60628",41.716989,-87.596932,sourced,cps_school_profiles@2026-09-09+socrata_pb6d-zzuh@2026-09-09+socrata_igwz-8jzy@2026-09-09
609794,Thomas A Edison Regional Gifted Center ES,cps_elem,District,Regional gifted center,"K,1,2,3,4,5,6,7,8",ALBANY PARK,"4929 N SAWYER Ave, Chicago, IL 60625",41.971506,-87.709304,sourced,cps_school_profiles@2026-09-09+socrata_pb6d-zzuh@2026-09-09+socrata_igwz-8jzy@2026-09-09
609987,Thomas A Hendricks Elementary Community Academy,cps_elem,District,Neighborhood,"PK,K,1,2,3,4,5,6,7,8",FULLER PARK,"4316 S PRINCETON Ave, Chicago, IL 60609",41.815788,-87.633664,sourced,cps_school_profiles@2026-09-09+socrata_pb6d-zzuh@2026-09-09+socrata_igwz-8jzy@2026-09-09
609851,Thomas Chalmers STEAM Elementary School,cps_elem,District,Neighborhood,"PK,K,1,2,3,4,5,6,7,8",NORTH LAWNDALE,"2745 W ROOSEVELT Rd, Chicago, IL 60608",41.866435,-87.695259,sourced,cps_school_profiles@2026-09-09+socrata_pb6d-zzuh@2026-09-09+socrata_igwz-8jzy@2026-09-09
609896,Thomas Drummond Elementary School,cps_elem,District,Magnet,"PK,K,1,2,3,4,5,6,7,8",LOGAN SQUARE,"1845 W CORTLAND St, Chicago, IL 60622",41.915914,-87.674495,sourced,cps_school_profiles@2026-09-09+socrata_pb6d-zzuh@2026-09-09+socrata_igwz-8jzy@2026-09-09
610002,Thomas Hoyne Elementary School,cps_elem,District,Neighborhood,"PK,K,1,2,3,4,5,6,7,8",CALUMET HEIGHTS,"8905 S CRANDON Ave, Chicago, IL 60617",41.733338,-87.568228,sourced,cps_school_profiles@2026-09-09+socrata_pb6d-zzuh@2026-09-09+socrata_igwz-8jzy@2026-09-09
610295,Thomas J Higgins Elementary Community Academy,cps_elem,District,Neighborhood,"PK,K,1,2,3,4,5,6,7,8",WEST PULLMAN,"11710 S MORGAN St, Chicago, IL 60643",41.681031,-87.646994,sourced,cps_school_profiles@2026-09-09+socrata_pb6d-zzuh@2026-09-09+socrata_igwz-8jzy@2026-09-09
610220,Thomas J Waters Elementary School,cps_elem,District,Neighborhood,"PK,K,1,2,3,4,5,6,7,8",LINCOLN SQUARE,"4540 N CAMPBELL Ave, Chicago, IL 60625",41.964365,-87.691333,sourced,cps_school_profiles@2026-09-09+socrata_pb6d-zzuh@2026-09-09+socrata_igwz-8jzy@2026-09-09
609895,Turner-Drew Elementary Language Academy,cps_elem,District,Magnet,"K,1,2,3,4,5,6,7,8",ROSELAND,"9300 S PRINCETON Ave, Chicago, IL 60620",41.725609,-87.630164,sourced,cps_school_profiles@2026-09-09+socrata_pb6d-zzuh@2026-09-09+socrata_igwz-8jzy@2026-09-09
610504,Velma F Thomas Early Childhood Center,cps_elem,District,Neighborhood,PK,MCKINLEY PARK,"3625 S HOYNE Ave, Chicago, IL 60609",41.827775,-87.677542,sourced,cps_school_profiles@2026-09-09+socrata_pb6d-zzuh@2026-09-09+socrata_igwz-8jzy@2026-09-09
609944,Virgil Grissom Elementary School,cps_elem,District,Neighborhood,"PK,K,1,2,3,4,5,6,7,8",HEGEWISCH,"12810 S ESCANABA Ave, Chicago, IL 60633",41.662481,-87.553307,sourced,cps_school_profiles@2026-09-09+socrata_pb6d-zzuh@2026-09-09+socrata_igwz-8jzy@2026-09-09
610363,Walt Disney Magnet Elementary School,cps_elem,District,Magnet,"PK,K,1,2,3,4,5,6,7,8",UPTOWN,"4140 N MARINE Dr, Chicago, IL 60613",41.956816,-87.646083,sourced,cps_school_profiles@2026-09-09+socrata_pb6d-zzuh@2026-09-09+socrata_igwz-8jzy@2026-09-09
610095,Walter L Newberry Math & Science Academy ES,cps_elem,District,Magnet,"PK,K,1,2,3,4,5,6,7,8",LINCOLN PARK,"700 W WILLOW St, Chicago, IL 60614",41.913947,-87.64599,sourced,cps_school_profiles@2026-09-09+socrata_pb6d-zzuh@2026-09-09+socrata_igwz-8jzy@2026-09-09
609955,Walter Q Gresham Elementary School,cps_elem,District,Neighborhood,"PK,K,1,2,3,4,5,6,7,8",AUBURN GRESHAM,"8524 S GREEN St, Chicago, IL 60620",41.73892,-87.645025,sourced,cps_school_profiles@2026-09-09+socrata_pb6d-zzuh@2026-09-09+socrata_igwz-8jzy@2026-09-09
609855,Walter S Christopher Elementary School,cps_elem,District,Neighborhood,"K,1,2,3,4,5,6,7,8",GAGE PARK,"5042 S ARTESIAN Ave, Chicago, IL 60632",41.801659,-87.685607,sourced,cps_school_profiles@2026-09-09+socrata_pb6d-zzuh@2026-09-09+socrata_igwz-8jzy@2026-09-09
610179,Washington D Smyser Elementary School,cps_elem,District,Neighborhood,"PK,K,1,2,3,4,5,6,7,8",PORTAGE PARK,"4310 N MELVINA Ave, Chicago, IL 60634",41.958868,-87.781975,sourced,cps_school_profiles@2026-09-09+socrata_pb6d-zzuh@2026-09-09+socrata_igwz-8jzy@2026-09-09
610121,Washington Irving Elementary School,cps_elem,District,Neighborhood,"PK,K,1,2,3,4,5,6,7,8",NEAR WEST SIDE,"749 S OAKLEY Blvd, Chicago, IL 60612",41.871595,-87.683616,sourced,cps_school_profiles@2026-09-09+socrata_pb6d-zzuh@2026-09-09+socrata_igwz-8jzy@2026-09-09
610032,Wendell E Green Elementary School,cps_elem,District,Neighborhood,"PK,K,1,2,3,4,5,6,7,8",WASHINGTON HEIGHTS,"1150 W 96TH St, Chicago, IL 60643",41.719292,-87.6525,sourced,cps_school_profiles@2026-09-09+socrata_pb6d-zzuh@2026-09-09+socrata_igwz-8jzy@2026-09-09
609978,Wendell Smith Elementary School,cps_elem,District,Neighborhood,"PK,K,1,2,3,4,5,6,7,8",PULLMAN,"744 E 103RD St, Chicago, IL 60628",41.707558,-87.60466,sourced,cps_school_profiles@2026-09-09+socrata_pb6d-zzuh@2026-09-09+socrata_igwz-8jzy@2026-09-09
610100,West Park Elementary Academy,cps_elem,District,Neighborhood,"PK,K,1,2,3,4,5,6,7,8",HUMBOLDT PARK,"1425 N TRIPP Ave, Chicago, IL 60651",41.906907,-87.732443,sourced,cps_school_profiles@2026-09-09+socrata_pb6d-zzuh@2026-09-09+socrata_igwz-8jzy@2026-09-09
610542,West Ridge Elementary School,cps_elem,District,Neighborhood,"PK,K,1,2,3,4,5,6,7,8",WEST RIDGE,"6700 N WHIPPLE St, Chicago, IL 60645",42.002959,-87.705917,sourced,cps_school_profiles@2026-09-09+socrata_pb6d-zzuh@2026-09-09+socrata_igwz-8jzy@2026-09-09
610230,Wildwood IB World Magnet School,cps_elem,District,Magnet,"PK,K,1,2,3,4,5,6,7,8",FOREST GLEN,"6950 N HIAWATHA Ave, Chicago, IL 60646",42.007491,-87.778345,sourced,cps_school_profiles@2026-09-09+socrata_pb6d-zzuh@2026-09-09+socrata_igwz-8jzy@2026-09-09
610251,Willa Cather Elementary School,cps_elem,District,Neighborhood,"PK,K,1,2,3,4,5,6,7,8",EAST GARFIELD PARK,"2908 W WASHINGTON Blvd, Chicago, IL 60612",41.88295,-87.699187,sourced,cps_school_profiles@2026-09-09+socrata_pb6d-zzuh@2026-09-09+socrata_igwz-8jzy@2026-09-09
610101,William B Ogden Elementary School,cps_elem,District,Neighborhood,"PK,K,1,2,3,4,5,6,7,8",NEAR NORTH SIDE,"24 W WALTON St, Chicago, IL 60610",41.899976,-87.629297,sourced,cps_school_profiles@2026-09-09+socrata_pb6d-zzuh@2026-09-09+socrata_igwz-8jzy@2026-09-09
610109,William Bishop Owen Scholastic Academy ES,cps_elem,District,Magnet,"PK,K,1,2,3,4,5,6,7,8",ASHBURN,"8247 S CHRISTIANA Ave, Chicago, IL 60652",41.74285,-87.705749,sourced,cps_school_profiles@2026-09-09+socrata_pb6d-zzuh@2026-09-09+socrata_igwz-8jzy@2026-09-09
610143,William C Reavis Math & Science Specialty ES,cps_elem,District,Neighborhood,"PK,K,1,2,3,4,5,6,7,8",KENWOOD,"834 E 50TH St, Chicago, IL 60615",41.804174,-87.604925,sourced,cps_school_profiles@2026-09-09+socrata_pb6d-zzuh@2026-09-09+socrata_igwz-8jzy@2026-09-09
609945,William C. Goudy Technology Academy,cps_elem,District,Neighborhood,"PK,K,1,2,3,4,5,6,7,8",UPTOWN,"5120 N WINTHROP Ave, Chicago, IL 60640",41.975817,-87.657912,sourced,cps_school_profiles@2026-09-09+socrata_pb6d-zzuh@2026-09-09+socrata_igwz-8jzy@2026-09-09
610364,William E B Dubois Elementary School,cps_elem,District,Neighborhood,"PK,K,1,2,3,4,5,6,7,8",RIVERDALE,"330 E 133RD St, Chicago, IL 60827",41.653733,-87.61432,sourced,cps_school_profiles@2026-09-09+socrata_pb6d-zzuh@2026-09-09+socrata_igwz-8jzy@2026-09-09
609884,William E Dever Elementary School,cps_elem,District,Neighborhood,"PK,K,1,2,3,4,5,6,7,8",DUNNING,"3436 N OSCEOLA Ave, Chicago, IL 60634",41.942552,-87.813132,sourced,cps_school_profiles@2026-09-09+socrata_pb6d-zzuh@2026-09-09+socrata_igwz-8jzy@2026-09-09
609967,William F Finkl Elementary School,cps_elem,District,Neighborhood,"PK,K,1,2,3,4,5,6,7,8",LOWER WEST SIDE,"2332 S WESTERN Ave, Chicago, IL 60608",41.849215,-87.685668,sourced,cps_school_profiles@2026-09-09+socrata_pb6d-zzuh@2026-09-09+socrata_igwz-8jzy@2026-09-09
609994,William G Hibbard Elementary School,cps_elem,District,Neighborhood,"PK,K,1,2,3,4,5,6",ALBANY PARK,"3244 W AINSLIE St, Chicago, IL 60625",41.970335,-87.710362,sourced,cps_school_profiles@2026-09-09+socrata_pb6d-zzuh@2026-09-09+socrata_igwz-8jzy@2026-09-09
609812,William H Brown STEM Magnet Elementary School,cps_elem,District,Neighborhood,"PK,K,1,2,3,4,5,6,7,8",NEAR WEST SIDE,"54 N HERMITAGE Ave, Chicago, IL 60612",41.882997,-87.670682,sourced,cps_school_profiles@2026-09-09+socrata_pb6d-zzuh@2026-09-09+socrata_igwz-8jzy@2026-09-09
610136,William H Prescott Elementary School,cps_elem,District,Neighborhood,"K,1,2,3,4,5,6,7,8",LINCOLN PARK,"1632 W WRIGHTWOOD Ave, Chicago, IL 60614",41.928841,-87.669528,sourced,cps_school_profiles@2026-09-09+socrata_pb6d-zzuh@2026-09-09+socrata_igwz-8jzy@2026-09-09
610142,William H Ray Elementary School,cps_elem,District,Neighborhood,"PK,K,1,2,3,4,5,6,7,8",HYDE PARK,"5631 S KIMBARK Ave, Chicago, IL 60637",41.792348,-87.594752,sourced,cps_school_profiles@2026-09-09+socrata_pb6d-zzuh@2026-09-09+socrata_igwz-8jzy@2026-09-09
610153,William H Ryder Math & Science Specialty ES,cps_elem,District,Neighborhood,"PK,K,1,2,3,4,5,6,7,8",AUBURN GRESHAM,"8716 S WALLACE St, Chicago, IL 60620",41.735379,-87.638843,sourced,cps_school_profiles@2026-09-09+socrata_pb6d-zzuh@2026-09-09+socrata_igwz-8jzy@2026-09-09
610167,William H Seward Communication Arts Academy ES,cps_elem,District,Neighborhood,"PK,K,1,2,3,4,5,6,7,8",NEW CITY,"4600 S HERMITAGE Ave, Chicago, IL 60609",41.810333,-87.668772,sourced,cps_school_profiles@2026-09-09+socrata_pb6d-zzuh@2026-09-09+socrata_igwz-8jzy@2026-09-09
610104,William J Onahan Elementary School,cps_elem,District,Neighborhood,"PK,K,1,2,3,4,5,6,7,8",NORWOOD PARK,"6634 W RAVEN St, Chicago, IL 60631",41.99379,-87.793108,sourced,cps_school_profiles@2026-09-09+socrata_pb6d-zzuh@2026-09-09+socrata_igwz-8jzy@2026-09-09
610193,William K New Sullivan Elementary School,cps_elem,District,Neighborhood,"PK,K,1,2,3,4,5,6,7,8",SOUTH CHICAGO,"8331 S MACKINAW Ave, Chicago, IL 60617",41.743829,-87.542928,sourced,cps_school_profiles@2026-09-09+socrata_pb6d-zzuh@2026-09-09+socrata_igwz-8jzy@2026-09-09
609949,William P Gray Elementary School,cps_elem,District,Neighborhood,"PK,K,1,2,3,4,5,6,7,8",PORTAGE PARK,"3730 N LARAMIE Ave, Chicago, IL 60641",41.948764,-87.757116,sourced,cps_school_profiles@2026-09-09+socrata_pb6d-zzuh@2026-09-09+socrata_igwz-8jzy@2026-09-09
610097,William P Nixon Elementary School,cps_elem,District,Neighborhood,"PK,K,1,2,3,4,5,6",HERMOSA,"2121 N KEELER Ave, Chicago, IL 60639",41.919581,-87.73142,sourced,cps_school_profiles@2026-09-09+socrata_pb6d-zzuh@2026-09-09+socrata_igwz-8jzy@2026-09-09
610123,William Penn Elementary School,cps_elem,District,Neighborhood,"PK,K,1,2,3,4,5,6,7,8",NORTH LAWNDALE,"1616 S AVERS Ave, Chicago, IL 60623",41.858372,-87.722386,sourced,cps_school_profiles@2026-09-09+socrata_pb6d-zzuh@2026-09-09+socrata_igwz-8jzy@2026-09-09
610172,William T Sherman Elementary School,cps_elem,District,Neighborhood,"PK,K,1,2,3,4,5,6,7,8",NEW CITY,"1000 W 52ND St, Chicago, IL 60609",41.799766,-87.650221,sourced,cps_school_profiles@2026-09-09+socrata_pb6d-zzuh@2026-09-09+socrata_igwz-8jzy@2026-09-09
609844,William W Carter Elementary School,cps_elem,District,Neighborhood,"PK,K,1,2,3,4,5,6,7,8",WASHINGTON PARK,"5740 S MICHIGAN Ave, Chicago, IL 60637",41.789828,-87.622453,sourced,cps_school_profiles@2026-09-09+socrata_pb6d-zzuh@2026-09-09+socrata_igwz-8jzy@2026-09-09
610308,Wilma Rudolph Elementary Learning Center,cps_elem,District,Special Education,"PK,K,1,2,3,4,5,6,7,8",NEAR WEST SIDE,"1628 W WASHINGTON Blvd, Chicago, IL 60612-2613",41.883907,-87.668091,sourced,cps_school_profiles@2026-09-09+socrata_pb6d-zzuh@2026-09-09+socrata_igwz-8jzy@2026-09-09
610088,Wolfgang A Mozart Elementary School,cps_elem,District,Neighborhood,"PK,K,1,2,3,4,5,6,7,8",LOGAN SQUARE,"2200 N HAMLIN Ave, Chicago, IL 60647",41.92091,-87.721888,sourced,cps_school_profiles@2026-09-09+socrata_pb6d-zzuh@2026-09-09+socrata_igwz-8jzy@2026-09-09
609977,Woodlawn Community Elementary School,cps_elem,District,Small,"PK,K,1,2,3,4,5,6",WOODLAWN,"6657 S KIMBARK Ave, Chicago, IL 60637",41.773366,-87.594392,sourced,cps_school_profiles@2026-09-09+socrata_pb6d-zzuh@2026-09-09+socrata_igwz-8jzy@2026-09-09
610334,Al Raby High School,cps_high,District,Small,"9,10,11,12",EAST GARFIELD PARK,"3545 W FULTON Blvd, Chicago, IL 60624",41.88621,-87.715423,sourced,cps_school_profiles@2026-09-09+socrata_pb6d-zzuh@2026-09-09+socrata_igwz-8jzy@2026-09-09
609720,Albert G Lane Technical High School,cps_high,District,Selective enrollment,"7,8,9,10,11,12",NORTH CENTER,"2501 W ADDISON St, Chicago, IL 60618",41.946645,-87.691013,sourced,cps_school_profiles@2026-09-09+socrata_pb6d-zzuh@2026-09-09+socrata_igwz-8jzy@2026-09-09
610518,Austin College and Career Academy High School,cps_high,District,Small,"9,10,11,12",AUSTIN,"231 N PINE Ave, Chicago, IL 60644",41.885993,-87.761916,sourced,cps_school_profiles@2026-09-09+socrata_pb6d-zzuh@2026-09-09+socrata_igwz-8jzy@2026-09-09
610563,Back of the Yards IB High School,cps_high,District,Neighborhood,"9,10,11,12",NEW CITY,"2111 W 47TH St, Chicago, IL 60609",41.808413,-87.677541,sourced,cps_school_profiles@2026-09-09+socrata_pb6d-zzuh@2026-09-09+socrata_igwz-8jzy@2026-09-09
609764,Benito Juarez Community Academy High School,cps_high,District,Neighborhood,"9,10,11,12",LOWER WEST SIDE,"1450 W CERMAK Rd, Chicago, IL 60608-4408",41.85267,-87.664339,sourced,cps_school_profiles@2026-09-09+socrata_pb6d-zzuh@2026-09-09+socrata_igwz-8jzy@2026-09-09
610323,Bowen High School,cps_high,District,Small,"9,10,11,12",SOUTH CHICAGO,"2710 E 89TH St, Chicago, IL 60617",41.734627,-87.55755,sourced,cps_school_profiles@2026-09-09+socrata_pb6d-zzuh@2026-09-09+socrata_igwz-8jzy@2026-09-09
610381,Bronzeville Scholastic Academy High School,cps_high,District,Small,"9,10,11,12",GRAND BOULEVARD,"4934 S WABASH Ave, Chicago, IL 60615",41.805204,-87.625004,sourced,cps_school_profiles@2026-09-09+socrata_pb6d-zzuh@2026-09-09+socrata_igwz-8jzy@2026-09-09
609729,Carl Schurz High School,cps_high,District,Neighborhood,"9,10,11,12",IRVING PARK,"3601 N MILWAUKEE Ave, Chicago, IL 60641",41.946365,-87.735612,sourced,cps_school_profiles@2026-09-09+socrata_pb6d-zzuh@2026-09-09+socrata_igwz-8jzy@2026-09-09
609679,Charles Allen Prosser Career Academy High School,cps_high,District,Career academy,"9,10,11,12",BELMONT CRAGIN,"2148 N LONG Ave, Chicago, IL 60639",41.920059,-87.761048,sourced,cps_school_profiles@2026-09-09+socrata_pb6d-zzuh@2026-09-09+socrata_igwz-8jzy@2026-09-09
609732,Charles P Steinmetz College Preparatory HS,cps_high,District,Neighborhood,"9,10,11,12",BELMONT CRAGIN,"3030 N MOBILE Ave, Chicago, IL 60634",41.935634,-87.783515,sourced,cps_school_profiles@2026-09-09+socrata_pb6d-zzuh@2026-09-09+socrata_igwz-8jzy@2026-09-09
610340,Chicago Academy High School,cps_high,District,Small,"9,10,11,12",DUNNING,"3400 N AUSTIN Ave, Chicago, IL 60634",41.943054,-87.776847,sourced,cps_school_profiles@2026-09-09+socrata_pb6d-zzuh@2026-09-09+socrata_igwz-8jzy@2026-09-09
610607,Chicago Arts High School,cps_high,District,,"9,10,11,12",,"2714 W AUGUSTA, Chicago, IL 60622-4459",,,sourced,cps_school_profiles@2026-09-09+none+socrata_igwz-8jzy@2026-09-09
609753,Chicago High School for Agricultural Sciences,cps_high,District,Magnet,"9,10,11,12",MOUNT GREENWOOD,"3857 W 111TH St, Chicago, IL 60655-4009",41.691221,-87.71777,sourced,cps_school_profiles@2026-09-09+socrata_pb6d-zzuh@2026-09-09+socrata_igwz-8jzy@2026-09-09
609754,Chicago Military Academy High School,cps_high,District,Military academy,"9,10,11,12",DOUGLAS,"3519 S GILES Ave, Chicago, IL 60653",41.830555,-87.619216,sourced,cps_school_profiles@2026-09-09+socrata_pb6d-zzuh@2026-09-09+socrata_igwz-8jzy@2026-09-09
609674,Chicago Vocational Career Academy High School,cps_high,District,Career academy,"9,10,11,12",AVALON PARK,"2100 E 87TH St, Chicago, IL 60617",41.737174,-87.573268,sourced,cps_school_profiles@2026-09-09+socrata_pb6d-zzuh@2026-09-09+socrata_igwz-8jzy@2026-09-09
609705,Christian Fenger Academy High School,cps_high,District,Neighborhood,"9,10,11,12",ROSELAND,"11220 S WALLACE St, Chicago, IL 60628",41.689951,-87.637572,sourced,cps_school_profiles@2026-09-09+socrata_pb6d-zzuh@2026-09-09+socrata_igwz-8jzy@2026-09-09
610499,Collins Academy STEAM High School,cps_high,District,Small,"9,10,11,12",NORTH LAWNDALE,"1313 S SACRAMENTO Dr, Chicago, IL 60623",41.864149,-87.702042,sourced,cps_school_profiles@2026-09-09+socrata_pb6d-zzuh@2026-09-09+socrata_igwz-8jzy@2026-09-09
609748,Consuella B York Alternative High School,cps_high,District,Citywide-Option,"9,10,11,12",SOUTH LAWNDALE,"2700 S CALIFORNIA Ave, Chicago, IL 60608",41.842533,-87.695261,sourced,cps_school_profiles@2026-09-09+socrata_pb6d-zzuh@2026-09-09+socrata_igwz-8jzy@2026-09-09
610380,Daniel Hale Williams Prep School of Medicine,cps_high,District,Small,"9,10,11,12",GRAND BOULEVARD,"4934 S WABASH Ave, Chicago, IL 60615",41.806118,-87.62503,sourced,cps_school_profiles@2026-09-09+socrata_pb6d-zzuh@2026-09-09+socrata_igwz-8jzy@2026-09-09
609704,David G Farragut Career Academy High School,cps_high,District,Neighborhood,"9,10,11,12",SOUTH LAWNDALE,"2345 S CHRISTIANA Ave, Chicago, IL 60623",41.84856,-87.708706,sourced,cps_school_profiles@2026-09-09+socrata_pb6d-zzuh@2026-09-09+socrata_igwz-8jzy@2026-09-09
610402,DeVry University Advantage Academy HS,cps_high,District,Magnet,"11,12",LINCOLN SQUARE,"1900 W LAWRENCE Ave, Chicago, IL 60640-4003",41.96882,-87.676326,sourced,cps_school_profiles@2026-09-09+socrata_pb6d-zzuh@2026-09-09+socrata_igwz-8jzy@2026-09-09
610564,Disney II Magnet High School,cps_high,District,Magnet,"7,8,9,10,11,12",IRVING PARK,"3900 N LAWNDALE Ave, Chicago, IL 60618",41.952488,-87.721364,sourced,cps_school_profiles@2026-09-09+socrata_pb6d-zzuh@2026-09-09+socrata_igwz-8jzy@2026-09-09
609751,Dr. Martin Luther King Jr. College Prep HS,cps_high,District,Selective enrollment,"9,10,11,12",KENWOOD,"4445 S DREXEL Blvd, Chicago, IL 60653",41.813675,-87.603874,sourced,cps_school_profiles@2026-09-09+socrata_pb6d-zzuh@2026-09-09+socrata_igwz-8jzy@2026-09-09
609735,Edward Tilden Career Community Academy HS,cps_high,District,Neighborhood,"9,10,11,12",NEW CITY,"4747 S UNION Ave, Chicago, IL 60609",41.80751,-87.642966,sourced,cps_school_profiles@2026-09-09+socrata_pb6d-zzuh@2026-09-09+socrata_igwz-8jzy@2026-09-09
609708,Edwin G. Foreman College and Career Academy,cps_high,District,Neighborhood,"9,10,11,12",PORTAGE PARK,"3235 N LECLAIRE Ave, Chicago, IL 60641",41.939797,-87.754167,sourced,cps_school_profiles@2026-09-09+socrata_pb6d-zzuh@2026-09-09+socrata_igwz-8jzy@2026-09-09
609682,Ellen H Richards Career Academy High School,cps_high,District,Neighborhood,"9,10,11,12",NEW CITY,"5009 S LAFLIN St, Chicago, IL 60609",41.802881,-87.662278,sourced,cps_school_profiles@2026-09-09+socrata_pb6d-zzuh@2026-09-09+socrata_igwz-8jzy@2026-09-09
609712,Emil G Hirsch Metropolitan High School,cps_high,District,Neighborhood,"9,10,11,12",GREATER GRAND CROSSING,"7740 S INGLESIDE Ave, Chicago, IL 60619",41.753748,-87.601727,sourced,cps_school_profiles@2026-09-09+socrata_pb6d-zzuh@2026-09-09+socrata_igwz-8jzy@2026-09-09
610592,Englewood STEM High School,cps_high,District,Neighborhood,"9,10,11,12",ENGLEWOOD,"6835 S NORMAL, Chicago, IL 60621-2535",41.77025,-87.636851,sourced,cps_school_profiles@2026-09-09+socrata_pb6d-zzuh@2026-09-09+socrata_igwz-8jzy@2026-09-09
610543,Eric Solorio Academy High School,cps_high,District,Neighborhood,"9,10,11,12",GAGE PARK,"5400 S ST LOUIS Ave, Chicago, IL 60632",41.795201,-87.711059,sourced,cps_school_profiles@2026-09-09+socrata_pb6d-zzuh@2026-09-09+socrata_igwz-8jzy@2026-09-09
610245,Frederick A Douglass Academy High School,cps_high,District,Neighborhood,"9,10,11,12",AUSTIN,"543 N WALLER Ave, Chicago, IL 60644",41.890369,-87.767668,sourced,cps_school_profiles@2026-09-09+socrata_pb6d-zzuh@2026-09-09+socrata_igwz-8jzy@2026-09-09
609737,Friedrich W Von Steuben Metropolitan Science HS,cps_high,District,Magnet,"9,10,11,12",NORTH PARK,"5039 N KIMBALL Ave, Chicago, IL 60625",41.973185,-87.713386,sourced,cps_school_profiles@2026-09-09+socrata_pb6d-zzuh@2026-09-09+socrata_igwz-8jzy@2026-09-09
609709,Gage Park High School,cps_high,District,Neighborhood,"9,10,11,12",GAGE PARK,"5630 S ROCKWELL St, Chicago, IL 60629",41.791013,-87.688954,sourced,cps_school_profiles@2026-09-09+socrata_pb6d-zzuh@2026-09-09+socrata_igwz-8jzy@2026-09-09
609761,George H Corliss High School,cps_high,District,Neighborhood,"9,10,11,12",PULLMAN,"821 E 103RD St, Chicago, IL 60628",41.70666,-87.601216,sourced,cps_school_profiles@2026-09-09+socrata_pb6d-zzuh@2026-09-09+socrata_igwz-8jzy@2026-09-09
609760,George Washington Carver Military Academy HS,cps_high,District,Military academy,"9,10,11,12",RIVERDALE,"13100 S DOTY Ave, Chicago, IL 60827-1597",41.65629,-87.59062,sourced,cps_school_profiles@2026-09-09+socrata_pb6d-zzuh@2026-09-09+socrata_igwz-8jzy@2026-09-09
609739,George Washington High School,cps_high,District,Neighborhood,"9,10,11,12",EAST SIDE,"3535 E 114TH St, Chicago, IL 60617",41.688137,-87.53757,sourced,cps_school_profiles@2026-09-09+socrata_pb6d-zzuh@2026-09-09+socrata_igwz-8jzy@2026-09-09
609693,George Westinghouse College Prep,cps_high,District,Selective enrollment,"9,10,11,12",HUMBOLDT PARK,"3223 W FRANKLIN Blvd, Chicago, IL 60624",41.889977,-87.707332,sourced,cps_school_profiles@2026-09-09+socrata_pb6d-zzuh@2026-09-09+socrata_igwz-8jzy@2026-09-09
610383,Greater Lawndale High School For Social Justice,cps_high,District,Small,"9,10,11,12",SOUTH LAWNDALE,"3120 S KOSTNER Ave, Chicago, IL 60623",41.833507,-87.735299,sourced,cps_school_profiles@2026-09-09+socrata_pb6d-zzuh@2026-09-09+socrata_igwz-8jzy@2026-09-09
609741,Gurdon S Hubbard High School,cps_high,District,Neighborhood,"9,10,11,12",WEST LAWN,"6200 S HAMLIN Ave, Chicago, IL 60629",41.780526,-87.718014,sourced,cps_school_profiles@2026-09-09+socrata_pb6d-zzuh@2026-09-09+socrata_igwz-8jzy@2026-09-09
609726,Gwendolyn Brooks College Preparatory Academy HS,cps_high,District,Selective enrollment,"7,8,9,10,11,12",ROSELAND,"250 E 111TH St, Chicago, IL 60628",41.692763,-87.616353,sourced,cps_school_profiles@2026-09-09+socrata_pb6d-zzuh@2026-09-09+socrata_igwz-8jzy@2026-09-09
609713,Hyde Park Academy High School,cps_high,District,Neighborhood,"9,10,11,12",WOODLAWN,"6220 S STONY ISLAND Ave, Chicago, IL 60637",41.782257,-87.586615,sourced,cps_school_profiles@2026-09-09+socrata_pb6d-zzuh@2026-09-09+socrata_igwz-8jzy@2026-09-09
610390,Hyman G Rickover Naval Academy High School,cps_high,District,Military academy,"9,10,11,12",PORTAGE PARK,"5700 W BERTEAU Ave, Chicago, IL 60634-1717",41.957599,-87.769938,sourced,cps_school_profiles@2026-09-09+socrata_pb6d-zzuh@2026-09-09+socrata_igwz-8jzy@2026-09-09
610384,Infinity Math Science and Technology High School,cps_high,District,Small,"9,10,11,12",SOUTH LAWNDALE,"3120 S KOSTNER Ave, Chicago, IL 60623",41.836169,-87.735278,sourced,cps_school_profiles@2026-09-09+socrata_pb6d-zzuh@2026-09-09+socrata_igwz-8jzy@2026-09-09
609766,Jacqueline B Vaughn Occupational High School,cps_high,District,Special Education,"9,10,11,12",PORTAGE PARK,"4355 N LINDER Ave, Chicago, IL 60641",41.960364,-87.764663,sourced,cps_school_profiles@2026-09-09+socrata_pb6d-zzuh@2026-09-09+socrata_igwz-8jzy@2026-09-09
609718,John F Kennedy High School,cps_high,District,Neighborhood,"9,10,11,12",GARFIELD RIDGE,"6325 W 56TH St, Chicago, IL 60638",41.789961,-87.78084,sourced,cps_school_profiles@2026-09-09+socrata_pb6d-zzuh@2026-09-09+socrata_igwz-8jzy@2026-09-09
609694,John Hancock College Preparatory High School,cps_high,District,Selective enrollment,"9,10,11,12",CLEARING,"5437 W 64TH Pl, Chicago, IL 60638-5681",41.775366,-87.758238,sourced,cps_school_profiles@2026-09-09+socrata_pb6d-zzuh@2026-09-09+socrata_igwz-8jzy@2026-09-09
609710,John M Harlan Community Academy High School,cps_high,District,Neighborhood,"9,10,11,12",ROSELAND,"9652 S MICHIGAN Ave, Chicago, IL 60628",41.718372,-87.620623,sourced,cps_school_profiles@2026-09-09+socrata_pb6d-zzuh@2026-09-09+socrata_igwz-8jzy@2026-09-09
609723,John Marshall Metropolitan High School,cps_high,District,Neighborhood,"9,10,11,12",EAST GARFIELD PARK,"3250 W ADAMS St, Chicago, IL 60624",41.878444,-87.70805,sourced,cps_school_profiles@2026-09-09+socrata_pb6d-zzuh@2026-09-09+socrata_igwz-8jzy@2026-09-09
609716,Kelvyn Park High School,cps_high,District,Neighborhood,"7,8,9,10,11,12",HERMOSA,"4343 W WRIGHTWOOD Ave, Chicago, IL 60639",41.927918,-87.735999,sourced,cps_school_profiles@2026-09-09+socrata_pb6d-zzuh@2026-09-09+socrata_igwz-8jzy@2026-09-09
609746,Kenwood Academy High School,cps_high,District,Neighborhood,"7,8,9,10,11,12",KENWOOD,"5015 S BLACKSTONE Ave, Chicago, IL 60615",41.803772,-87.590421,sourced,cps_school_profiles@2026-09-09+socrata_pb6d-zzuh@2026-09-09+socrata_igwz-8jzy@2026-09-09
609719,Lake View High School,cps_high,District,Neighborhood,"9,10,11,12",LAKE VIEW,"4015 N ASHLAND Ave, Chicago, IL 60613",41.954764,-87.668953,sourced,cps_school_profiles@2026-09-09+socrata_pb6d-zzuh@2026-09-09+socrata_igwz-8jzy@2026-09-09
609738,Lincoln Park High School,cps_high,District,Neighborhood,"9,10,11,12",LINCOLN PARK,"2001 N ORCHARD St, Chicago, IL 60614",41.918268,-87.646009,sourced,cps_school_profiles@2026-09-09+socrata_pb6d-zzuh@2026-09-09+socrata_igwz-8jzy@2026-09-09
610524,Louisa May Alcott College Preparatory HS,cps_high,District,Small,"9,10,11,12",NORTH CENTER,"2957 N HOYNE Ave, Chicago, IL 60618-8208",41.935795,-87.680562,sourced,cps_school_profiles@2026-09-09+socrata_pb6d-zzuh@2026-09-09+socrata_igwz-8jzy@2026-09-09
609722,Manley Career Academy High School,cps_high,District,Neighborhood,"9,10,11,12",EAST GARFIELD PARK,"2935 W POLK St, Chicago, IL 60612",41.870939,-87.699896,sourced,cps_school_profiles@2026-09-09+socrata_pb6d-zzuh@2026-09-09+socrata_igwz-8jzy@2026-09-09
609756,Marie Sklodowska Curie Metropolitan High School,cps_high,District,Magnet,"9,10,11,12",ARCHER HEIGHTS,"4959 S ARCHER Ave, Chicago, IL 60632",41.80306,-87.722042,sourced,cps_school_profiles@2026-09-09+socrata_pb6d-zzuh@2026-09-09+socrata_igwz-8jzy@2026-09-09
610244,Michele Clark Academic Prep Magnet High School,cps_high,District,Magnet,"9,10,11,12",AUSTIN,"5101 W HARRISON St, Chicago, IL 60644",41.872885,-87.753325,sourced,cps_school_profiles@2026-09-09+socrata_pb6d-zzuh@2026-09-09+socrata_igwz-8jzy@2026-09-09
609780,Military Leadership Academy,cps_high,District,Military academy,"7,8,9,10,11,12",LOGAN SQUARE,"1920 N HAMLIN Ave, Chicago, IL 60647",41.916045,-87.721742,sourced,cps_school_profiles@2026-09-09+socrata_pb6d-zzuh@2026-09-09+socrata_igwz-8jzy@2026-09-09
609725,Morgan Park High School,cps_high,District,Neighborhood,"7,8,9,10,11,12",MORGAN PARK,"1744 W PRYOR Ave, Chicago, IL 60643",41.692035,-87.665658,sourced,cps_school_profiles@2026-09-09+socrata_pb6d-zzuh@2026-09-09+socrata_igwz-8jzy@2026-09-09
610385,Multicultural Arts High School,cps_high,District,Small,"9,10,11,12",SOUTH LAWNDALE,"3120 S KOSTNER Ave, Chicago, IL 60623",41.835282,-87.735283,sourced,cps_school_profiles@2026-09-09+socrata_pb6d-zzuh@2026-09-09+socrata_igwz-8jzy@2026-09-09
609783,Nancy B Jefferson Alternative High School,cps_high,District,Citywide-Option,"6,7,8,9,10,11,12",NEAR WEST SIDE,"1100 S HAMILTON Ave, Chicago, IL 60612",41.867832,-87.680418,sourced,cps_school_profiles@2026-09-09+socrata_pb6d-zzuh@2026-09-09+socrata_igwz-8jzy@2026-09-09
609692,Neal F Simeon Career Academy High School,cps_high,District,Career academy,"9,10,11,12",CHATHAM,"8147 S VINCENNES Ave, Chicago, IL 60620",41.745781,-87.63541,sourced,cps_school_profiles@2026-09-09+socrata_pb6d-zzuh@2026-09-09+socrata_igwz-8jzy@2026-09-09
609730,Nicholas Senn High School,cps_high,District,Neighborhood,"9,10,11,12",EDGEWATER,"5900 N GLENWOOD Ave, Chicago, IL 60660",41.989029,-87.667136,sourced,cps_school_profiles@2026-09-09+socrata_pb6d-zzuh@2026-09-09+socrata_igwz-8jzy@2026-09-09
609691,North-Grand High School,cps_high,District,Neighborhood,"9,10,11,12",HUMBOLDT PARK,"4338 W WABANSIA Ave, Chicago, IL 60639",41.911674,-87.735238,sourced,cps_school_profiles@2026-09-09+socrata_pb6d-zzuh@2026-09-09+socrata_igwz-8jzy@2026-09-09
609749,Northside College Preparatory High School,cps_high,District,Selective enrollment,"9,10,11,12",NORTH PARK,"5501 N KEDZIE Ave, Chicago, IL 60625",41.981315,-87.708708,sourced,cps_school_profiles@2026-09-09+socrata_pb6d-zzuh@2026-09-09+socrata_igwz-8jzy@2026-09-09
609744,Northside Learning Center High School,cps_high,District,Special Education,"9,10,11,12",NORTH PARK,"3730 W BRYN MAWR Ave, Chicago, IL 60659",41.982973,-87.722386,sourced,cps_school_profiles@2026-09-09+socrata_pb6d-zzuh@2026-09-09+socrata_igwz-8jzy@2026-09-09
610529,Ogden International High School,cps_high,District,Neighborhood,"9,10,11,12",WEST TOWN,"1250 W ERIE St, Chicago, IL 60642",41.893548,-87.659405,sourced,cps_school_profiles@2026-09-09+socrata_pb6d-zzuh@2026-09-09+socrata_igwz-8jzy@2026-09-09
610389,Orr Academy High School,cps_high,District,Neighborhood,"9,10,11,12",HUMBOLDT PARK,"730 N PULASKI Rd, Chicago, IL 60624",41.894547,-87.72666,sourced,cps_school_profiles@2026-09-09+socrata_pb6d-zzuh@2026-09-09+socrata_igwz-8jzy@2026-09-09
609676,Paul Laurence Dunbar Career Academy High School,cps_high,District,Career academy,"9,10,11,12",DOUGLAS,"3000 S KING Dr, Chicago, IL 60616",41.840226,-87.617637,sourced,cps_school_profiles@2026-09-09+socrata_pb6d-zzuh@2026-09-09+socrata_igwz-8jzy@2026-09-09
610386,Peace & Education Coalition HS,cps_high,District,Citywide-Option,"10,11,12",NEW CITY,"4946 S PAULINA St, Chicago, IL 60609",41.803515,-87.667378,sourced,cps_school_profiles@2026-09-09+socrata_pb6d-zzuh@2026-09-09+socrata_igwz-8jzy@2026-09-09
609762,Percy L Julian High School,cps_high,District,Neighborhood,"9,10,11,12",WASHINGTON HEIGHTS,"10330 S ELIZABETH St, Chicago, IL 60643",41.705859,-87.653749,sourced,cps_school_profiles@2026-09-09+socrata_pb6d-zzuh@2026-09-09+socrata_igwz-8jzy@2026-09-09
610304,Phoenix Military Academy High School,cps_high,District,Military academy,"9,10,11,12",NEAR WEST SIDE,"145 S CAMPBELL Ave, Chicago, IL 60612",41.879118,-87.68696,sourced,cps_school_profiles@2026-09-09+socrata_pb6d-zzuh@2026-09-09+socrata_igwz-8jzy@2026-09-09
609769,Ray Graham Training Center High School,cps_high,District,Special Education,12,NEAR SOUTH SIDE,"2347 S WABASH Ave, Chicago, IL 60616",41.849675,-87.625315,sourced,cps_school_profiles@2026-09-09+socrata_pb6d-zzuh@2026-09-09+socrata_igwz-8jzy@2026-09-09
610561,Richard T Crane Medical Preparatory HS,cps_high,District,Magnet,"9,10,11,12",NEAR WEST SIDE,"2245 W JACKSON Blvd, Chicago, IL 60612",41.876947,-87.683301,sourced,cps_school_profiles@2026-09-09+socrata_pb6d-zzuh@2026-09-09+socrata_igwz-8jzy@2026-09-09
609695,Roald Amundsen High School,cps_high,District,Neighborhood,"9,10,11,12",LINCOLN SQUARE,"5110 N DAMEN Ave, Chicago, IL 60625",41.975067,-87.679484,sourced,cps_school_profiles@2026-09-09+socrata_pb6d-zzuh@2026-09-09+socrata_igwz-8jzy@2026-09-09
610391,Robert Lindblom Math & Science Academy HS,cps_high,District,Selective enrollment,"7,8,9,10,11,12",WEST ENGLEWOOD,"6130 S WOLCOTT Ave, Chicago, IL 60636",41.782041,-87.671662,sourced,cps_school_profiles@2026-09-09+socrata_pb6d-zzuh@2026-09-09+socrata_igwz-8jzy@2026-09-09
609759,Roberto Clemente Community Academy High School,cps_high,District,Neighborhood,"9,10,11,12",WEST TOWN,"1147 N WESTERN Ave, Chicago, IL 60622",41.902626,-87.686906,sourced,cps_school_profiles@2026-09-09+socrata_pb6d-zzuh@2026-09-09+socrata_igwz-8jzy@2026-09-09
609733,Roger C Sullivan High School,cps_high,District,Neighborhood,"9,10,11,12",ROGERS PARK,"6631 N BOSWORTH Ave, Chicago, IL 60626",42.002688,-87.669192,sourced,cps_school_profiles@2026-09-09+socrata_pb6d-zzuh@2026-09-09+socrata_igwz-8jzy@2026-09-09
610558,Sarah E. Goode STEM Academy,cps_high,District,Citywide-Option,"9,10,11,12",ASHBURN,"7651 S HOMAN Ave, Chicago, IL 60652",41.75375,-87.707345,sourced,cps_school_profiles@2026-09-09+socrata_pb6d-zzuh@2026-09-09+socrata_igwz-8jzy@2026-09-09
609750,Simpson Academy HS for Young Women,cps_high,District,Citywide-Option,"6,7,8,9,10,11,12",NEAR WEST SIDE,"1321 S PAULINA St, Chicago, IL 60608",41.864365,-87.668722,sourced,cps_school_profiles@2026-09-09+socrata_pb6d-zzuh@2026-09-09+socrata_igwz-8jzy@2026-09-09
610547,South Shore Intl College Prep High School,cps_high,District,Selective enrollment,"9,10,11,12",SOUTH SHORE,"1955 E 75TH St, Chicago, IL 60649",41.758792,-87.576353,sourced,cps_school_profiles@2026-09-09+socrata_pb6d-zzuh@2026-09-09+socrata_igwz-8jzy@2026-09-09
609745,Southside Occupational Academy High School,cps_high,District,Special Education,12,WEST ENGLEWOOD,"7342 S HOYNE Ave, Chicago, IL 60636",41.759852,-87.675947,sourced,cps_school_profiles@2026-09-09+socrata_pb6d-zzuh@2026-09-09+socrata_igwz-8jzy@2026-09-09
610357,Spry Community Links High School,cps_high,District,Neighborhood,"9,10,11,12",SOUTH LAWNDALE,"2400 S MARSHALL Blvd, Chicago, IL 60623",41.847762,-87.698946,sourced,cps_school_profiles@2026-09-09+socrata_pb6d-zzuh@2026-09-09+socrata_igwz-8jzy@2026-09-09
609724,Stephen T Mather High School,cps_high,District,Neighborhood,"9,10,11,12",WEST RIDGE,"5835 N LINCOLN Ave, Chicago, IL 60659",41.987589,-87.702496,sourced,cps_school_profiles@2026-09-09+socrata_pb6d-zzuh@2026-09-09+socrata_igwz-8jzy@2026-09-09
610513,Tammera L Holmes Aero Academy,cps_high,District,Military academy,"9,10,11,12",ARMOUR SQUARE,"3630 S WELLS St, Chicago, IL 60609",41.828145,-87.632757,sourced,cps_school_profiles@2026-09-09+socrata_pb6d-zzuh@2026-09-09+socrata_igwz-8jzy@2026-09-09
610597,The Virtual Academy High School,cps_high,District,Virtual,"9,10,11,12",NEAR WEST SIDE,"1326 W 14TH, Chicago, IL 60608-1410",41.863452,-87.659946,sourced,cps_school_profiles@2026-09-09+socrata_pb6d-zzuh@2026-09-09+socrata_igwz-8jzy@2026-09-09
609728,Theodore Roosevelt High School,cps_high,District,Neighborhood,"9,10,11,12",ALBANY PARK,"3436 W WILSON Ave, Chicago, IL 60625",41.964828,-87.714819,sourced,cps_school_profiles@2026-09-09+socrata_pb6d-zzuh@2026-09-09+socrata_igwz-8jzy@2026-09-09
609715,Thomas Kelly College Preparatory,cps_high,District,Neighborhood,"9,10,11,12",BRIGHTON PARK,"4136 S CALIFORNIA Ave, Chicago, IL 60632",41.818729,-87.694639,sourced,cps_school_profiles@2026-09-09+socrata_pb6d-zzuh@2026-09-09+socrata_igwz-8jzy@2026-09-09
610394,Uplift Community High School,cps_high,District,Small,"9,10,11,12",UPTOWN,"900 W WILSON Ave, Chicago, IL 60640",41.965547,-87.652473,sourced,cps_school_profiles@2026-09-09+socrata_pb6d-zzuh@2026-09-09+socrata_igwz-8jzy@2026-09-09
610587,Walter Henri Dyett High School for the Arts,cps_high,District,Neighborhood,"9,10,11,12",WASHINGTON PARK,"555 E 51ST, Chicago, IL 60615-2452",41.801204,-87.612239,sourced,cps_school_profiles@2026-09-09+socrata_pb6d-zzuh@2026-09-09+socrata_igwz-8jzy@2026-09-09
609680,Walter Payton College Preparatory High School,cps_high,District,Selective enrollment,"9,10,11,12",NEAR NORTH SIDE,"1034 N WELLS St, Chicago, IL 60610",41.901575,-87.635385,sourced,cps_school_profiles@2026-09-09+socrata_pb6d-zzuh@2026-09-09+socrata_igwz-8jzy@2026-09-09
609740,Wells Community Academy High School,cps_high,District,Neighborhood,"9,10,11,12",WEST TOWN,"936 N ASHLAND Ave, Chicago, IL 60622",41.898995,-87.667483,sourced,cps_school_profiles@2026-09-09+socrata_pb6d-zzuh@2026-09-09+socrata_igwz-8jzy@2026-09-09
609727,Wendell Phillips Academy High School,cps_high,District,Neighborhood,"9,10,11,12",DOUGLAS,"244 E PERSHING Rd, Chicago, IL 60653",41.82388,-87.619796,sourced,cps_school_profiles@2026-09-09+socrata_pb6d-zzuh@2026-09-09+socrata_igwz-8jzy@2026-09-09
609755,Whitney M Young Magnet High School,cps_high,District,Selective enrollment,"7,8,9,10,11,12",NEAR WEST SIDE,"211 S LAFLIN St, Chicago, IL 60607",41.878603,-87.664233,sourced,cps_school_profiles@2026-09-09+socrata_pb6d-zzuh@2026-09-09+socrata_igwz-8jzy@2026-09-09
609734,William Howard Taft High School,cps_high,District,Neighborhood,"7,8,9,10,11,12",NORWOOD PARK,"6530 W BRYN MAWR Ave, Chicago, IL 60631",41.982961,-87.791547,sourced,cps_school_profiles@2026-09-09+socrata_pb6d-zzuh@2026-09-09+socrata_igwz-8jzy@2026-09-09
609698,William J Bogan High School,cps_high,District,Neighborhood,"9,10,11,12",ASHBURN,"3939 W 79TH St, Chicago, IL 60652",41.749376,-87.721097,sourced,cps_school_profiles@2026-09-09+socrata_pb6d-zzuh@2026-09-09+socrata_igwz-8jzy@2026-09-09
609678,William Jones College Preparatory High School,cps_high,District,Selective enrollment,"9,10,11,12",LOOP,"700 S STATE St, Chicago, IL 60605",41.873066,-87.627675,sourced,cps_school_profiles@2026-09-09+socrata_pb6d-zzuh@2026-09-09+socrata_igwz-8jzy@2026-09-09
610392,World Language Academy High School,cps_high,District,Small,"9,10,11,12",SOUTH LAWNDALE,"3120 S KOSTNER Ave, Chicago, IL 60623",41.834397,-87.735292,sourced,cps_school_profiles@2026-09-09+socrata_pb6d-zzuh@2026-09-09+socrata_igwz-8jzy@2026-09-09
400147,Chicago Excel Academy HS,other_alt,Contract,Citywide-Option,"9,10,11,12",MORGAN PARK,"1257 W 111TH St, Chicago, IL 60643",41.691969,-87.653727,unverified,cps_school_profiles@2026-09-09+socrata_pb6d-zzuh@2026-09-09+socrata_igwz-8jzy@2026-09-09
400091,Chicago Technology Academy High School,other_alt,Contract,Contract,"9,10,11,12",NEAR WEST SIDE,"1301 W 14TH St, Chicago, IL 60608",41.863301,-87.659095,unverified,cps_school_profiles@2026-09-09+socrata_pb6d-zzuh@2026-09-09+socrata_igwz-8jzy@2026-09-09
400176,Excel Academy Southwest,other_alt,Contract,Citywide-Option,"9,10,11,12",CHICAGO LAWN,"7050 S WASHTENAW Ave, Chicago, IL 60629-1924",41.764988,-87.690957,unverified,cps_school_profiles@2026-09-09+socrata_pb6d-zzuh@2026-09-09+socrata_igwz-8jzy@2026-09-09
610565,Excel Academy of Englewood,other_alt,Contract,Citywide-Option,"9,10,11,12",ENGLEWOOD,"7141 S MORGAN, Chicago, IL 60621-5000",41.763896,-87.649124,unverified,cps_school_profiles@2026-09-09+socrata_pb6d-zzuh@2026-09-09+socrata_igwz-8jzy@2026-09-09
400175,Excel Academy of South Shore,other_alt,Contract,Citywide-Option,"9,10,11,12",SOUTH SHORE,"7530 S SOUTH SHORE Dr, Chicago, IL 60649",41.759749,-87.556487,unverified,cps_school_profiles@2026-09-09+socrata_pb6d-zzuh@2026-09-09+socrata_igwz-8jzy@2026-09-09
610593,Ombudsman Chicago - Roseland,other_alt,ALOP,Citywide-Option,"9,10,11,12",MORGAN PARK,"10928 S HALSTED, Chicago, IL 60628-3128",41.695105,-87.642816,unverified,cps_school_profiles@2026-09-09+socrata_pb6d-zzuh@2026-09-09+socrata_igwz-8jzy@2026-09-09
610570,Ombudsman Chicago - South,other_alt,ALOP,Citywide-Option,"9,10,11,12",CHICAGO LAWN,"6057 S WESTERN Ave, Chicago, IL 60636",41.783027,-87.683635,unverified,cps_school_profiles@2026-09-09+socrata_pb6d-zzuh@2026-09-09+socrata_igwz-8jzy@2026-09-09
610569,Ombudsman Chicago- Northwest,other_alt,ALOP,Citywide-Option,"9,10,11,12",EDISON PARK,"7500 N HARLEM Ave, Chicago, IL 60631",42.017171,-87.806682,unverified,cps_school_profiles@2026-09-09+socrata_pb6d-zzuh@2026-09-09+socrata_igwz-8jzy@2026-09-09
610571,Ombudsman Chicago- West,other_alt,ALOP,Citywide-Option,"9,10,11,12",NORTH LAWNDALE,"3210 W ROOSEVELT Rd, Chicago, IL 60624-4332",41.866426,-87.706137,unverified,cps_school_profiles@2026-09-09+socrata_pb6d-zzuh@2026-09-09+socrata_igwz-8jzy@2026-09-09
610594,Pathways in Education - Humboldt Park,other_alt,ALOP,Citywide-Option,"9,10,11,12",WEST TOWN,"2421 W DIVISION, Chicago, IL 60622-2941",41.902841,-87.687946,unverified,cps_school_profiles@2026-09-09+socrata_pb6d-zzuh@2026-09-09+socrata_igwz-8jzy@2026-09-09
610557,Pathways in Education- Ashburn,other_alt,ALOP,Citywide-Option,"9,10,11,12",ASHBURN,"3284 W 87TH St, Chicago, IL 60652",41.735239,-87.70406,unverified,cps_school_profiles@2026-09-09+socrata_pb6d-zzuh@2026-09-09+socrata_igwz-8jzy@2026-09-09
610568,Pathways in Education- Avondale,other_alt,ALOP,Citywide-Option,"9,10,11,12",AVONDALE,"2936 W BELMONT Ave, Chicago, IL 60618-5842",41.939433,-87.705206,unverified,cps_school_profiles@2026-09-09+socrata_pb6d-zzuh@2026-09-09+socrata_igwz-8jzy@2026-09-09
400173,Pathways in Education- Brighton Park,other_alt,ALOP,Citywide-Option,"9,10,11,12",BRIGHTON PARK,"3124 W 47TH St, Chicago, IL 60632",41.808226,-87.702645,unverified,cps_school_profiles@2026-09-09+socrata_pb6d-zzuh@2026-09-09+socrata_igwz-8jzy@2026-09-09
610601,SAFE Achieve Academy West HS,other_alt,SAFE,Citywide-Option,"9,10,11,12",WEST GARFIELD PARK,"230 N KOLMAR, Chicago, IL 60624-2120",41.8843,-87.73925,unverified,cps_school_profiles@2026-09-09+socrata_pb6d-zzuh@2026-09-09+socrata_igwz-8jzy@2026-09-09
610572,Safe Achieve Academy Elementary,other_alt,SAFE,Citywide-Option,"6,7,8",SOUTH SHORE,"7877 S COLES Ave, Chicago, IL 60649-4817",41.753117,-87.550513,unverified,cps_school_profiles@2026-09-09+socrata_pb6d-zzuh@2026-09-09+socrata_igwz-8jzy@2026-09-09
610573,Safe Achieve Academy HS,other_alt,SAFE,Citywide-Option,"9,10,11,12",SOUTH SHORE,"7877 S COLES Ave, Chicago, IL 60649-4817",41.753115,-87.551804,unverified,cps_school_profiles@2026-09-09+socrata_pb6d-zzuh@2026-09-09+socrata_igwz-8jzy@2026-09-09
